{
"type": "FeatureCollection",
"name": "T13_01_TerminoMunicipal",
"crs": { "type": "name", "properties": { "name": "urn:ogc:def:crs:OGC:1.3:CRS84" } },
"features": [
{ "type": "Feature", "properties": { "cod_mun": "29067", "nombre": "Málaga", "provincia": "Málaga" }, "geometry": { "type": "MultiPolygon", "coordinates": [ [ [ [ -4.571259216547785, 36.717090429056938 ], [ -4.569652323302532, 36.716805143743208 ], [ -4.568977604638488, 36.716660804865256 ], [ -4.568825870623981, 36.716356332983239 ], [ -4.568382551939827, 36.7160286622508 ], [ -4.567352988968427, 36.715501383523254 ], [ -4.566362540105316, 36.714694159207355 ], [ -4.565687161089593, 36.713963897835434 ], [ -4.565233641512486, 36.713131570917568 ], [ -4.5648177203135, 36.712497053493792 ], [ -4.564301448567256, 36.711881881304535 ], [ -4.561471202362922, 36.709433445180494 ], [ -4.561293176307831, 36.709280290774615 ], [ -4.561104993738771, 36.708832063810121 ], [ -4.561294784278024, 36.708252693132664 ], [ -4.562993712819487, 36.705904824077734 ], [ -4.563387190816594, 36.704881084400284 ], [ -4.563447403213846, 36.704537773866271 ], [ -4.563351182098626, 36.703655674325127 ], [ -4.563238604557792, 36.703071248551339 ], [ -4.563062348677536, 36.702658923228391 ], [ -4.562417399855319, 36.701765999372533 ], [ -4.561939708005731, 36.701393675293744 ], [ -4.561684301619223, 36.701270831724585 ], [ -4.56152144077167, 36.701191843128626 ], [ -4.560689286213976, 36.701004450954578 ], [ -4.560142195716187, 36.701074711527646 ], [ -4.559180121034789, 36.701105336686631 ], [ -4.558383729398355, 36.701025626914387 ], [ -4.557258150658885, 36.701274711277563 ], [ -4.556380032232775, 36.701583647055685 ], [ -4.555488728596271, 36.701793595540778 ], [ -4.555242702188361, 36.701805824358914 ], [ -4.554795414026394, 36.701829686728168 ], [ -4.554122303820016, 36.701757351967075 ], [ -4.553479684719516, 36.701531369642922 ], [ -4.552939966305283, 36.701412217481781 ], [ -4.552368850752939, 36.701401630482145 ], [ -4.551841413186013, 36.701336396722077 ], [ -4.550997543428443, 36.701122038443167 ], [ -4.55080403369927, 36.700962309026558 ], [ -4.550774227494605, 36.700593126124787 ], [ -4.55083088334664, 36.700069588859478 ], [ -4.551299946806918, 36.698900679086435 ], [ -4.551723870945181, 36.698237145244882 ], [ -4.55196194538278, 36.697864470091339 ], [ -4.552109917637159, 36.697429871819743 ], [ -4.55208211153808, 36.697159816311533 ], [ -4.551709892958598, 36.696461582013725 ], [ -4.551025786843468, 36.695839522215024 ], [ -4.549813947241619, 36.695134181986887 ], [ -4.548800661337831, 36.694282031775849 ], [ -4.548551764823183, 36.694150051744529 ], [ -4.546470022667838, 36.693600213191132 ], [ -4.54583110214443, 36.693554419238971 ], [ -4.544992112758489, 36.693578832339398 ], [ -4.544768400161941, 36.693586242663699 ], [ -4.544331083139022, 36.69354683819649 ], [ -4.543634771925578, 36.693429674368957 ], [ -4.543154316926048, 36.693471950515459 ], [ -4.542864814271403, 36.693547814754524 ], [ -4.542576740358752, 36.69369577140089 ], [ -4.541882198698906, 36.694227569987319 ], [ -4.541203720004019, 36.694443668247821 ], [ -4.541073930295628, 36.69451295324658 ], [ -4.540716383419524, 36.694702367619307 ], [ -4.540430829506577, 36.694976472848822 ], [ -4.540077580781533, 36.695224420403015 ], [ -4.539543676420257, 36.695393577971856 ], [ -4.538883018002423, 36.695942948958219 ], [ -4.538617319594568, 36.696090606861937 ], [ -4.537938037799451, 36.69682950642575 ], [ -4.537870919228625, 36.696884457310055 ], [ -4.537541445622549, 36.697150109162401 ], [ -4.537162577094781, 36.697236127926843 ], [ -4.535753084909238, 36.697281354126488 ], [ -4.535415929177152, 36.697213591918107 ], [ -4.53434277968138, 36.696722638938027 ], [ -4.533196425736797, 36.695926144342607 ], [ -4.532502721861889, 36.695376211674478 ], [ -4.53088230159197, 36.694378475243532 ], [ -4.530418853010006, 36.694150062370596 ], [ -4.530160404452785, 36.69409930104748 ], [ -4.528636918065956, 36.694037740040294 ], [ -4.527762291676015, 36.693958819688014 ], [ -4.526970621987413, 36.69411319203391 ], [ -4.526392289409225, 36.694300888665737 ], [ -4.525483217589027, 36.694745203638647 ], [ -4.524370048469428, 36.695056915967982 ], [ -4.523460066474454, 36.695456157428737 ], [ -4.522101751870355, 36.695825069725473 ], [ -4.521790713661012, 36.695946219185508 ], [ -4.521377904587039, 36.696014593763437 ], [ -4.521031173086623, 36.696028038747599 ], [ -4.519013993072571, 36.696477435913899 ], [ -4.518424608798856, 36.696674249130467 ], [ -4.517537175029369, 36.696514291391921 ], [ -4.517408869528881, 36.696482124617383 ], [ -4.51653589035451, 36.696256623740254 ], [ -4.516072470945159, 36.696028163361675 ], [ -4.515996666355206, 36.695587443692688 ], [ -4.516374186309249, 36.694861516597456 ], [ -4.516530890520611, 36.694291648388827 ], [ -4.516534822691682, 36.693922024966376 ], [ -4.516033610421617, 36.693477701024563 ], [ -4.516057144531853, 36.693375993969262 ], [ -4.5161368414184, 36.693034710009876 ], [ -4.517643390837105, 36.691095542662453 ], [ -4.517931190723826, 36.690575831499736 ], [ -4.518378453350589, 36.689770136211493 ], [ -4.518676676542579, 36.689568033356863 ], [ -4.520285175218372, 36.688835406550929 ], [ -4.520524247538457, 36.688471793731999 ], [ -4.521024237134497, 36.688285135775608 ], [ -4.521591527262066, 36.688106620521552 ], [ -4.525222936121823, 36.687230899679605 ], [ -4.525026431001697, 36.684646403477231 ], [ -4.524850223906058, 36.683657121920255 ], [ -4.52479816475265, 36.682720342856712 ], [ -4.523505066753107, 36.682980257321596 ], [ -4.521273168647737, 36.683306241705864 ], [ -4.521470074988054, 36.681032207822973 ], [ -4.521519386797472, 36.680463695850975 ], [ -4.523465798689572, 36.67871715872112 ], [ -4.523359596316402, 36.678439083733281 ], [ -4.523142935962807, 36.67823452477478 ], [ -4.523127494604727, 36.678018395377329 ], [ -4.524313754330281, 36.676317604829016 ], [ -4.52496350491159, 36.675218599464259 ], [ -4.524915196886313, 36.675038938188777 ], [ -4.524064227957272, 36.67387800486852 ], [ -4.523981294260385, 36.673644702344447 ], [ -4.524007568018785, 36.673274800906022 ], [ -4.524993998734623, 36.671179944612518 ], [ -4.525049366528202, 36.671062053377938 ], [ -4.526638451316683, 36.671068740189604 ], [ -4.526766976453354, 36.670210770806285 ], [ -4.525444248454272, 36.669524622843859 ], [ -4.525125327349344, 36.669240260014483 ], [ -4.525384924697299, 36.668786234190449 ], [ -4.525809470682721, 36.668185870052831 ], [ -4.525150326172503, 36.667103619489829 ], [ -4.52620983096591, 36.66692780071925 ], [ -4.527336281756909, 36.666742099851504 ], [ -4.528372868629755, 36.666539513855838 ], [ -4.528318855707225, 36.666071478692345 ], [ -4.528458584704378, 36.662950855408894 ], [ -4.528714224558693, 36.66183885008035 ], [ -4.529190059949763, 36.659768548908851 ], [ -4.529760360400588, 36.652964688283085 ], [ -4.529917744040847, 36.651871969328262 ], [ -4.529717450317762, 36.651360742710118 ], [ -4.532239956946822, 36.649940181473966 ], [ -4.53338404530863, 36.649528857040352 ], [ -4.534497062208771, 36.649244109402566 ], [ -4.535163269318724, 36.64899215390696 ], [ -4.535371465865018, 36.648773133394776 ], [ -4.535591660348705, 36.648031144368289 ], [ -4.535707441469356, 36.647101215782456 ], [ -4.538619497035562, 36.645594371071873 ], [ -4.537551501704383, 36.643075230795283 ], [ -4.537101769780143, 36.642395969487964 ], [ -4.536080476419973, 36.641660971965209 ], [ -4.535431793914572, 36.6411014521479 ], [ -4.534932526247069, 36.640060672740425 ], [ -4.534533057323006, 36.640100857708362 ], [ -4.53352834801986, 36.639953609594315 ], [ -4.532272836955095, 36.638784412789434 ], [ -4.530762266133467, 36.637580026493971 ], [ -4.529923067360381, 36.636552814214426 ], [ -4.52960535502216, 36.636166045551455 ], [ -4.529353389840519, 36.635887357601064 ], [ -4.529118582119041, 36.635672529709439 ], [ -4.528998348444681, 36.635622810285319 ], [ -4.528895028291343, 36.635624136546156 ], [ -4.528697454997687, 36.635684335316341 ], [ -4.528540265675794, 36.635776051458151 ], [ -4.528143114138691, 36.636197623673262 ], [ -4.52745011231608, 36.636533272072214 ], [ -4.527182142563294, 36.636652042999742 ], [ -4.526984059533549, 36.636686618543713 ], [ -4.525664248609351, 36.636684295315142 ], [ -4.524933253634202, 36.636706465349555 ], [ -4.524145480409506, 36.636671685534282 ], [ -4.523886839187347, 36.636660734649929 ], [ -4.523630472942127, 36.636641488212113 ], [ -4.52332723835949, 36.636668614024153 ], [ -4.522996871512182, 36.636736766435916 ], [ -4.522631825301142, 36.636875094010939 ], [ -4.521128142046461, 36.637783444595961 ], [ -4.518024146086443, 36.638723793404885 ], [ -4.515608929962451, 36.639120657195477 ], [ -4.513540319844394, 36.639542120538643 ], [ -4.511264081578838, 36.640041738703097 ], [ -4.50981551374448, 36.640035465547328 ], [ -4.509465257471296, 36.63950074649221 ], [ -4.509373481541089, 36.639151027890236 ], [ -4.50936781659749, 36.638860125500138 ], [ -4.509411884337302, 36.63839743368424 ], [ -4.509449179381609, 36.638131658913998 ], [ -4.509400376503025, 36.637807076728002 ], [ -4.50929274925784, 36.637595275816054 ], [ -4.509160665960937, 36.637347602178366 ], [ -4.509110161499376, 36.637060693158809 ], [ -4.508958928788817, 36.637366248228709 ], [ -4.508712942125591, 36.637675004489189 ], [ -4.507999903124403, 36.638216892148307 ], [ -4.507290873521894, 36.638708462384173 ], [ -4.506524156409023, 36.639313361929247 ], [ -4.505751177071247, 36.639596596453039 ], [ -4.505235833745589, 36.639711360379465 ], [ -4.504816015454556, 36.639598067038669 ], [ -4.504449068079838, 36.639545003485175 ], [ -4.504091142383257, 36.639546314954949 ], [ -4.503873255586128, 36.639590738337013 ], [ -4.504056922664853, 36.639832015525883 ], [ -4.504100352902802, 36.640020573364339 ], [ -4.504098134657469, 36.640315487815492 ], [ -4.5039338695272, 36.640663720579823 ], [ -4.504029133489428, 36.640858032908248 ], [ -4.504129540755103, 36.641113188290092 ], [ -4.504184486134432, 36.641484297856927 ], [ -4.504062969512229, 36.641780709810376 ], [ -4.503767243170265, 36.642117784341515 ], [ -4.503298776748273, 36.642572427716786 ], [ -4.502865331980222, 36.642372755553488 ], [ -4.502786582737119, 36.643232754257781 ], [ -4.502644935446724, 36.644132000414722 ], [ -4.503177566870733, 36.644097551939943 ], [ -4.503706599338853, 36.644112183063626 ], [ -4.503799385136483, 36.644635621364387 ], [ -4.503925167217848, 36.645155974716879 ], [ -4.504038960528483, 36.645569969061704 ], [ -4.503932312998518, 36.645735696341177 ], [ -4.502840738797034, 36.646062975611564 ], [ -4.502183050553437, 36.645701605875104 ], [ -4.501742174631144, 36.64548697010143 ], [ -4.501295661613207, 36.645322377728803 ], [ -4.500859122085661, 36.645269856121232 ], [ -4.500592425589161, 36.645267114140943 ], [ -4.500348760466827, 36.645308151225628 ], [ -4.500148110365347, 36.645390949053265 ], [ -4.500018809144324, 36.64557257964011 ], [ -4.499975518510933, 36.645814801145264 ], [ -4.50000216342126, 36.646115247099054 ], [ -4.500066131717911, 36.646334673203263 ], [ -4.500038750689676, 36.64675697572531 ], [ -4.499762951051835, 36.647113980955929 ], [ -4.499286017557015, 36.64798684199301 ], [ -4.499035306803822, 36.648326222691082 ], [ -4.498468532845942, 36.648693007596655 ], [ -4.497842370274872, 36.649228198469189 ], [ -4.497409369023952, 36.649744741249663 ], [ -4.497221151405721, 36.650134703585486 ], [ -4.49672724833681, 36.650970710944719 ], [ -4.496526181137343, 36.651235790511919 ], [ -4.495916161471601, 36.652071081212441 ], [ -4.495332202597028, 36.65230286525577 ], [ -4.494903403118584, 36.652401985893007 ], [ -4.494454958213016, 36.652432249673737 ], [ -4.49408775755465, 36.652454587743719 ], [ -4.493901060098928, 36.652519117933444 ], [ -4.493804935157764, 36.652639309426306 ], [ -4.4937913488281, 36.652746747269376 ], [ -4.49380880050126, 36.652839373277281 ], [ -4.493822916405557, 36.652991533978003 ], [ -4.493087961921722, 36.652998605377633 ], [ -4.49245908180872, 36.653043779499768 ], [ -4.492235037816671, 36.653086248965032 ], [ -4.492081390894246, 36.652892568774398 ], [ -4.492040111416357, 36.652724522827242 ], [ -4.492053479530504, 36.652547679542472 ], [ -4.492118353609926, 36.652315205093949 ], [ -4.492233707465159, 36.652089309352775 ], [ -4.492422779356199, 36.651857982669583 ], [ -4.492754609629361, 36.651604143017593 ], [ -4.493315222847606, 36.651089631465389 ], [ -4.49349599016859, 36.650834069235522 ], [ -4.493594021981408, 36.650580445789799 ], [ -4.493604840496356, 36.650329718890035 ], [ -4.493561409499807, 36.650166207442496 ], [ -4.493429659146205, 36.650005606342134 ], [ -4.493190450564085, 36.649899535475477 ], [ -4.492386432384359, 36.649744719020113 ], [ -4.491643146323596, 36.649600719536103 ], [ -4.491359102429094, 36.649575720225535 ], [ -4.490983595099425, 36.649567504757343 ], [ -4.4907458027597, 36.649650706815223 ], [ -4.489690006981792, 36.650011852327133 ], [ -4.489544514042493, 36.649834291987368 ], [ -4.488764779334637, 36.649542962545752 ], [ -4.488500245820105, 36.64951562123855 ], [ -4.48787182313724, 36.649413493115375 ], [ -4.488015827731887, 36.649107018013154 ], [ -4.488001245231065, 36.649046814881103 ], [ -4.487935580264451, 36.649006161508275 ], [ -4.487745001782991, 36.6489851057704 ], [ -4.487617348390032, 36.648978587684532 ], [ -4.487272243317451, 36.648920610585094 ], [ -4.486569017281629, 36.648741428799887 ], [ -4.486021228765968, 36.6486406459777 ], [ -4.485802691764817, 36.648619935964632 ], [ -4.485464317764064, 36.648635595815179 ], [ -4.485388079121685, 36.648641324170832 ], [ -4.484752066630072, 36.648843057809017 ], [ -4.484521451682516, 36.648834205317868 ], [ -4.484254202477851, 36.648777664714252 ], [ -4.482818471353711, 36.648523693304625 ], [ -4.482243203003686, 36.648976141329285 ], [ -4.478229845892375, 36.647483153020538 ], [ -4.476273214584561, 36.646767887947043 ], [ -4.475141879493267, 36.646302716396193 ], [ -4.474562175317449, 36.646845567066087 ], [ -4.474217928791865, 36.647214241743249 ], [ -4.473747358349958, 36.647766491383216 ], [ -4.473354614703406, 36.648222299060578 ], [ -4.472937248726607, 36.648736460779723 ], [ -4.4725764026196, 36.649133072443533 ], [ -4.472304654260919, 36.649443840047041 ], [ -4.472028853109929, 36.649752791211554 ], [ -4.47184198142241, 36.649926368712883 ], [ -4.471688318520958, 36.650081507358841 ], [ -4.471568207730766, 36.650236231232029 ], [ -4.471403862520959, 36.650418534791584 ], [ -4.471228858013829, 36.650628021117953 ], [ -4.471063836733691, 36.65077428518407 ], [ -4.470899500566198, 36.65095659695762 ], [ -4.47067586514681, 36.651197925968212 ], [ -4.470320390478188, 36.651534637966478 ], [ -4.470163845654615, 36.651686799539156 ], [ -4.469902055997553, 36.651939802635809 ], [ -4.469531503173221, 36.65228227813644 ], [ -4.469248044184705, 36.652634413830029 ], [ -4.469034541403619, 36.652873748866213 ], [ -4.468739725498043, 36.653134737681405 ], [ -4.468652805135333, 36.653301669040786 ], [ -4.468369688249931, 36.653652779851605 ], [ -4.468116403700981, 36.653906575609831 ], [ -4.467865436746891, 36.654182354696161 ], [ -4.467663972131251, 36.654415084826923 ], [ -4.467388129043741, 36.654657105216508 ], [ -4.467066891257868, 36.655048606111734 ], [ -4.466723625747087, 36.655436185895546 ], [ -4.466368083454499, 36.655778322565951 ], [ -4.466047178392397, 36.656094666113866 ], [ -4.465676767620061, 36.656457184376634 ], [ -4.465140776559639, 36.656991645496809 ], [ -4.464880478085514, 36.657224175363076 ], [ -4.464693104205119, 36.657409637548703 ], [ -4.464543987788937, 36.657580693154522 ], [ -4.464367442930651, 36.657779777166219 ], [ -4.464262907739802, 36.657907043586292 ], [ -4.464186316977377, 36.657998126284852 ], [ -4.464021938132737, 36.65818042018148 ], [ -4.463857740535211, 36.658371734736114 ], [ -4.463759119201338, 36.658481116166747 ], [ -4.463583059094402, 36.658688287727394 ], [ -4.463447979285613, 36.658914912629633 ], [ -4.4631936403661, 36.659196907084947 ], [ -4.462976741003371, 36.659439590297062 ], [ -4.462721829505857, 36.659698009914706 ], [ -4.462512391140145, 36.659910601733671 ], [ -4.46215989394156, 36.660294513988667 ], [ -4.461813927709277, 36.660618103838203 ], [ -4.461432549599733, 36.660980283960818 ], [ -4.460937513568474, 36.66141341009908 ], [ -4.460551231427254, 36.661700632294234 ], [ -4.460195382815034, 36.661937695219869 ], [ -4.459888828457029, 36.662086463646091 ], [ -4.459773766381689, 36.662121496799266 ], [ -4.459647857402497, 36.66214915405893 ], [ -4.459507849800193, 36.662200465707755 ], [ -4.459356173536555, 36.662216882404763 ], [ -4.459303888730726, 36.662115528658092 ], [ -4.459206075277619, 36.662053754826346 ], [ -4.459056062990793, 36.662033247036327 ], [ -4.458925828249567, 36.662006601531168 ], [ -4.458809385757182, 36.661939466862307 ], [ -4.458698518536079, 36.661875463786082 ], [ -4.458576291604762, 36.661769179402143 ], [ -4.458494106307003, 36.661742215288861 ], [ -4.458390056320581, 36.661760787699443 ], [ -4.458369550334415, 36.661823191042153 ], [ -4.458351578294105, 36.661938061454002 ], [ -4.458259639568596, 36.662074344756455 ], [ -4.458016913827761, 36.66227362596328 ], [ -4.457871267055503, 36.662425250525516 ], [ -4.457783938208563, 36.662485091562928 ], [ -4.457643134131724, 36.66254588460086 ], [ -4.457531857201738, 36.662575848414519 ], [ -4.457384327371678, 36.662630062053708 ], [ -4.457281925640053, 36.662658393631062 ], [ -4.457215331633461, 36.662611569075445 ], [ -4.457141927755597, 36.662623707901858 ], [ -4.457162688906326, 36.66267981900716 ], [ -4.4572664953496, 36.66276337135313 ], [ -4.457312355071884, 36.662836211920499 ], [ -4.457276372823099, 36.662973918951664 ], [ -4.457205302633099, 36.66307958657886 ], [ -4.457074232716058, 36.663158855915988 ], [ -4.456953572290631, 36.6632531865028 ], [ -4.456749273094942, 36.663393105893491 ], [ -4.456561892558028, 36.66349928554726 ], [ -4.456470892803932, 36.663516443712474 ], [ -4.456267854190728, 36.663636651064401 ], [ -4.45611611510362, 36.663768697278499 ], [ -4.456053398301977, 36.663916997916786 ], [ -4.455980160961029, 36.664084158452219 ], [ -4.455885923050714, 36.664126658341871 ], [ -4.455538829446217, 36.664205538260298 ], [ -4.455195610763675, 36.664210959003277 ], [ -4.455101637488321, 36.664079158436564 ], [ -4.454990928284372, 36.663946886226903 ], [ -4.45474557034839, 36.664036211986392 ], [ -4.454711822700508, 36.664111008613681 ], [ -4.454692462751114, 36.6643361378732 ], [ -4.454644226339429, 36.664443688431028 ], [ -4.45451419167673, 36.66443792135577 ], [ -4.454391089006219, 36.664131620537127 ], [ -4.45443211957425, 36.663923569752953 ], [ -4.454298351196738, 36.66396193599784 ], [ -4.454270271118196, 36.66416610575434 ], [ -4.454288197824081, 36.66432676144629 ], [ -4.454437891508246, 36.664825422942464 ], [ -4.45453054622866, 36.665001319064991 ], [ -4.45443760410798, 36.665257841743433 ], [ -4.454049706386074, 36.665936058312326 ], [ -4.453832948568887, 36.666254793310493 ], [ -4.453554205230984, 36.66658508348219 ], [ -4.453284776600556, 36.667088915891163 ], [ -4.452945081442363, 36.667834705125991 ], [ -4.452586122624819, 36.668290600702406 ], [ -4.452146921171245, 36.668839489718309 ], [ -4.451857083816304, 36.669424072659567 ], [ -4.451603269209897, 36.669970915410282 ], [ -4.451243917674193, 36.670543264827209 ], [ -4.450749933788773, 36.671155482380406 ], [ -4.450337999427321, 36.671687861248678 ], [ -4.450129829002842, 36.672023386346808 ], [ -4.449788755781995, 36.672627472744018 ], [ -4.449528326437724, 36.673028228080383 ], [ -4.449170391769302, 36.67336385296111 ], [ -4.449043183903859, 36.673399807944186 ], [ -4.448958402536782, 36.673479550760945 ], [ -4.448996170924119, 36.673622216892852 ], [ -4.449090326452989, 36.673741562378318 ], [ -4.44904920067525, 36.673879906381586 ], [ -4.448855956362815, 36.674140746128927 ], [ -4.448740663692171, 36.674225574436171 ], [ -4.448644439744865, 36.67425552720664 ], [ -4.448591604507567, 36.674328048396475 ], [ -4.448683929976311, 36.674417219247587 ], [ -4.448924842117921, 36.674540403933925 ], [ -4.448939206701146, 36.67466668780564 ], [ -4.448881183176683, 36.674794321308013 ], [ -4.448732506787484, 36.674963801534773 ], [ -4.448597221248059, 36.675011942241269 ], [ -4.448429789546557, 36.674943326738294 ], [ -4.448332286309252, 36.674896738151645 ], [ -4.448270514763885, 36.674939711542926 ], [ -4.448286329198411, 36.675021015574799 ], [ -4.448410744929935, 36.675104568103819 ], [ -4.448383882954382, 36.675259504555235 ], [ -4.448227733571449, 36.675490100456507 ], [ -4.448026642434981, 36.675597740684495 ], [ -4.4479054041354, 36.675610302427465 ], [ -4.447794217452948, 36.675663602694001 ], [ -4.447745695746777, 36.67577411051905 ], [ -4.447741860474457, 36.675958792764334 ], [ -4.447726203320006, 36.676096655342569 ], [ -4.447616416434324, 36.676215741283009 ], [ -4.447774176024255, 36.676329446800437 ], [ -4.447666234965453, 36.676554209552855 ], [ -4.447433465356962, 36.676868223935323 ], [ -4.447030025639533, 36.677528289879284 ], [ -4.446626211008719, 36.678426844737736 ], [ -4.446155937670171, 36.679194067947037 ], [ -4.445797359869831, 36.679620768929787 ], [ -4.445640836405979, 36.680056472515467 ], [ -4.445503349157872, 36.680387606712671 ], [ -4.445242942687166, 36.680755622231516 ], [ -4.445065315318336, 36.681045814433382 ], [ -4.444657038624249, 36.681536826773602 ], [ -4.444413047966092, 36.681774685220461 ], [ -4.44410751137388, 36.681935804638506 ], [ -4.443838207873803, 36.682060202176935 ], [ -4.443458703090132, 36.682200312735198 ], [ -4.443174032474632, 36.682304991995466 ], [ -4.442754373962432, 36.682159543039461 ], [ -4.44225507374228, 36.682026442190576 ], [ -4.44190423552348, 36.681864237604017 ], [ -4.441765341695311, 36.681716357923342 ], [ -4.441647733126773, 36.68154501806665 ], [ -4.441825118999057, 36.681434782040625 ], [ -4.441797187696234, 36.68134858504019 ], [ -4.441634586900082, 36.681320969808404 ], [ -4.441529899127209, 36.681239244680555 ], [ -4.441495952989451, 36.681116775619024 ], [ -4.441399927381302, 36.681069811992522 ], [ -4.44105976765959, 36.681682966742244 ], [ -4.441108051280059, 36.681867901282565 ], [ -4.44116778473416, 36.682032478594806 ], [ -4.442253013286371, 36.682342221624417 ], [ -4.443267422406763, 36.68265275911277 ], [ -4.443704989721696, 36.682784359748148 ], [ -4.443859499862042, 36.682840554735797 ], [ -4.44388608522545, 36.683431087514869 ], [ -4.443795193715027, 36.684018186371034 ], [ -4.443649819736498, 36.684623892829258 ], [ -4.443477696278721, 36.684995557276423 ], [ -4.443318096940592, 36.685439182288484 ], [ -4.443175665201013, 36.68560316243876 ], [ -4.44287511222792, 36.686215246934864 ], [ -4.442665868762207, 36.686641444554247 ], [ -4.44260405358101, 36.686777404832746 ], [ -4.442246670616767, 36.68739919043206 ], [ -4.441982817076367, 36.687654780890902 ], [ -4.441853251098027, 36.687908744430544 ], [ -4.441724525445299, 36.688306670529485 ], [ -4.441570620020658, 36.688641892972896 ], [ -4.441382371520456, 36.688910394170513 ], [ -4.441217764906511, 36.689241500086652 ], [ -4.441034418794581, 36.689613296808481 ], [ -4.44084016756216, 36.689881833753951 ], [ -4.440616918565811, 36.690032997438095 ], [ -4.440791237064613, 36.690175951383111 ], [ -4.440657860413388, 36.690425263385151 ], [ -4.440387630281453, 36.690865445670852 ], [ -4.440209306365413, 36.691154061531442 ], [ -4.440060399370905, 36.691400847509072 ], [ -4.439986268855448, 36.691627096151443 ], [ -4.439792225036736, 36.692026053549384 ], [ -4.439279198796286, 36.692726341199247 ], [ -4.439084488134325, 36.693089258210279 ], [ -4.438845219554406, 36.69346139402797 ], [ -4.438615983510648, 36.693809205330695 ], [ -4.43845389184678, 36.694088419018577 ], [ -4.438348264894705, 36.694289293992469 ], [ -4.438194200552226, 36.694569302725085 ], [ -4.438034023238667, 36.694804828533066 ], [ -4.437933006373568, 36.694969068331304 ], [ -4.437802900723116, 36.695195991713582 ], [ -4.437513394300177, 36.695551884329099 ], [ -4.437339331263438, 36.695856453425741 ], [ -4.437110947703589, 36.696243570927706 ], [ -4.436801430614189, 36.696715498186244 ], [ -4.436629619027419, 36.696954272390087 ], [ -4.436504662880415, 36.697155126603441 ], [ -4.436197190214864, 36.697603158358127 ], [ -4.435879111491927, 36.698083578621855 ], [ -4.435527398282801, 36.698566188447089 ], [ -4.435026681221506, 36.699194710620887 ], [ -4.434620773551246, 36.699618036552472 ], [ -4.43477037552317, 36.699710403439433 ], [ -4.434703712554137, 36.699881924428617 ], [ -4.434746161533245, 36.700082507695555 ], [ -4.434325051160581, 36.700569357734139 ], [ -4.434191525192647, 36.700733751713365 ], [ -4.434011482332266, 36.700988900736725 ], [ -4.433609274352031, 36.701577244320866 ], [ -4.433270609507828, 36.7019105074938 ], [ -4.433012171308333, 36.702097199630387 ], [ -4.43268455290084, 36.702464356279599 ], [ -4.432434525010132, 36.702712917676486 ], [ -4.432068431945678, 36.702982083982654 ], [ -4.431224878180315, 36.703394491760548 ], [ -4.430704497939836, 36.703537734528581 ], [ -4.430032920928549, 36.703688254146776 ], [ -4.429457128318663, 36.703799769649905 ], [ -4.429153684144047, 36.703417070272025 ], [ -4.428729907713814, 36.702623519769638 ], [ -4.428517793765624, 36.70271786491098 ], [ -4.428832465571683, 36.703318535743769 ], [ -4.429412460876679, 36.704097707315121 ], [ -4.429863629328046, 36.704558009370977 ], [ -4.429219666082516, 36.70534962495401 ], [ -4.427909097099205, 36.706818485471835 ], [ -4.42671231038422, 36.70615764688187 ], [ -4.42653862761569, 36.706035767087258 ], [ -4.426368617966435, 36.706004164013812 ], [ -4.4262300978383, 36.70613598709334 ], [ -4.426197886432997, 36.70751019856818 ], [ -4.426185056352738, 36.709105617100938 ], [ -4.426221597864098, 36.70935210158607 ], [ -4.426269187232412, 36.709578469474401 ], [ -4.426293840972556, 36.709736605276831 ], [ -4.426274335177913, 36.709879369438845 ], [ -4.425698344213179, 36.710019903823984 ], [ -4.425703869910681, 36.709818481408348 ], [ -4.425576409111952, 36.708912021068741 ], [ -4.42560365348456, 36.708799631852905 ], [ -4.425583366450047, 36.708673542665423 ], [ -4.425557002750366, 36.708598482783927 ], [ -4.425520364449453, 36.708500542047474 ], [ -4.425452733029788, 36.708073291899005 ], [ -4.425412637939712, 36.707509419164879 ], [ -4.425401733641666, 36.706846384537037 ], [ -4.425439550850921, 36.70593427542746 ], [ -4.425620463739992, 36.704818122483758 ], [ -4.426074652680062, 36.702746971192795 ], [ -4.426573601488093, 36.702535426389723 ], [ -4.426701539585902, 36.702639366707793 ], [ -4.426882870609353, 36.702157500063926 ], [ -4.42705466233038, 36.702192091838015 ], [ -4.42719440282727, 36.701787703545875 ], [ -4.427044126690311, 36.701756090074817 ], [ -4.427067246398697, 36.701600671616241 ], [ -4.42697449023217, 36.701577688994306 ], [ -4.427027269533943, 36.701403201748029 ], [ -4.427315616175064, 36.701455397460677 ], [ -4.427494062663103, 36.701452220964555 ], [ -4.427589380039407, 36.701390350001361 ], [ -4.427537356752993, 36.701306052298335 ], [ -4.427430805832896, 36.701253218588626 ], [ -4.426902636199319, 36.701152770404661 ], [ -4.426176821340915, 36.701065045254964 ], [ -4.425750844187935, 36.701112902045807 ], [ -4.425326658580284, 36.701245071593767 ], [ -4.424936430947889, 36.701495855046453 ], [ -4.424751504791223, 36.701690167702004 ], [ -4.420780905963792, 36.701252245869838 ], [ -4.420773543508691, 36.701340608679679 ], [ -4.418235535259948, 36.701075483517265 ], [ -4.418233860697995, 36.701224380142946 ], [ -4.420123999910353, 36.701412260681884 ], [ -4.41905246723561, 36.707873695938403 ], [ -4.419221667435774, 36.707894087559467 ], [ -4.419254807298062, 36.70779740403286 ], [ -4.419495442518133, 36.707825596968 ], [ -4.419782120192303, 36.707898599042402 ], [ -4.419937688666958, 36.707977608530975 ], [ -4.420023531657434, 36.708200115469069 ], [ -4.420063329017911, 36.708328965602874 ], [ -4.420161539206139, 36.708400375166548 ], [ -4.4218995354284, 36.708131440774224 ], [ -4.421931299998315, 36.708217893873666 ], [ -4.421495415615158, 36.708277193840075 ], [ -4.419805217606149, 36.708578300341998 ], [ -4.41986221961954, 36.708742298509087 ], [ -4.420193890466863, 36.70867634267065 ], [ -4.420408570238998, 36.709239918867162 ], [ -4.420562801188145, 36.709199272609702 ], [ -4.420389910218003, 36.708740157898035 ], [ -4.421108559660915, 36.708596305417672 ], [ -4.422443373769842, 36.709263582287178 ], [ -4.422859757104031, 36.710412848054048 ], [ -4.422785824220889, 36.710492559906648 ], [ -4.421173724795054, 36.710876078617396 ], [ -4.42067808473096, 36.709570980107976 ], [ -4.420538155522385, 36.70961558427426 ], [ -4.420969087099333, 36.710782350793153 ], [ -4.417328866696253, 36.711635696457272 ], [ -4.417108640338967, 36.711836628394828 ], [ -4.417286143243036, 36.712344495043936 ], [ -4.417626740316319, 36.712436772120967 ], [ -4.422995164821407, 36.711161109607566 ], [ -4.423291424736156, 36.711998480524024 ], [ -4.423251620822503, 36.712097876876783 ], [ -4.419807669295508, 36.715056332251024 ], [ -4.419547064077284, 36.714881755579661 ], [ -4.419333432492677, 36.715177188495602 ], [ -4.417989263486647, 36.714522338806454 ], [ -4.417735539670002, 36.714751127820207 ], [ -4.418293791697126, 36.716041186231791 ], [ -4.417982183406552, 36.716127134564999 ], [ -4.418792706543894, 36.716982275385895 ], [ -4.418456779519341, 36.717173754094013 ], [ -4.41378924807006, 36.718430750382794 ], [ -4.413227847174029, 36.717768159548363 ], [ -4.413240464229043, 36.717628120376766 ], [ -4.41562764457862, 36.713841982088432 ], [ -4.415231074649717, 36.713635002814733 ], [ -4.41476815817729, 36.712473733581731 ], [ -4.414861037151847, 36.712333163730882 ], [ -4.414633455391493, 36.712217063394839 ], [ -4.414475992564937, 36.711839496307569 ], [ -4.414086348408624, 36.711476991961433 ], [ -4.414366916036905, 36.711389052077685 ], [ -4.414418710279719, 36.711471627498298 ], [ -4.414656714974358, 36.71139794821724 ], [ -4.414275553834687, 36.710464103439634 ], [ -4.414025153842392, 36.710539389486947 ], [ -4.414071745355366, 36.710629526602617 ], [ -4.413770421523329, 36.710678879673466 ], [ -4.413540726811677, 36.710135426694123 ], [ -4.413453864926547, 36.709744571100408 ], [ -4.41348962872511, 36.709452117199056 ], [ -4.413976227529606, 36.708948489789655 ], [ -4.414204541811878, 36.709110031837632 ], [ -4.415682191209459, 36.707677985208136 ], [ -4.415430989565214, 36.707497220663988 ], [ -4.415436711767843, 36.707326407875208 ], [ -4.415480325707166, 36.707262790642588 ], [ -4.415488873440556, 36.707118463674817 ], [ -4.41524507156638, 36.706706823131753 ], [ -4.415515177158913, 36.706600048429998 ], [ -4.415364386883472, 36.706363662467695 ], [ -4.415076500878524, 36.706477589056973 ], [ -4.414941334041885, 36.706223754824343 ], [ -4.415194597463245, 36.706097250924991 ], [ -4.41453767290186, 36.704989422388067 ], [ -4.414264917361596, 36.705101643808447 ], [ -4.413865232923656, 36.704399345074137 ], [ -4.414719999835373, 36.699153246016259 ], [ -4.415182782060065, 36.699201378896369 ], [ -4.415241335480514, 36.698784853576981 ], [ -4.414533644147605, 36.698688548573848 ], [ -4.413555277950557, 36.704618517192664 ], [ -4.413455620337953, 36.705161212965251 ], [ -4.413363420614377, 36.705568392424013 ], [ -4.413221985003027, 36.705958497789467 ], [ -4.413069832827944, 36.70629961244628 ], [ -4.412850103641847, 36.706679144842774 ], [ -4.411296321284255, 36.70907321343126 ], [ -4.411491230790923, 36.709169696541643 ], [ -4.411551011440379, 36.709104645063192 ], [ -4.411974591757395, 36.70930342031378 ], [ -4.412043587198081, 36.709189493086669 ], [ -4.411606710631379, 36.708989685907042 ], [ -4.412546915205687, 36.707586630744586 ], [ -4.413555049915106, 36.708079856667332 ], [ -4.41300103334336, 36.708935543545977 ], [ -4.412475482722436, 36.708707929127947 ], [ -4.412494733810373, 36.708630594201267 ], [ -4.412392767882717, 36.708592169288465 ], [ -4.412253768469251, 36.708818647906725 ], [ -4.412361200385696, 36.708876163002017 ], [ -4.412418433042956, 36.708804074287301 ], [ -4.4128799046573, 36.709004361738486 ], [ -4.41278074564569, 36.70968608394837 ], [ -4.412825013589077, 36.710397806112553 ], [ -4.413103324861489, 36.711125733330974 ], [ -4.413329287363374, 36.711620068606649 ], [ -4.413658070919216, 36.712254649104587 ], [ -4.413657290600208, 36.712410034017715 ], [ -4.413593042448534, 36.712640088178745 ], [ -4.413497430470673, 36.712797239360533 ], [ -4.412972157961164, 36.713412224082035 ], [ -4.412602508897105, 36.713958357912198 ], [ -4.412326930818978, 36.714323741836886 ], [ -4.411682708702864, 36.71499119711261 ], [ -4.41123031213655, 36.715574012915795 ], [ -4.410734786315762, 36.716062284826243 ], [ -4.410280024204194, 36.716344343436134 ], [ -4.409551935844128, 36.716937504506298 ], [ -4.409306735098178, 36.717227064900257 ], [ -4.408949754677815, 36.71753618362844 ], [ -4.408606667216369, 36.717874153171721 ], [ -4.408025502167225, 36.718175502060959 ], [ -4.407542711300556, 36.718525496502707 ], [ -4.407322806193919, 36.71866671553061 ], [ -4.407010843704454, 36.718814926751506 ], [ -4.406700587006366, 36.719024196373745 ], [ -4.40644497023806, 36.719187433621023 ], [ -4.405834101383571, 36.719387912902434 ], [ -4.405118142580844, 36.71954091780367 ], [ -4.404585941765111, 36.719579903160749 ], [ -4.403940524815862, 36.719521562694162 ], [ -4.403397157956085, 36.719331509547125 ], [ -4.402962173316292, 36.719115216295826 ], [ -4.402788068249682, 36.718882298579345 ], [ -4.402651839946101, 36.718433074006853 ], [ -4.403534669191961, 36.718217190002761 ], [ -4.403580004913811, 36.718135339330139 ], [ -4.403506370600303, 36.718066195353181 ], [ -4.40117168245682, 36.718507658808903 ], [ -4.401101929839732, 36.718603416318629 ], [ -4.401172738913218, 36.718679229420474 ], [ -4.401846567938461, 36.718543069002529 ], [ -4.401944240286182, 36.718770497548611 ], [ -4.401962533504081, 36.719107940500251 ], [ -4.401833292212376, 36.719507443547982 ], [ -4.401563574748979, 36.719841211619453 ], [ -4.4012189068903, 36.720130899335793 ], [ -4.400750618234308, 36.720437139727132 ], [ -4.400367290434065, 36.72064163725193 ], [ -4.399808134569207, 36.720834004616925 ], [ -4.398710554124508, 36.721288022490725 ], [ -4.397418712307645, 36.721721821393771 ], [ -4.396476164083753, 36.72198522541035 ], [ -4.39519436074151, 36.72221642623132 ], [ -4.39431876135902, 36.72225510950085 ], [ -4.393691535252794, 36.722201070596199 ], [ -4.393058270266699, 36.722040786934713 ], [ -4.392684039582538, 36.721867021518115 ], [ -4.392490700998825, 36.721719154258778 ], [ -4.392391434867095, 36.721581994532372 ], [ -4.39274139805484, 36.720919240129682 ], [ -4.39291391314074, 36.720774122465016 ], [ -4.392864101860001, 36.72063861976558 ], [ -4.392732575733327, 36.720624141002268 ], [ -4.392639828343699, 36.720808879387732 ], [ -4.392088379038768, 36.721741420472107 ], [ -4.392001398211887, 36.721810295934205 ], [ -4.391952013992138, 36.721940369931403 ], [ -4.391793706872925, 36.722160722895573 ], [ -4.390960955469608, 36.722155153004564 ], [ -4.38904736794214, 36.722103885360468 ], [ -4.388591584572055, 36.722033386785441 ], [ -4.38817632167371, 36.722011829061422 ], [ -4.387756146194008, 36.721912021754342 ], [ -4.387246792930693, 36.721676337442716 ], [ -4.387076464108949, 36.721549619557507 ], [ -4.386934336780416, 36.721277535997643 ], [ -4.386879773343934, 36.721165504704693 ], [ -4.386615518611321, 36.721088953387721 ], [ -4.386349723676064, 36.720955342171159 ], [ -4.386072426065827, 36.720938641921734 ], [ -4.385813542404359, 36.721210159626608 ], [ -4.384838906541302, 36.721253712164291 ], [ -4.384463099991176, 36.721274751644124 ], [ -4.383408280040274, 36.721349602751019 ], [ -4.38266492605238, 36.721166691817785 ], [ -4.382342717617603, 36.721046995741411 ], [ -4.382094329582388, 36.720932697296064 ], [ -4.382068565463139, 36.720782145539339 ], [ -4.381663291898061, 36.720380171126124 ], [ -4.381465431781597, 36.720200410223768 ], [ -4.381270990997615, 36.720103989733865 ], [ -4.38070667890366, 36.720166587602748 ], [ -4.380228826082329, 36.720307792679755 ], [ -4.3795627838474, 36.720548097103475 ], [ -4.379144400365946, 36.720651407274978 ], [ -4.378926247856955, 36.720613984604988 ], [ -4.378284542918976, 36.720569262415417 ], [ -4.378184123381182, 36.72033159664818 ], [ -4.37801290472044, 36.719948514741922 ], [ -4.377888711221566, 36.719964456384041 ], [ -4.37755148422329, 36.719963005858325 ], [ -4.377480813615482, 36.720005324787593 ], [ -4.377544759799417, 36.720047924456942 ], [ -4.377831750887613, 36.720086022040142 ], [ -4.377879523300312, 36.720242395513779 ], [ -4.377826145345129, 36.720409062325814 ], [ -4.377641920189394, 36.720570284949311 ], [ -4.377368416585303, 36.720642976437752 ], [ -4.377091848680325, 36.720589225845814 ], [ -4.377074494274056, 36.720498988133357 ], [ -4.377139775218621, 36.720396842091098 ], [ -4.377100425519977, 36.720310140030804 ], [ -4.377000473967708, 36.72025274992636 ], [ -4.376885956027323, 36.720310196705583 ], [ -4.376833541661473, 36.720426841682709 ], [ -4.376949786001149, 36.720498700355726 ], [ -4.376972955025988, 36.720643694602188 ], [ -4.376812368506298, 36.720674650034958 ], [ -4.376468473538883, 36.720692509710055 ], [ -4.37631538975245, 36.720651354989783 ], [ -4.376149620983841, 36.720504214659826 ], [ -4.37603911363533, 36.720350323591305 ], [ -4.376086082271252, 36.720122309526317 ], [ -4.376288949922163, 36.720127211013917 ], [ -4.376359260040734, 36.720067157192851 ], [ -4.376276013286192, 36.720001487624678 ], [ -4.376019153782286, 36.720009785060128 ], [ -4.375746621856222, 36.720087338219265 ], [ -4.375121979715819, 36.719877641787285 ], [ -4.374997119994369, 36.719993166971541 ], [ -4.375061817562265, 36.720039049457171 ], [ -4.375135584676219, 36.720012696216322 ], [ -4.375441474247532, 36.720124199433059 ], [ -4.375384037560652, 36.720320370212278 ], [ -4.375223010471264, 36.720488009508202 ], [ -4.37499467968805, 36.720617530326287 ], [ -4.374739280590641, 36.720650092151494 ], [ -4.374445963088626, 36.720595068584522 ], [ -4.374414738441123, 36.720501060488914 ], [ -4.374490732378294, 36.720410501474269 ], [ -4.374507092932543, 36.720306911680979 ], [ -4.374395798301149, 36.720239969221623 ], [ -4.374292721280351, 36.720253391700204 ], [ -4.374234095167811, 36.720330814798587 ], [ -4.374202273550933, 36.720420097411584 ], [ -4.373973538374837, 36.72042894907684 ], [ -4.373764814066895, 36.720317185884831 ], [ -4.373661135884552, 36.720157922443285 ], [ -4.373597919404997, 36.719962532093994 ], [ -4.373667434039046, 36.719784142771793 ], [ -4.373933685982117, 36.719868163658703 ], [ -4.373996460812664, 36.719801753119178 ], [ -4.373924653850589, 36.719726322738502 ], [ -4.372796623298957, 36.719453772777292 ], [ -4.372648205638597, 36.719535520965557 ], [ -4.372722567928199, 36.719608020114514 ], [ -4.372831941324223, 36.719570927426815 ], [ -4.37322619543674, 36.719683183824564 ], [ -4.373157792686835, 36.720045465957547 ], [ -4.372899804172068, 36.720296717997762 ], [ -4.372662140251801, 36.720417291871676 ], [ -4.372294572045045, 36.720445715648829 ], [ -4.372006068118631, 36.720316210032202 ], [ -4.372052324343747, 36.720119863221335 ], [ -4.372153697224996, 36.720043994536667 ], [ -4.3721576680566, 36.719958792441517 ], [ -4.372065748621104, 36.719864248527365 ], [ -4.37194554435635, 36.719908126801364 ], [ -4.371867308662422, 36.720028285362766 ], [ -4.371929578521144, 36.720112155978207 ], [ -4.37188207941826, 36.720271378931756 ], [ -4.371687513837834, 36.720331618383518 ], [ -4.3713754979327, 36.720280237097413 ], [ -4.371105327319938, 36.720102941529326 ], [ -4.370950983974246, 36.719871010672129 ], [ -4.370929941196914, 36.719569694920466 ], [ -4.371163128001945, 36.719526679420049 ], [ -4.371233787148546, 36.719575497031222 ], [ -4.371347982781542, 36.719564608252661 ], [ -4.371382090600101, 36.719455117420196 ], [ -4.371297392771603, 36.719401395722763 ], [ -4.370557169082708, 36.719452523190064 ], [ -4.37004157908054, 36.719047848672353 ], [ -4.369933178049049, 36.719100008225332 ], [ -4.369933551692522, 36.71919606735139 ], [ -4.370004623951505, 36.719233532179111 ], [ -4.370083947556178, 36.719286703717287 ], [ -4.370025796913391, 36.719397399424274 ], [ -4.369874233395511, 36.719432054599096 ], [ -4.369581774233199, 36.71942996699925 ], [ -4.369353650656508, 36.71936150668013 ], [ -4.369199230901907, 36.719182288890224 ], [ -4.369074421772479, 36.719020388918629 ], [ -4.369113030136262, 36.71883814807704 ], [ -4.369210947048885, 36.718882903467943 ], [ -4.369317246201029, 36.718888305857995 ], [ -4.369321552277918, 36.718798475714465 ], [ -4.369222428408743, 36.718692663658743 ], [ -4.368107911797958, 36.71835392105811 ], [ -4.368034637325827, 36.718439036344513 ], [ -4.368077556673378, 36.718516145534274 ], [ -4.36793351447322, 36.718596674763745 ], [ -4.367729343329825, 36.718644939232959 ], [ -4.367424535943721, 36.718626375187419 ], [ -4.367082656533126, 36.718575641147616 ], [ -4.366569601765557, 36.718462492909957 ], [ -4.365993383489259, 36.718344100076131 ], [ -4.36559654584547, 36.718212703170849 ], [ -4.365582284387042, 36.718050351213009 ], [ -4.365416608335662, 36.717974027529252 ], [ -4.364696432855235, 36.717924335899035 ], [ -4.364574001449475, 36.718048728401818 ], [ -4.364667660674086, 36.718151749591762 ], [ -4.364939509597325, 36.71815871895344 ], [ -4.364930636080818, 36.718304570059985 ], [ -4.364845471160425, 36.718493698521115 ], [ -4.364585558171937, 36.718686164760669 ], [ -4.364186556310423, 36.718778671720514 ], [ -4.363713488631106, 36.71875925938091 ], [ -4.363452831835104, 36.718684354784237 ], [ -4.363137362452845, 36.71851734913642 ], [ -4.362972600088606, 36.718342478187672 ], [ -4.362930892424878, 36.718147980318264 ], [ -4.362960975663685, 36.718026792455724 ], [ -4.363239246644504, 36.718077861371079 ], [ -4.363356823030537, 36.718000471396842 ], [ -4.363339305886311, 36.717887409590816 ], [ -4.363260404139962, 36.717833056818407 ], [ -4.362487907197321, 36.717769348214311 ], [ -4.362386841860639, 36.717841455352335 ], [ -4.36237608026791, 36.717968163902917 ], [ -4.362458621521593, 36.71801306485434 ], [ -4.362581602781227, 36.718002642798247 ], [ -4.362721778309559, 36.718040159167629 ], [ -4.362689154750025, 36.718263488061147 ], [ -4.362493723060073, 36.718454219909418 ], [ -4.36218001812301, 36.71860506558221 ], [ -4.361767935479885, 36.718665218249228 ], [ -4.361383221667849, 36.718620294265371 ], [ -4.361113595119544, 36.718569293425055 ], [ -4.360763757310924, 36.718399149956461 ], [ -4.360537980820927, 36.718122897203394 ], [ -4.360538357527493, 36.717960160861594 ], [ -4.360777502009896, 36.71792411058599 ], [ -4.360876546261549, 36.717885226941007 ], [ -4.360913011942696, 36.717782914277393 ], [ -4.360830878688271, 36.717709667160328 ], [ -4.360579346251553, 36.717749879458623 ], [ -4.359846003117456, 36.717882187007291 ], [ -4.359309729361341, 36.717868770549913 ], [ -4.358961106962561, 36.717757677401835 ], [ -4.358189194053716, 36.717376528616043 ], [ -4.358084664587333, 36.717378000883983 ], [ -4.357999499515246, 36.71747326047722 ], [ -4.358033888350152, 36.717570130553888 ], [ -4.358234983749331, 36.717629961154017 ], [ -4.358199243689045, 36.717755241767648 ], [ -4.358067130240534, 36.717882947191804 ], [ -4.357844972353971, 36.717984637435571 ], [ -4.357610678571214, 36.718032371908883 ], [ -4.357375591683499, 36.718035053330553 ], [ -4.357112349904528, 36.718003666429361 ], [ -4.356714764660163, 36.717857474093933 ], [ -4.356445957527836, 36.717672557358782 ], [ -4.356333392473955, 36.71755200522653 ], [ -4.35631855412812, 36.71718697576236 ], [ -4.356488273840402, 36.71729455419198 ], [ -4.356647398913137, 36.717251717132676 ], [ -4.356661465365161, 36.717139222671832 ], [ -4.356551827962376, 36.717034862798755 ], [ -4.355888819172249, 36.716898182813587 ], [ -4.355761429557207, 36.716944416244282 ], [ -4.355722157998858, 36.71706901525927 ], [ -4.355823224371925, 36.717124707085851 ], [ -4.356003042938273, 36.717164781511173 ], [ -4.355919434522524, 36.717366568956578 ], [ -4.355642580726243, 36.717540991298883 ], [ -4.355309318555247, 36.717594472749575 ], [ -4.355018442751176, 36.717605005115722 ], [ -4.354660819028059, 36.717529256052288 ], [ -4.35434195091708, 36.71733058984492 ], [ -4.354110101172459, 36.717014316869168 ], [ -4.35414076004623, 36.716819271730046 ], [ -4.354237551064325, 36.716890454777491 ], [ -4.354418450707535, 36.716875479001395 ], [ -4.354499782520183, 36.716717283790253 ], [ -4.354430063758472, 36.716591825240393 ], [ -4.354158848761635, 36.71657533270146 ], [ -4.353957507418362, 36.71658663750717 ], [ -4.353745446061133, 36.716625106316116 ], [ -4.353578467299772, 36.716681090304775 ], [ -4.353417833401554, 36.716816650819133 ], [ -4.353047872947556, 36.717258412519747 ], [ -4.352862164947387, 36.717278281469525 ], [ -4.352441299321228, 36.717262846027076 ], [ -4.352009358924557, 36.717197506440542 ], [ -4.351761816244437, 36.717161440266494 ], [ -4.351503395006694, 36.717110290257523 ], [ -4.351215091228257, 36.717044506465989 ], [ -4.350759313748932, 36.716940717214761 ], [ -4.350004213657769, 36.716720343592371 ], [ -4.349158198998007, 36.716461441705547 ], [ -4.348373407464702, 36.716177240549406 ], [ -4.347656198769485, 36.715864532397504 ], [ -4.347258153696927, 36.715689729494358 ], [ -4.346869446219596, 36.715534686745606 ], [ -4.346503337143548, 36.715303442866599 ], [ -4.346265719335609, 36.714879004574854 ], [ -4.346235433286858, 36.714739150119371 ], [ -4.346228773912677, 36.714553867534939 ], [ -4.34616518818595, 36.714506297948368 ], [ -4.346159016977099, 36.714451642857853 ], [ -4.346118452597122, 36.714443943846831 ], [ -4.346105551375008, 36.714393078698137 ], [ -4.345991841960912, 36.714387342670115 ], [ -4.345947543449734, 36.714384445299551 ], [ -4.345955874039373, 36.714532074945367 ], [ -4.346057544893112, 36.715129293236345 ], [ -4.346007117560468, 36.715189699445901 ], [ -4.345424212814414, 36.715026310434283 ], [ -4.345656820171068, 36.714252277016676 ], [ -4.345636543036085, 36.714249675828874 ], [ -4.345393743000857, 36.715019001858828 ], [ -4.345112842082864, 36.71494488953747 ], [ -4.344987681299282, 36.714910445715951 ], [ -4.345289328752343, 36.714134460917549 ], [ -4.345265662336423, 36.714135251238673 ], [ -4.34495209691526, 36.714905826955388 ], [ -4.344633188981758, 36.714815241448463 ], [ -4.344336560089155, 36.714703950331817 ], [ -4.344277361167002, 36.714580376956135 ], [ -4.344783079494979, 36.713864871845594 ], [ -4.344855208039848, 36.713816182710175 ], [ -4.34578280551425, 36.713852661542468 ], [ -4.345847084488932, 36.713877760247833 ], [ -4.346202053867332, 36.714031268066201 ], [ -4.346429239833262, 36.71423153456562 ], [ -4.346524541639245, 36.714293041637276 ], [ -4.346717726748598, 36.714308640801399 ], [ -4.346760669414355, 36.714266581647173 ], [ -4.346734366736854, 36.714190114792487 ], [ -4.346622243043793, 36.714111644293915 ], [ -4.346470841349342, 36.71406258951518 ], [ -4.346122164955403, 36.713831516698093 ], [ -4.346081278523036, 36.713737321543086 ], [ -4.34602452210086, 36.713692892681998 ], [ -4.345934655185069, 36.713675871657649 ], [ -4.345890036427435, 36.71368539938036 ], [ -4.345734998198679, 36.713709570648696 ], [ -4.34518475247851, 36.713670053073493 ], [ -4.34468586077842, 36.713636749434222 ], [ -4.34463003928345, 36.713700515197011 ], [ -4.344519883925091, 36.713860742190469 ], [ -4.34439310562866, 36.713942814869135 ], [ -4.344196207126074, 36.713931211066893 ], [ -4.343997027830644, 36.713899224656238 ], [ -4.343741934761073, 36.713847325941117 ], [ -4.343557282879485, 36.7138015093212 ], [ -4.343211454610582, 36.713715451453453 ], [ -4.342806208040183, 36.713610060547843 ], [ -4.342441536491439, 36.713490445997763 ], [ -4.342278602845812, 36.713439893364537 ], [ -4.342084155445042, 36.713395969710788 ], [ -4.341905783615576, 36.713319080016603 ], [ -4.34170614698438, 36.713245846131692 ], [ -4.341434246045223, 36.713187803963663 ], [ -4.341227946881559, 36.713145391639323 ], [ -4.34101548184188, 36.713071589025191 ], [ -4.340826738288556, 36.713036234593886 ], [ -4.340601450699897, 36.713004103898115 ], [ -4.340503333798795, 36.712956775941286 ], [ -4.340405711825679, 36.712944372182207 ], [ -4.340311573847348, 36.712851522837688 ], [ -4.340173343321673, 36.712831364278657 ], [ -4.339997420775059, 36.712728997144332 ], [ -4.339864692410865, 36.71267171006518 ], [ -4.339702831023737, 36.712616301193343 ], [ -4.339616891675949, 36.712639623598918 ], [ -4.339539051295968, 36.712581294698381 ], [ -4.339242290411078, 36.71256145883806 ], [ -4.338772760741098, 36.712602797714887 ], [ -4.338638593162895, 36.712638659727332 ], [ -4.338538313857599, 36.712641482186569 ], [ -4.338385048441752, 36.712662667300364 ], [ -4.338012043299551, 36.712638385377169 ], [ -4.337765308215854, 36.712614116370325 ], [ -4.337529755993633, 36.712589721181587 ], [ -4.337294527529884, 36.712583350206629 ], [ -4.337111201215734, 36.712614922220581 ], [ -4.33702031338257, 36.712458051206404 ], [ -4.33695590130917, 36.712450238343379 ], [ -4.33692294510939, 36.712495111438713 ], [ -4.337023362994482, 36.712692817786952 ], [ -4.336869234681409, 36.712737249149782 ], [ -4.336620643524095, 36.712775809284103 ], [ -4.336347553029436, 36.712765778212663 ], [ -4.335959153358655, 36.712698827404033 ], [ -4.335716797453868, 36.712637114249816 ], [ -4.335516551031592, 36.71259419136895 ], [ -4.335267157066425, 36.712533980501071 ], [ -4.335211031503511, 36.712525595978121 ], [ -4.335154594022621, 36.712499186603594 ], [ -4.335120388439273, 36.712463513657831 ], [ -4.335108414735945, 36.712418577160221 ], [ -4.335107634942963, 36.712373515096296 ], [ -4.335218805232604, 36.712327197205717 ], [ -4.335265908549713, 36.712252887864103 ], [ -4.335248485471808, 36.712147969178076 ], [ -4.335205472247816, 36.712077564337271 ], [ -4.335092653592944, 36.712101716849745 ], [ -4.335025823121775, 36.712128165854189 ], [ -4.334996597434098, 36.712180343126022 ], [ -4.334931329537148, 36.712288695261449 ], [ -4.334822596929835, 36.712283072983794 ], [ -4.33473714494562, 36.712314571269388 ], [ -4.334824622211372, 36.712374895573355 ], [ -4.334922257137776, 36.712368725594146 ], [ -4.335023133406803, 36.712405588845826 ], [ -4.335014096831475, 36.712543976467188 ], [ -4.334967190699978, 36.712627117376577 ], [ -4.334804230511422, 36.712728019702809 ], [ -4.334579047390051, 36.712775525535648 ], [ -4.334269080439411, 36.712766984875373 ], [ -4.333629042218655, 36.71264519252292 ], [ -4.333353140457823, 36.712564442912054 ], [ -4.333351582915357, 36.712474318721597 ], [ -4.333225644444558, 36.712385272346985 ], [ -4.333155081880134, 36.712464684270209 ], [ -4.333155061588834, 36.712623550124917 ], [ -4.333085412917126, 36.712697552285817 ], [ -4.33284166343341, 36.712772152038163 ], [ -4.332587979346883, 36.712821289340212 ], [ -4.332417974953341, 36.712872373894498 ], [ -4.332172629889299, 36.712929205200169 ], [ -4.331869978847823, 36.713016306837524 ], [ -4.331330561914328, 36.713155985778158 ], [ -4.330901362520217, 36.713239434459545 ], [ -4.330707098546821, 36.713279754513991 ], [ -4.330583304813707, 36.713282508665536 ], [ -4.330179664251607, 36.713197735105688 ], [ -4.329670598147692, 36.713062757240934 ], [ -4.329092842639883, 36.712924370678863 ], [ -4.328691490417556, 36.71280194134097 ], [ -4.32868497570721, 36.712709708982061 ], [ -4.328667674035515, 36.712619129447226 ], [ -4.328615287314478, 36.712549556962351 ], [ -4.328608863283225, 36.712470385113171 ], [ -4.32856971074966, 36.712410580461729 ], [ -4.32849928768969, 36.712264300354946 ], [ -4.328419461322378, 36.712144743994564 ], [ -4.328322962456637, 36.712069299695656 ], [ -4.328172132386485, 36.711992072851899 ], [ -4.327998163910434, 36.711941064792214 ], [ -4.327912319961778, 36.711987012287274 ], [ -4.327794725833287, 36.711927676858828 ], [ -4.327629699876815, 36.711794485455187 ], [ -4.327688162307341, 36.711711029155566 ], [ -4.327694690029743, 36.711611512004417 ], [ -4.327640759640795, 36.711456042217357 ], [ -4.327532261964932, 36.711508227535617 ], [ -4.327291022944572, 36.711394995702967 ], [ -4.327011279653959, 36.7114326572298 ], [ -4.326750948634447, 36.711529496096524 ], [ -4.32665135856906, 36.711610769213891 ], [ -4.326569344002902, 36.711757694891034 ], [ -4.326438970239832, 36.712006019023462 ], [ -4.326348263477693, 36.712139078463174 ], [ -4.326165291201262, 36.712231844937968 ], [ -4.325852525825076, 36.712382143210959 ], [ -4.325571772242229, 36.712480505060583 ], [ -4.325328710951933, 36.712501708901939 ], [ -4.324932426176201, 36.712461356530937 ], [ -4.3242540491671, 36.712449940309945 ], [ -4.323752730940475, 36.712431557277199 ], [ -4.323319316804618, 36.712377901903075 ], [ -4.323060222728613, 36.712354731314775 ], [ -4.322936934763813, 36.712347087547052 ], [ -4.322723168174856, 36.712286364139196 ], [ -4.322487322861989, 36.712243905003767 ], [ -4.322252084579897, 36.712237504372588 ], [ -4.32201701194515, 36.712240115612197 ], [ -4.321770282143142, 36.712215813313357 ], [ -4.321640984831095, 36.712244922632642 ], [ -4.321565011434743, 36.712179088357786 ], [ -4.321526353636637, 36.712251117191514 ], [ -4.321455773702902, 36.712266810275992 ], [ -4.321331920326466, 36.712152262980936 ], [ -4.321099123247753, 36.712073944901221 ], [ -4.320942098470216, 36.712096816926788 ], [ -4.320918909354941, 36.712204595390403 ], [ -4.320936342270812, 36.712317764212109 ], [ -4.320799270699651, 36.712375434686223 ], [ -4.320553703908514, 36.712407311341835 ], [ -4.320149453988929, 36.712467287069572 ], [ -4.319582383101502, 36.712497426938789 ], [ -4.319313635405654, 36.712528413241223 ], [ -4.31912517461702, 36.712451339576127 ], [ -4.319016150255006, 36.712498682406377 ], [ -4.318918317130329, 36.71252478991822 ], [ -4.318507797949461, 36.712567224861786 ], [ -4.318188551073569, 36.712668096091932 ], [ -4.317714062273539, 36.712670258297059 ], [ -4.317232717142083, 36.712654466128484 ], [ -4.316705369505928, 36.712598130347409 ], [ -4.316530900004331, 36.712579742346968 ], [ -4.316200009464352, 36.712569222614256 ], [ -4.31588875497003, 36.712558584026425 ], [ -4.315693158473704, 36.712540184985009 ], [ -4.315413407091158, 36.712541194785516 ], [ -4.315413407398475, 36.712541212810493 ], [ -4.315651364697472, 36.714039164472624 ], [ -4.315692089165069, 36.714273082980498 ], [ -4.315811488146335, 36.714688668846293 ], [ -4.315956089261313, 36.715063412102587 ], [ -4.316223936413835, 36.715566371047181 ], [ -4.316496035699342, 36.716051253930445 ], [ -4.316626743356244, 36.716308965630425 ], [ -4.316705766871096, 36.716531192263766 ], [ -4.316746719890285, 36.716809051852806 ], [ -4.316756031960252, 36.71689345671976 ], [ -4.31672362459427, 36.717065084578778 ], [ -4.316644177168545, 36.717289064326231 ], [ -4.316463513457962, 36.717631347895349 ], [ -4.316310953661187, 36.717815572316582 ], [ -4.316166868208207, 36.717963646131963 ], [ -4.315643982492895, 36.718386332989908 ], [ -4.315304814585162, 36.7186469857579 ], [ -4.314939515976158, 36.718955250689746 ], [ -4.314791002132369, 36.719099991465974 ], [ -4.314642487733769, 36.719244732064517 ], [ -4.314495408080126, 36.719420474404522 ], [ -4.314443571794098, 36.719481297653502 ], [ -4.314362163827807, 36.719592719511596 ], [ -4.314227807873278, 36.719776641086561 ], [ -4.314149864917224, 36.719904826955926 ], [ -4.314071910511942, 36.720033012900316 ], [ -4.313975429534039, 36.720243657667893 ], [ -4.313875426277533, 36.720535468795084 ], [ -4.31382558985599, 36.720711795333202 ], [ -4.31380153264147, 36.720881076640026 ], [ -4.313790709604461, 36.721108803964022 ], [ -4.313792227038955, 36.721280056478555 ], [ -4.313854490148462, 36.721545287190608 ], [ -4.313920688082129, 36.721733853960821 ], [ -4.314098964074595, 36.722112472906048 ], [ -4.314225704572092, 36.722323167799274 ], [ -4.31435828044772, 36.722515508348586 ], [ -4.314490856994941, 36.722707848730948 ], [ -4.314614607402478, 36.722905920305031 ], [ -4.314738358457453, 36.723103991731307 ], [ -4.314882116038784, 36.723377335630161 ], [ -4.315025874663789, 36.72365067932278 ], [ -4.315173170774406, 36.72393637820678 ], [ -4.315320456807807, 36.724222076997037 ], [ -4.315411401859931, 36.724414876371647 ], [ -4.315502358575316, 36.724607675537811 ], [ -4.315620738674788, 36.724921862688277 ], [ -4.315739130970627, 36.725236049561751 ], [ -4.315854378220632, 36.725550271067746 ], [ -4.315969615250015, 36.72586449255099 ], [ -4.316095353061427, 36.726270992933365 ], [ -4.316221103456639, 36.726677493005504 ], [ -4.316310536258602, 36.726976224689167 ], [ -4.316399969787182, 36.727274956277142 ], [ -4.316495144307056, 36.7274789755879 ], [ -4.316590308148718, 36.727682994929509 ], [ -4.316746118336981, 36.727943808429401 ], [ -4.316901929600337, 36.728204621693081 ], [ -4.317066743805971, 36.728429278460766 ], [ -4.317390347590791, 36.728864009950151 ], [ -4.317617122878771, 36.729161219986175 ], [ -4.317685097643857, 36.729248355361982 ], [ -4.317779719770543, 36.729419703330208 ], [ -4.31808925795608, 36.730041947741086 ], [ -4.318385443676309, 36.730887664819065 ], [ -4.31850950480752, 36.731764566213123 ], [ -4.318457250164744, 36.732431182796937 ], [ -4.317671078072408, 36.732161759026539 ], [ -4.316754921545139, 36.731732766583306 ], [ -4.316154573420625, 36.731414105247836 ], [ -4.316025838515296, 36.731322674194551 ], [ -4.315889930590354, 36.731606861027814 ], [ -4.315876977193938, 36.731642511020368 ], [ -4.31576569266756, 36.731778935826341 ], [ -4.315702579640487, 36.731900576556924 ], [ -4.315642231652434, 36.732040539501753 ], [ -4.315589719124389, 36.732143538885289 ], [ -4.315520201583134, 36.732221315334456 ], [ -4.315400327051242, 36.732348613280777 ], [ -4.3152917346796, 36.732444047569253 ], [ -4.315233532400386, 36.732511602931332 ], [ -4.315229823370911, 36.732592221448471 ], [ -4.315248753477127, 36.732658085970229 ], [ -4.315265660879208, 36.7327406129724 ], [ -4.31527654212235, 36.732809946757591 ], [ -4.315284421179698, 36.732874635378359 ], [ -4.315265047883415, 36.732931809945697 ], [ -4.315210179672375, 36.733000509297689 ], [ -4.315127037754124, 36.733097023282127 ], [ -4.315060358720618, 36.733164672240363 ], [ -4.314965673647146, 36.733280432696446 ], [ -4.314929427650966, 36.733342481016365 ], [ -4.31488663333339, 36.733446742848358 ], [ -4.31482294546972, 36.733576204726653 ], [ -4.314786792503907, 36.733591189081814 ], [ -4.314672092902822, 36.733626791238962 ], [ -4.314554430953073, 36.733660091345506 ], [ -4.314490856932926, 36.733682643934529 ], [ -4.314350551199109, 36.733694334649279 ], [ -4.31423283366959, 36.733723731924918 ], [ -4.314100823580733, 36.733768106188656 ], [ -4.314055508950524, 36.73378109119858 ], [ -4.313912785865674, 36.733822464658509 ], [ -4.313845877587224, 36.733847190074862 ], [ -4.313773231440933, 36.733906521039096 ], [ -4.313689361559842, 36.733989394637703 ], [ -4.313616660285022, 36.73407310940118 ], [ -4.313568496999063, 36.734146998252569 ], [ -4.313503796103288, 36.734217166502134 ], [ -4.313416088983245, 36.734301632699946 ], [ -4.313330431168144, 36.734346657323194 ], [ -4.313143294793893, 36.734381723366425 ], [ -4.312975998071407, 36.734411215804904 ], [ -4.312779982424319, 36.734444432193179 ], [ -4.312689522411604, 36.734465946338517 ], [ -4.312534952243846, 36.734495045371148 ], [ -4.312362867886243, 36.734503190156659 ], [ -4.312241423519877, 36.73449337894904 ], [ -4.312075487450568, 36.734477171385699 ], [ -4.31194109666204, 36.734523949256271 ], [ -4.311702311803945, 36.734582280099723 ], [ -4.31145911227359, 36.734637873746891 ], [ -4.31119616351621, 36.734678721016799 ], [ -4.311108855932405, 36.734686768138026 ], [ -4.311113744837204, 36.734725312884123 ], [ -4.311085457138025, 36.734757029875304 ], [ -4.311021388625086, 36.734779595085293 ], [ -4.310973707525068, 36.73486752164478 ], [ -4.310893259171249, 36.735023415326438 ], [ -4.310846711505111, 36.735078562894728 ], [ -4.310806821830527, 36.735126795359719 ], [ -4.310793586924061, 36.735146060172077 ], [ -4.310756595014785, 36.735258675850375 ], [ -4.310728182289511, 36.735354196321197 ], [ -4.310641255721217, 36.735524349465685 ], [ -4.310575127756247, 36.735624765332631 ], [ -4.310532035896282, 36.735667804763615 ], [ -4.310454495178286, 36.735724068729432 ], [ -4.31037265339697, 36.735754617555287 ], [ -4.31030217270998, 36.735767003900627 ], [ -4.310197612626388, 36.73577284257167 ], [ -4.31005240081959, 36.735781463372476 ], [ -4.30963907665169, 36.735783714470024 ], [ -4.309354305351712, 36.73579153564387 ], [ -4.309046819766137, 36.735824322830879 ], [ -4.308901097343848, 36.735860269751583 ], [ -4.308753842927908, 36.735887787080138 ], [ -4.308635722282121, 36.73589376451045 ], [ -4.308553362199616, 36.735930780941437 ], [ -4.308586880970495, 36.735987435890088 ], [ -4.30863565616427, 36.736063375595755 ], [ -4.308631789744414, 36.736135792773169 ], [ -4.308560096100489, 36.736301738557948 ], [ -4.308514148451453, 36.7363923763697 ], [ -4.308448907897383, 36.736444988261091 ], [ -4.308371601288042, 36.736486807630975 ], [ -4.308214728956673, 36.736536334450982 ], [ -4.308130114616059, 36.736546819673691 ], [ -4.307953690050971, 36.736554915692992 ], [ -4.307833289036319, 36.736541410767124 ], [ -4.307696940726137, 36.736501552313236 ], [ -4.307561196014935, 36.736439827739723 ], [ -4.30742708449717, 36.736360146892636 ], [ -4.307354399500843, 36.736309979442368 ], [ -4.307257449634206, 36.736250171961714 ], [ -4.307104813003384, 36.736164447445489 ], [ -4.306968937172441, 36.736094926377341 ], [ -4.306694633410918, 36.73594865539436 ], [ -4.306524582856443, 36.735907209589691 ], [ -4.306382596665954, 36.735877552439383 ], [ -4.306233798515407, 36.735846410445781 ], [ -4.306106201430517, 36.73580801353058 ], [ -4.305880569149086, 36.735742153554014 ], [ -4.305779949056094, 36.73575184823639 ], [ -4.305684521038656, 36.735781776735877 ], [ -4.305561216751585, 36.735868538802421 ], [ -4.304776399347205, 36.736600352929358 ], [ -4.304702670135494, 36.736768301888596 ], [ -4.303747627551587, 36.737936169581097 ], [ -4.303914949710311, 36.738748341641035 ], [ -4.303921853960032, 36.738789028000497 ], [ -4.304292590331164, 36.738684862635488 ], [ -4.305490639130007, 36.738662584146404 ], [ -4.306048393372929, 36.738530265375502 ], [ -4.306697572659226, 36.738505109913078 ], [ -4.307008314394391, 36.738556656411994 ], [ -4.307360231124172, 36.73861502413326 ], [ -4.307979743735461, 36.73856356882127 ], [ -4.308735891802226, 36.738500755103622 ], [ -4.309352700877947, 36.738548054392375 ], [ -4.310050335126696, 36.738738696070762 ], [ -4.310532301719002, 36.738760431259408 ], [ -4.311459893190409, 36.738642050646696 ], [ -4.312340235145835, 36.738379948549891 ], [ -4.313490698831881, 36.738195994889345 ], [ -4.313871422013027, 36.738191791661635 ], [ -4.314267031060513, 36.738403771338454 ], [ -4.314890760337514, 36.738856602001853 ], [ -4.315665256728869, 36.738956219764638 ], [ -4.316359534025721, 36.738948541196351 ], [ -4.316950093617124, 36.7387707378154 ], [ -4.3174313026394, 36.73874739171135 ], [ -4.317780129442698, 36.738842684658884 ], [ -4.317852247279358, 36.739130338503678 ], [ -4.317370158873443, 36.739757652586924 ], [ -4.315976582272567, 36.740791662187725 ], [ -4.315581284872779, 36.741255754620987 ], [ -4.315279886521759, 36.741971203766987 ], [ -4.315421176844948, 36.742375278162775 ], [ -4.316125324213549, 36.742944405460364 ], [ -4.316355296250681, 36.743293412840721 ], [ -4.316327897578697, 36.744312313404251 ], [ -4.316514916539814, 36.744769965164494 ], [ -4.316834947905217, 36.74514501733897 ], [ -4.316930082645319, 36.745468482241144 ], [ -4.31598058268936, 36.747588285903774 ], [ -4.315715059934237, 36.748438550767411 ], [ -4.315420835639304, 36.748919552970513 ], [ -4.314891102308436, 36.749385129155272 ], [ -4.313752574599844, 36.750094038800526 ], [ -4.313006846371524, 36.750559737976488 ], [ -4.311175602993776, 36.752220496047265 ], [ -4.310768570970959, 36.752657659344045 ], [ -4.310269777663382, 36.752969625040748 ], [ -4.309353671849238, 36.753114922639078 ], [ -4.30657682914363, 36.753190503172419 ], [ -4.306097370324085, 36.753321965530688 ], [ -4.305477033200134, 36.753734410037332 ], [ -4.30514819716173, 36.754161673132188 ], [ -4.304987829329066, 36.754614138946508 ], [ -4.304994023348389, 36.755641691081017 ], [ -4.305364996369502, 36.757701856944308 ], [ -4.305507499663615, 36.758178042016922 ], [ -4.305761095727434, 36.758598931839998 ], [ -4.305834717639667, 36.758976717047702 ], [ -4.305844485663311, 36.759553513847465 ], [ -4.305719395223705, 36.760104748454445 ], [ -4.305392978666289, 36.760676220458095 ], [ -4.304743098573484, 36.761332357699175 ], [ -4.304212758280897, 36.761770850997095 ], [ -4.303860422875745, 36.762135278122557 ], [ -4.303634186107866, 36.762669590775424 ], [ -4.303559220548479, 36.763535767976471 ], [ -4.303582158027858, 36.764229603942709 ], [ -4.303831825643873, 36.765741248816511 ], [ -4.304056706103871, 36.766450899090039 ], [ -4.304486138999817, 36.767329574051622 ], [ -4.304785791315841, 36.767822072969636 ], [ -4.304816278924939, 36.768299486582798 ], [ -4.304347066847262, 36.771026894207203 ], [ -4.303720505589934, 36.772403907653626 ], [ -4.303237196378455, 36.774302166452884 ], [ -4.303119150214307, 36.774609939361234 ], [ -4.302634438945216, 36.775102010309155 ], [ -4.301618062164578, 36.775960453658428 ], [ -4.300951405928261, 36.776959298567405 ], [ -4.299701128032195, 36.778568463392851 ], [ -4.299407442642331, 36.77909449017212 ], [ -4.297955003434974, 36.778686676786442 ], [ -4.295667592183284, 36.777936384646722 ], [ -4.296165283223848, 36.778877452519978 ], [ -4.294971021060326, 36.779160875088174 ], [ -4.29473845945605, 36.779325660788118 ], [ -4.294966933095149, 36.77958458264461 ], [ -4.294892145363571, 36.779801735433416 ], [ -4.293611105719726, 36.780924410143967 ], [ -4.292388785378759, 36.782208687053604 ], [ -4.291567990766258, 36.782046325928185 ], [ -4.2904986025269, 36.781760459100383 ], [ -4.290519316849865, 36.782328123156709 ], [ -4.290814087068259, 36.783199301819039 ], [ -4.290752442731949, 36.783533492740602 ], [ -4.29055695987659, 36.783905192365474 ], [ -4.290364335394556, 36.784448128645217 ], [ -4.290404145577055, 36.784817275012578 ], [ -4.290532082097856, 36.785095324104631 ], [ -4.290278908470608, 36.785368494058417 ], [ -4.290173196894328, 36.785748233175781 ], [ -4.290869387765593, 36.786497872600322 ], [ -4.291250340563256, 36.787160789692983 ], [ -4.291323469314642, 36.787511545599969 ], [ -4.291263790588327, 36.78796289851045 ], [ -4.291256959553025, 36.788891424784218 ], [ -4.291410623246987, 36.790034555593209 ], [ -4.291625018714161, 36.790789411329669 ], [ -4.291948610082044, 36.791371812602911 ], [ -4.292438928717992, 36.791871283294299 ], [ -4.29279008993339, 36.792092818821921 ], [ -4.295800820982396, 36.792510775080196 ], [ -4.296585980763849, 36.792547287948636 ], [ -4.297025131228964, 36.792668696531244 ], [ -4.29755062832488, 36.793257902856944 ], [ -4.297091825885807, 36.793966006409619 ], [ -4.296662542559177, 36.794430406068187 ], [ -4.296401485753761, 36.794901984526192 ], [ -4.2963288149135, 36.795245311869913 ], [ -4.296344881463207, 36.795533587388341 ], [ -4.295917377160197, 36.795439091821237 ], [ -4.295457306595427, 36.79540803903631 ], [ -4.294897757903769, 36.795459203455771 ], [ -4.294328810860998, 36.795618636554074 ], [ -4.293784104098188, 36.795885972251043 ], [ -4.293274213197985, 36.796225030521285 ], [ -4.29293333297186, 36.796616342754909 ], [ -4.292288958236964, 36.796289825597363 ], [ -4.291653687416299, 36.795836999770472 ], [ -4.291220588945616, 36.795409026789201 ], [ -4.290869114189895, 36.795169462059867 ], [ -4.290339553528757, 36.795003941375505 ], [ -4.290163883706173, 36.795222185444509 ], [ -4.290147820254504, 36.795600951457203 ], [ -4.290257281937979, 36.796113566938445 ], [ -4.290269074155487, 36.796816537825478 ], [ -4.289865180092455, 36.796793877039818 ], [ -4.288774163583176, 36.796629921873006 ], [ -4.287853794851761, 36.796491160036553 ], [ -4.2873528282071, 36.796694894150853 ], [ -4.286978133893864, 36.797077532492231 ], [ -4.286506559521432, 36.797028550452573 ], [ -4.285969856758254, 36.797106468103671 ], [ -4.285458717622429, 36.797373402931711 ], [ -4.28506453330664, 36.797260470961987 ], [ -4.284582956513722, 36.797283702114676 ], [ -4.284061056104101, 36.797577789496088 ], [ -4.284042321018648, 36.798470386854717 ], [ -4.280340618251855, 36.797626899324456 ], [ -4.27979819447265, 36.797362315116693 ], [ -4.278262100639589, 36.795981632852396 ], [ -4.277585680575589, 36.795745520827737 ], [ -4.276742217959081, 36.795574288074661 ], [ -4.275705402020373, 36.795233864623214 ], [ -4.27525282050807, 36.794977300603811 ], [ -4.274792919385877, 36.794955189042106 ], [ -4.274549807117259, 36.795165119233808 ], [ -4.274567434813368, 36.795552536820693 ], [ -4.274948132992168, 36.796882552353608 ], [ -4.275325865854127, 36.797356249497291 ], [ -4.275870207286832, 36.797738025989297 ], [ -4.276378103572685, 36.797948914193753 ], [ -4.276811121276356, 36.797700885125003 ], [ -4.277279413270576, 36.797551630721522 ], [ -4.277590960944605, 36.798089139019361 ], [ -4.278367074470756, 36.798252066328274 ], [ -4.278997793326307, 36.798434589573247 ], [ -4.279823527655434, 36.798885424650287 ], [ -4.280861161096224, 36.799270882079654 ], [ -4.280464722918265, 36.79988585621502 ], [ -4.280358541663977, 36.80005150667715 ], [ -4.280386657162054, 36.800393739459103 ], [ -4.280616337421507, 36.800724787639403 ], [ -4.281371421161646, 36.800969057273733 ], [ -4.283144978141461, 36.802464308929537 ], [ -4.284275032500711, 36.80301099199086 ], [ -4.28433609962425, 36.803059909909933 ], [ -4.28529784943974, 36.80384727389616 ], [ -4.284640978001047, 36.804115780421235 ], [ -4.283237472699583, 36.804565855046171 ], [ -4.282812403202343, 36.804703399144991 ], [ -4.282133840279053, 36.805017187321887 ], [ -4.28171305906668, 36.80532820238701 ], [ -4.281472788003843, 36.805709383464126 ], [ -4.280990051480048, 36.807012621729214 ], [ -4.280586455915008, 36.807684010953196 ], [ -4.279223332658681, 36.809303180779466 ], [ -4.277943378403428, 36.810533844802258 ], [ -4.276974840275664, 36.811616925812174 ], [ -4.276394540842946, 36.812452451828996 ], [ -4.275894336326458, 36.813386270417212 ], [ -4.275583775367587, 36.814263968029302 ], [ -4.275484696331233, 36.815049255545468 ], [ -4.275288005410709, 36.815357843933846 ], [ -4.275012710342754, 36.81565826085744 ], [ -4.273990992284477, 36.817598224857896 ], [ -4.27390025387863, 36.818212163074094 ], [ -4.273946580720501, 36.818977862816652 ], [ -4.274094084396796, 36.819760506389891 ], [ -4.274131296734238, 36.820652509498217 ], [ -4.273978380639708, 36.820897528001808 ], [ -4.273752687596952, 36.820809796468566 ], [ -4.273513545009004, 36.820587006538638 ], [ -4.272889860028583, 36.819484954732388 ], [ -4.272486894433738, 36.819525315495966 ], [ -4.272017874486981, 36.819638503205837 ], [ -4.271701017999267, 36.819461611291302 ], [ -4.271091666539932, 36.81922474739364 ], [ -4.27063266373914, 36.819265700943049 ], [ -4.270110263482002, 36.819541704946197 ], [ -4.269389357740674, 36.820018135850489 ], [ -4.269043191911197, 36.820102957914365 ], [ -4.267460657420403, 36.820002646965698 ], [ -4.266966152980912, 36.819250726053717 ], [ -4.266183846481205, 36.819403285144617 ], [ -4.263415503762148, 36.820144838081511 ], [ -4.262626845766238, 36.820594906020844 ], [ -4.261943064475618, 36.821287226792883 ], [ -4.262014644558355, 36.822232954339448 ], [ -4.261962063330593, 36.82381097601877 ], [ -4.262057263499843, 36.824828565011224 ], [ -4.261965090281779, 36.825361373830241 ], [ -4.261739286268465, 36.825949685272931 ], [ -4.260773718238342, 36.827239927287259 ], [ -4.260514119000567, 36.82781958066942 ], [ -4.260489816898052, 36.829072794210738 ], [ -4.260578635923289, 36.829702846335621 ], [ -4.26104735568191, 36.830932811607148 ], [ -4.261311878502519, 36.831335638332845 ], [ -4.261549096721227, 36.831441290019278 ], [ -4.262094802474338, 36.831895215082739 ], [ -4.262331875521965, 36.831991861664662 ], [ -4.262646245351459, 36.832015565282013 ], [ -4.264410275286356, 36.831546112926333 ], [ -4.265183883361162, 36.831537891318455 ], [ -4.265431873481547, 36.831616378374605 ], [ -4.26567503769934, 36.83208252090845 ], [ -4.265438318084295, 36.832688983008865 ], [ -4.265482169043329, 36.833436692164085 ], [ -4.26548516773852, 36.833490744595359 ], [ -4.265883225677242, 36.833829040707165 ], [ -4.266000758168781, 36.834837363480545 ], [ -4.265494645610847, 36.83542866604266 ], [ -4.265803687001124, 36.83648904322046 ], [ -4.265484756923663, 36.836871029122271 ], [ -4.26539995844763, 36.837169395600156 ], [ -4.265487800512831, 36.837736345838138 ], [ -4.266121709062467, 36.838775234684121 ], [ -4.266832041745475, 36.838325978213405 ], [ -4.267789635248347, 36.837910136922645 ], [ -4.268326345185857, 36.837814280144492 ], [ -4.268750184835167, 36.837674546430534 ], [ -4.27007375451125, 36.837011400839465 ], [ -4.270044325354303, 36.836588054936684 ], [ -4.269855988725312, 36.836049223944798 ], [ -4.269779637954251, 36.835500173382144 ], [ -4.26993213705118, 36.835228122795456 ], [ -4.271731373448485, 36.833496227410471 ], [ -4.271986260041286, 36.83331321935426 ], [ -4.272431159133137, 36.833092120865977 ], [ -4.273057224069084, 36.832977249399754 ], [ -4.276632134514336, 36.832839775673769 ], [ -4.276855157021747, 36.832089214357026 ], [ -4.278658280713205, 36.831952660098978 ], [ -4.279555954797437, 36.831988071609082 ], [ -4.280029704459338, 36.832154247354516 ], [ -4.2804955383172, 36.832518806440504 ], [ -4.280951517534647, 36.832964596227477 ], [ -4.281360550312546, 36.833284693619696 ], [ -4.281941753261931, 36.833442942802662 ], [ -4.282160343891191, 36.833501430162677 ], [ -4.282814388481443, 36.833719725145329 ], [ -4.283120870561493, 36.833941777501821 ], [ -4.283527056094503, 36.834090631238766 ], [ -4.283101827215099, 36.83481634493257 ], [ -4.282772091505103, 36.835216521263135 ], [ -4.282731156799273, 36.835451327994043 ], [ -4.283182499056395, 36.835617723610156 ], [ -4.282640697850956, 36.836750325540059 ], [ -4.28236730303662, 36.83716792986894 ], [ -4.282516825251853, 36.837391667680983 ], [ -4.28330951848946, 36.837851842490572 ], [ -4.283602029272109, 36.838578830031302 ], [ -4.283794750788336, 36.838702945280531 ], [ -4.284007788443583, 36.838700644302754 ], [ -4.284376143197671, 36.838597510515946 ], [ -4.285372345262332, 36.839154635573621 ], [ -4.285710231094332, 36.839241121760097 ], [ -4.285881286937572, 36.839410538054693 ], [ -4.285997185916803, 36.83963463499893 ], [ -4.28639234548577, 36.839792611814069 ], [ -4.286807074076956, 36.839779117930533 ], [ -4.287487268408945, 36.839546401925077 ], [ -4.287790462394398, 36.839570159705751 ], [ -4.288063646562917, 36.839810578556332 ], [ -4.288146670301874, 36.840080099694667 ], [ -4.288073018761623, 36.840369346662008 ], [ -4.288122556204461, 36.840648253684499 ], [ -4.288408016596544, 36.840951636804363 ], [ -4.28864635924301, 36.841120319647978 ], [ -4.28868255767326, 36.841273165633659 ], [ -4.287892943766514, 36.841669326543396 ], [ -4.288155678881305, 36.841954928367791 ], [ -4.288273845287518, 36.842314208690887 ], [ -4.288443855175539, 36.842420534280812 ], [ -4.288668126996119, 36.842418103088711 ], [ -4.289000584566018, 36.842180142766857 ], [ -4.289236360040675, 36.84219561380614 ], [ -4.28952001451569, 36.842390845415878 ], [ -4.289516066187041, 36.842823561292626 ], [ -4.28962061663964, 36.843038763538452 ], [ -4.289940477289719, 36.843386839606183 ], [ -4.290141701136041, 36.844015646107955 ], [ -4.290754487173233, 36.845108712579581 ], [ -4.291344253971785, 36.845498923437937 ], [ -4.291743234011228, 36.845882190822714 ], [ -4.29191841268055, 36.84629493158252 ], [ -4.291751114873085, 36.84701787994797 ], [ -4.291806129656865, 36.847621220893707 ], [ -4.291603215355929, 36.848227364856783 ], [ -4.291543811092756, 36.849363775725308 ], [ -4.291001749947076, 36.849811351179959 ], [ -4.290519527540291, 36.851150670392926 ], [ -4.290402673554471, 36.851539541474317 ], [ -4.28991575404154, 36.851932429275038 ], [ -4.289271058683072, 36.85228194761968 ], [ -4.289924974110885, 36.853149220154513 ], [ -4.28987343339636, 36.853420199697865 ], [ -4.288524923686882, 36.853939611360261 ], [ -4.289493002091387, 36.855479529864169 ], [ -4.289624835369313, 36.855982883590499 ], [ -4.288258873025383, 36.856132898648347 ], [ -4.287947714351947, 36.856307537078131 ], [ -4.287685810909097, 36.85674304714717 ], [ -4.287487268448981, 36.857217874405066 ], [ -4.287424664500502, 36.857367626153128 ], [ -4.287361196657494, 36.857519388332939 ], [ -4.287299584127767, 36.857666749576389 ], [ -4.287253123877391, 36.857777872635246 ], [ -4.287191197794777, 36.857925958336217 ], [ -4.287145578327747, 36.858035062122454 ], [ -4.287099117494358, 36.858146176110615 ], [ -4.287039337295822, 36.858289145578233 ], [ -4.286974002529323, 36.858445389690019 ], [ -4.287235282051221, 36.858640877090494 ], [ -4.288066280739915, 36.85869497160455 ], [ -4.288890163204662, 36.858992524454521 ], [ -4.29054156180738, 36.859803900239228 ], [ -4.291037320744427, 36.859933725689913 ], [ -4.29179770420282, 36.859790253153314 ], [ -4.292716479806169, 36.859726187958174 ], [ -4.293423970093055, 36.859772574229936 ], [ -4.294470371106801, 36.859959489194352 ], [ -4.296220150996163, 36.85994944056624 ], [ -4.297089948636379, 36.859642498030802 ], [ -4.298168380792528, 36.860396921009951 ], [ -4.298465019138155, 36.860691141948756 ], [ -4.298496506647028, 36.861889658023486 ], [ -4.299564311112113, 36.862013204966431 ], [ -4.300311727443555, 36.861103631124955 ], [ -4.300811329732839, 36.861458732088565 ], [ -4.301308032553981, 36.861642587962372 ], [ -4.302015238505669, 36.861670907018251 ], [ -4.303045571030902, 36.861569474648483 ], [ -4.303192294299532, 36.861621949702723 ], [ -4.303374909461449, 36.862467270171713 ], [ -4.303735655533418, 36.862571480953541 ], [ -4.305968715929125, 36.862610069340832 ], [ -4.306156471431056, 36.8624367403687 ], [ -4.306329788199123, 36.862074276308341 ], [ -4.306411240320039, 36.86158662619107 ], [ -4.306786425088423, 36.86187997152377 ], [ -4.307283451310582, 36.862081826646985 ], [ -4.307748368537162, 36.862374172745376 ], [ -4.307961009147828, 36.862344799723381 ], [ -4.30814845213437, 36.862153443129813 ], [ -4.308391982121638, 36.861303439560366 ], [ -4.308654703611126, 36.860921959879853 ], [ -4.309011463209986, 36.860791844209999 ], [ -4.309481135183454, 36.860705544267397 ], [ -4.310110440067983, 36.860770720393489 ], [ -4.311374454677238, 36.861216501044545 ], [ -4.312296760043492, 36.861359566811927 ], [ -4.312850337816117, 36.861587816001133 ], [ -4.314068426352535, 36.861970977226619 ], [ -4.314461298334452, 36.861984660422799 ], [ -4.314997647696071, 36.861861554306927 ], [ -4.315290184120005, 36.861912400815193 ], [ -4.315494076328902, 36.862027325631345 ], [ -4.31583240407551, 36.862131747710528 ], [ -4.316157352734194, 36.862110121457235 ], [ -4.316391813108884, 36.8620444268429 ], [ -4.316976813722396, 36.861488102517242 ], [ -4.317222796549908, 36.861440306523036 ], [ -4.317695866976333, 36.86155224373848 ], [ -4.317942612250275, 36.86154950763067 ], [ -4.318795079786856, 36.860891054367201 ], [ -4.319253214715303, 36.860786815971863 ], [ -4.319657595361781, 36.860818382202837 ], [ -4.319952300842731, 36.860995388662147 ], [ -4.320312607080268, 36.861072520996217 ], [ -4.321539092567777, 36.861942266034205 ], [ -4.321624743094212, 36.862355955761707 ], [ -4.321575869238418, 36.864078165537101 ], [ -4.323606761424869, 36.864100651046272 ], [ -4.323777800853853, 36.864260997125797 ], [ -4.323655425773625, 36.866272481076919 ], [ -4.323744047738465, 36.866857400841653 ], [ -4.324021474494255, 36.867332049612557 ], [ -4.324478381386056, 36.867804706413999 ], [ -4.324526359682328, 36.867984450654404 ], [ -4.324342678458162, 36.868392125546066 ], [ -4.324493774239618, 36.868696915827165 ], [ -4.324711871728549, 36.868982931102032 ], [ -4.325365534429631, 36.870453938700493 ], [ -4.325710921214641, 36.87096388082486 ], [ -4.326209612712853, 36.871255785380924 ], [ -4.327316371320134, 36.871676106449677 ], [ -4.327543989418744, 36.871862856527635 ], [ -4.328003129762124, 36.872461660191036 ], [ -4.329086585875173, 36.874126157181152 ], [ -4.329762011003925, 36.874902812923416 ], [ -4.33012535038948, 36.875151145456734 ], [ -4.330576557021711, 36.875290316758424 ], [ -4.331597686582882, 36.875296905900754 ], [ -4.331991869324046, 36.875382636233297 ], [ -4.334989421694807, 36.876133226621086 ], [ -4.336210516429369, 36.87666935984187 ], [ -4.337979260650602, 36.877082133900686 ], [ -4.33987395087153, 36.877637684009279 ], [ -4.34064386087152, 36.878034635161484 ], [ -4.341466400746588, 36.878232680880977 ], [ -4.342296230158729, 36.87820528158872 ], [ -4.342734837370039, 36.878263423365588 ], [ -4.34297246774935, 36.878377927720962 ], [ -4.343158743865305, 36.87876342054998 ], [ -4.343567763392801, 36.880095108936729 ], [ -4.344122518276606, 36.881898386240017 ], [ -4.344408027420143, 36.882183610164518 ], [ -4.347252248050435, 36.883764900816018 ], [ -4.348066181986672, 36.884107219964164 ], [ -4.348664110253248, 36.884289726305646 ], [ -4.349215738484922, 36.884391639294734 ], [ -4.349720429835666, 36.884376893204823 ], [ -4.350205698665025, 36.884533629778055 ], [ -4.350681973416688, 36.884816670183426 ], [ -4.351351257560204, 36.885863685750245 ], [ -4.351705882192802, 36.886247258295555 ], [ -4.352067492515931, 36.887027352549687 ], [ -4.352298395788057, 36.887394303278995 ], [ -4.352685100131777, 36.88768735963081 ], [ -4.353126313672941, 36.887889654976739 ], [ -4.353622194526124, 36.888010209831158 ], [ -4.353871727064097, 36.888160602728242 ], [ -4.354343093395115, 36.888222834593869 ], [ -4.354634499617497, 36.888142903364781 ], [ -4.354989697782484, 36.887922519615984 ], [ -4.355606763598963, 36.88791548055768 ], [ -4.356231552300709, 36.887710053610249 ], [ -4.356637840912015, 36.887840623390879 ], [ -4.357330568929044, 36.887670461435647 ], [ -4.358087384439696, 36.887950266242669 ], [ -4.358616611393287, 36.888052382204222 ], [ -4.358837447665077, 36.88848253216139 ], [ -4.35943155537726, 36.889079665953226 ], [ -4.359550623803091, 36.88946590944866 ], [ -4.359465022664457, 36.889701249914118 ], [ -4.358982692059456, 36.890346753677164 ], [ -4.358732945301208, 36.89081832299685 ], [ -4.35876080544416, 36.891124485336348 ], [ -4.359045136140304, 36.891337566281855 ], [ -4.359395360493133, 36.891468767657905 ], [ -4.359889035095557, 36.891463117902887 ], [ -4.360996602219725, 36.891270166571381 ], [ -4.361268279338781, 36.891402271197933 ], [ -4.361419579889378, 36.891707009333238 ], [ -4.361624406743566, 36.892497883105278 ], [ -4.361934393412179, 36.892890949433855 ], [ -4.362388642900907, 36.893192212882958 ], [ -4.363225503529804, 36.893552190940063 ], [ -4.364319795109245, 36.893873151476981 ], [ -4.36483608507826, 36.893876235175121 ], [ -4.365485583626482, 36.893796660805826 ], [ -4.36617451330565, 36.894041137758343 ], [ -4.366596543053795, 36.893792909389909 ], [ -4.36715579528655, 36.893687331394162 ], [ -4.367783963714649, 36.893671087020628 ], [ -4.368548383011992, 36.893743417538793 ], [ -4.368319002981588, 36.89346662077692 ], [ -4.368959355250237, 36.893504322087622 ], [ -4.369318077420716, 36.893482160265478 ], [ -4.369998961076538, 36.893276005406399 ], [ -4.370604373938917, 36.893241989838288 ], [ -4.371154964187503, 36.893280705835274 ], [ -4.371212449671256, 36.892730196596929 ], [ -4.371310054938133, 36.892539778838405 ], [ -4.371542126661313, 36.892338794848307 ], [ -4.371899068183703, 36.892217502333644 ], [ -4.372092487764248, 36.891737533778809 ], [ -4.372172082425245, 36.891168731922107 ], [ -4.372489387624694, 36.890714382387465 ], [ -4.371790055951001, 36.890515131302934 ], [ -4.371527649463891, 36.890274786436997 ], [ -4.37143129255032, 36.889906321127732 ], [ -4.371455921932283, 36.889401260129752 ], [ -4.371615506946813, 36.888912668869146 ], [ -4.372263107282765, 36.88810295622762 ], [ -4.373543741236168, 36.886925377525749 ], [ -4.374163301455776, 36.886431464261342 ], [ -4.374564764247069, 36.886291612210229 ], [ -4.374844755789916, 36.886261339964207 ], [ -4.375286340206685, 36.886481576015029 ], [ -4.376097450674862, 36.88415561950719 ], [ -4.376368440803441, 36.882998704855162 ], [ -4.376640328948695, 36.882517819639823 ], [ -4.376849283843852, 36.882281037698682 ], [ -4.378769516821043, 36.881114008425634 ], [ -4.379948447035823, 36.8805324571127 ], [ -4.380313293567819, 36.880230761405805 ], [ -4.380520932926478, 36.879921877370755 ], [ -4.380768725658841, 36.879351124016324 ], [ -4.381154759866801, 36.877733153743478 ], [ -4.381253512202631, 36.875739929877675 ], [ -4.381182991467017, 36.874938514336506 ], [ -4.381221542445886, 36.874586524889061 ], [ -4.381465580526411, 36.873808494174483 ], [ -4.381422850473837, 36.873304213560232 ], [ -4.381529855020682, 36.872392558348039 ], [ -4.381802811397359, 36.871974745906044 ], [ -4.382408708607022, 36.871354754536569 ], [ -4.382502838059369, 36.870975076296624 ], [ -4.382418647285425, 36.87066056980904 ], [ -4.382355602118319, 36.869651748032688 ], [ -4.383962684547685, 36.866072547474552 ], [ -4.384453594863055, 36.865300657639935 ], [ -4.384272025934967, 36.865185583212181 ], [ -4.384189774922804, 36.864979221798968 ], [ -4.383010650901271, 36.864289857586883 ], [ -4.382678907785177, 36.86393316214776 ], [ -4.382389421248365, 36.863431742850878 ], [ -4.382459649729888, 36.862971217218089 ], [ -4.383236484104026, 36.861880510190673 ], [ -4.384556341059107, 36.860422925993753 ], [ -4.383613777770679, 36.859784893802988 ], [ -4.38319215758964, 36.859420222825186 ], [ -4.382887898051447, 36.858720679380347 ], [ -4.382719370631273, 36.858082653222645 ], [ -4.383404150685609, 36.856866821064926 ], [ -4.385739581903247, 36.855748939819826 ], [ -4.38667248408453, 36.855233280141078 ], [ -4.387623414563637, 36.8544740363687 ], [ -4.389087418711219, 36.853555544125427 ], [ -4.391390971533876, 36.852546101271244 ], [ -4.392434148558854, 36.851929952839562 ], [ -4.392220049738288, 36.851256418347674 ], [ -4.39249025994729, 36.850694390892265 ], [ -4.393307759730829, 36.849386808196584 ], [ -4.393727014530052, 36.849003308669651 ], [ -4.39454872098359, 36.847930029634426 ], [ -4.394510497338081, 36.847678088779439 ], [ -4.394627950119159, 36.84735221010353 ], [ -4.394960101710042, 36.847113950752515 ], [ -4.395249188850089, 36.846975348973437 ], [ -4.395944918795653, 36.845741288762973 ], [ -4.396129292981965, 36.845414622607116 ], [ -4.396778081353917, 36.84470391544108 ], [ -4.397190989567925, 36.844590904590554 ], [ -4.398469429088369, 36.844584883668517 ], [ -4.398567553991948, 36.84443049273824 ], [ -4.39845761082067, 36.843936021528357 ], [ -4.399044133282803, 36.844118420372361 ], [ -4.399687973076576, 36.844985198007976 ], [ -4.399658113009217, 36.845192869402901 ], [ -4.399458251551115, 36.845303389588892 ], [ -4.399020782423635, 36.845299516664724 ], [ -4.398989431333866, 36.845426080321069 ], [ -4.399082583693481, 36.845614275828574 ], [ -4.399888564959195, 36.846145629029202 ], [ -4.400357341330992, 36.846635880477749 ], [ -4.400694721743863, 36.846685988444158 ], [ -4.401050921930933, 36.846537567826097 ], [ -4.401275348671169, 36.84654393605252 ], [ -4.401607592491992, 36.846927625237917 ], [ -4.402124561460685, 36.846984625108064 ], [ -4.402317489960017, 36.847108543587936 ], [ -4.402775063140533, 36.847598917401484 ], [ -4.4033039095378, 36.847691827482649 ], [ -4.403981485363566, 36.847945237540323 ], [ -4.40411439674117, 36.847853528513902 ], [ -4.404021394091982, 36.847674349284816 ], [ -4.40359100592564, 36.847445062296977 ], [ -4.403621515060753, 36.847273437995213 ], [ -4.403844296089833, 36.847189681827359 ], [ -4.404338841935361, 36.847246945883235 ], [ -4.404734601867676, 36.847422547047948 ], [ -4.404932801857115, 36.847834843509894 ], [ -4.404848702653934, 36.848142309937536 ], [ -4.404843426270129, 36.84846687243919 ], [ -4.404939059654445, 36.848790251163955 ], [ -4.405254201470145, 36.848849622811429 ], [ -4.405990986686256, 36.848660631486162 ], [ -4.406139236926036, 36.848794086031738 ], [ -4.406144189239967, 36.849064453166598 ], [ -4.406239179602901, 36.849351773791213 ], [ -4.406802496915313, 36.849489329710742 ], [ -4.407092074263877, 36.849990688555756 ], [ -4.407343729783991, 36.850258125585732 ], [ -4.407944333139056, 36.850593548987078 ], [ -4.408291791620348, 36.850580418550969 ], [ -4.408570821604238, 36.850505000895808 ], [ -4.408684446584105, 36.850584779193262 ], [ -4.40885809860984, 36.850880179076896 ], [ -4.409004904420481, 36.851545475196545 ], [ -4.409096765517424, 36.85166156661387 ], [ -4.409165900613323, 36.851608917101849 ], [ -4.409495002225158, 36.851359386325058 ], [ -4.410265407605236, 36.850557025670497 ], [ -4.410722848943772, 36.850425411590301 ], [ -4.410881993105011, 36.850540702998948 ], [ -4.411057372488623, 36.851539161862306 ], [ -4.411262357835249, 36.851708000756481 ], [ -4.411463057795966, 36.851642520270481 ], [ -4.41162695590624, 36.851406212825601 ], [ -4.411787869568877, 36.851007690746613 ], [ -4.412116002962651, 36.85055309848839 ], [ -4.412446111140282, 36.850206648439453 ], [ -4.412714408129973, 36.850158390291554 ], [ -4.413031042715103, 36.850298848370088 ], [ -4.413207376538121, 36.850738440970702 ], [ -4.413355809092343, 36.850880898022936 ], [ -4.413825124090804, 36.850785177338608 ], [ -4.413866327019442, 36.850586381848935 ], [ -4.413774564643283, 36.84986636300696 ], [ -4.414026001926314, 36.849511830517621 ], [ -4.414481282528379, 36.849263038304741 ], [ -4.415018033012458, 36.849175533314266 ], [ -4.415941191049177, 36.84936284439955 ], [ -4.41632112967734, 36.849286215452189 ], [ -4.41696112742053, 36.849323656589092 ], [ -4.417109397602806, 36.849457097001306 ], [ -4.417113212736961, 36.849664370693255 ], [ -4.416830810145819, 36.850163500748877 ], [ -4.416980745466259, 36.850387069219153 ], [ -4.417329864534284, 36.850464031329835 ], [ -4.417753152056762, 36.850305746934616 ], [ -4.418206926281018, 36.849975833631362 ], [ -4.419022182350665, 36.849785834348992 ], [ -4.41935508817426, 36.849592567853797 ], [ -4.419871464549284, 36.849009512146395 ], [ -4.420126371512894, 36.848844216916753 ], [ -4.420062980946448, 36.848448363799932 ], [ -4.419334604889632, 36.84848410575318 ], [ -4.41907436637566, 36.848361009884613 ], [ -4.419089974098695, 36.84799125456891 ], [ -4.419253507746383, 36.847736913353707 ], [ -4.419522124635943, 36.847706663866482 ], [ -4.419893160264261, 36.847756324192709 ], [ -4.420492795760824, 36.848037603242602 ], [ -4.421077385604415, 36.848111748994555 ], [ -4.421361220663695, 36.84829764638171 ], [ -4.421567565279672, 36.848538553170336 ], [ -4.421800010048191, 36.848977461582088 ], [ -4.421740198570752, 36.849987730776455 ], [ -4.421851124383094, 36.850527236079976 ], [ -4.422218308021538, 36.850973545342541 ], [ -4.422489606852394, 36.851087478881922 ], [ -4.422677065826097, 36.850913971591389 ], [ -4.422848310259227, 36.850470242035904 ], [ -4.424219878180868, 36.850643114533213 ], [ -4.424996627946862, 36.85079606271136 ], [ -4.425719823190349, 36.851084856206214 ], [ -4.425849878566164, 36.850839921638496 ], [ -4.426358169599363, 36.850428198686245 ], [ -4.426294901652755, 36.850041361704633 ], [ -4.426014069937779, 36.849413751777142 ], [ -4.426681853269766, 36.84853139260737 ], [ -4.427155156650917, 36.848651913476715 ], [ -4.427486877654855, 36.848999470649957 ], [ -4.427860276777706, 36.849779200709904 ], [ -4.428085551815687, 36.84983057730345 ], [ -4.428398187245906, 36.849754709478269 ], [ -4.429031325745748, 36.849422608505833 ], [ -4.429554998976447, 36.849236033690069 ], [ -4.429864955922394, 36.849015972426848 ], [ -4.430445672038436, 36.84827886174417 ], [ -4.430889833716718, 36.8480391548444 ], [ -4.431117582796036, 36.847621775000832 ], [ -4.431056782811639, 36.846766189860617 ], [ -4.431821619909464, 36.846883181715889 ], [ -4.432831979475298, 36.84693410299603 ], [ -4.4329281869461, 36.846680554971776 ], [ -4.432706227054618, 36.846205495882188 ], [ -4.43279206214476, 36.845997142297705 ], [ -4.433023843244638, 36.845796042982379 ], [ -4.433502966980056, 36.845628015819599 ], [ -4.434106776149669, 36.845530602312735 ], [ -4.434399992753445, 36.845617202714308 ], [ -4.434866118446875, 36.84595411230422 ], [ -4.435148293061718, 36.846049857992305 ], [ -4.435710284992836, 36.846115181745326 ], [ -4.436254909872505, 36.846451137530451 ], [ -4.436525875014913, 36.846547015358851 ], [ -4.436760008797261, 36.84647207445434 ], [ -4.437878854575029, 36.845728430778358 ], [ -4.438294305587851, 36.845155530961868 ], [ -4.438430289736965, 36.84463108144508 ], [ -4.43844461075681, 36.844198233786436 ], [ -4.438722561523142, 36.844068684633797 ], [ -4.439228320772786, 36.844125658662449 ], [ -4.439522888997653, 36.844284340948171 ], [ -4.440085209206419, 36.844367676865467 ], [ -4.440783772869689, 36.844539488238276 ], [ -4.441742092099256, 36.844807306380744 ], [ -4.441931014886761, 36.844714876045735 ], [ -4.441811442215888, 36.844319716867368 ], [ -4.441263268094699, 36.843794538538852 ], [ -4.440837750900532, 36.843231824340549 ], [ -4.440775601079942, 36.842908078738709 ], [ -4.440927670143748, 36.842644833370699 ], [ -4.441149222095511, 36.842497925563755 ], [ -4.441588025578694, 36.842573729158232 ], [ -4.442559905321463, 36.842967570546271 ], [ -4.442773279386603, 36.842983008440264 ], [ -4.443007215329419, 36.842899043885296 ], [ -4.444646492379443, 36.841806491232255 ], [ -4.444404085716206, 36.841439869003018 ], [ -4.444343956713477, 36.841224267058372 ], [ -4.444374372380723, 36.841052634139871 ], [ -4.444553426931648, 36.841032430485065 ], [ -4.444768661011629, 36.841146994687755 ], [ -4.445292899296311, 36.841591323343309 ], [ -4.445788597264337, 36.84230640341989 ], [ -4.445946926934297, 36.842376597302831 ], [ -4.446210590328064, 36.842084946167304 ], [ -4.446264635324078, 36.841381198789691 ], [ -4.448307282601601, 36.840274673592816 ], [ -4.450082973736203, 36.841979204030245 ], [ -4.450283194462711, 36.842170559011691 ], [ -4.450663754086514, 36.842724773717229 ], [ -4.451139809448486, 36.843584301101266 ], [ -4.451898223484997, 36.844548543731044 ], [ -4.452139832321426, 36.844759670969793 ], [ -4.453221045155775, 36.845704195282799 ], [ -4.453890276034263, 36.846101633817547 ], [ -4.4545217777907, 36.846283207063919 ], [ -4.455211737876715, 36.846590245933463 ], [ -4.455621893696738, 36.846927758349295 ], [ -4.456437770875294, 36.847368464352805 ], [ -4.457399255543074, 36.847798365435231 ], [ -4.458325057259075, 36.848120530434478 ], [ -4.458820658249877, 36.848231628247241 ], [ -4.460108287668974, 36.848116673654332 ], [ -4.460510243109727, 36.848021596674563 ], [ -4.460925983140722, 36.848061565379396 ], [ -4.462763444454489, 36.849138670477977 ], [ -4.464018924710307, 36.849691092146927 ], [ -4.464470034084203, 36.849820741871881 ], [ -4.464896310874908, 36.849824511427684 ], [ -4.465700924974931, 36.849670370322023 ], [ -4.465202930402119, 36.848847238838694 ], [ -4.465069621736731, 36.848326071312243 ], [ -4.464879426046072, 36.847174636846518 ], [ -4.465001427122012, 36.846515123710034 ], [ -4.464774640250386, 36.845796812540478 ], [ -4.464902314635284, 36.845434685845824 ], [ -4.464873538528956, 36.845101519782645 ], [ -4.464686916501586, 36.844725238798588 ], [ -4.463375671740995, 36.843596624244377 ], [ -4.463075392005023, 36.843140606281764 ], [ -4.462988675101087, 36.842709009570079 ], [ -4.463128595849181, 36.842400816855907 ], [ -4.463392879748247, 36.842145175918432 ], [ -4.463970414179377, 36.841849621271102 ], [ -4.464855188814551, 36.841198747223942 ], [ -4.465027187980534, 36.840809032436667 ], [ -4.465065685237509, 36.840475036977296 ], [ -4.466070323859127, 36.839642399795039 ], [ -4.466087069827103, 36.839344736633592 ], [ -4.466230785392159, 36.838648898461024 ], [ -4.466450211036468, 36.838393804125083 ], [ -4.466770872348034, 36.838155487883263 ], [ -4.467022713147282, 36.837836895636251 ], [ -4.467083107306838, 36.837475596714661 ], [ -4.467006714774323, 36.836998797070954 ], [ -4.466979678092784, 36.83616985747102 ], [ -4.467179070873016, 36.836041202778638 ], [ -4.467448313187602, 36.836046893074581 ], [ -4.468636189060351, 36.836005190072932 ], [ -4.469288510064524, 36.836105303803066 ], [ -4.469689356003602, 36.83595612699181 ], [ -4.469799398773553, 36.83584660031481 ], [ -4.469590023785954, 36.834866671613973 ], [ -4.468896680273395, 36.834379480221457 ], [ -4.468666945792301, 36.834093866933287 ], [ -4.468638665210091, 36.833787745721978 ], [ -4.468498103842166, 36.833473997781951 ], [ -4.468435711812381, 36.833436459707222 ], [ -4.467238558413735, 36.832696314816751 ], [ -4.467108182840684, 36.832328356304885 ], [ -4.467156501854704, 36.831922136875669 ], [ -4.4668928055342, 36.831618920389715 ], [ -4.466440251842205, 36.831408162667167 ], [ -4.466244855461143, 36.831158185190432 ], [ -4.466405111382694, 36.830741571377601 ], [ -4.46671126201044, 36.830332171187152 ], [ -4.466750780801793, 36.83005225425952 ], [ -4.467036915666379, 36.829769294088202 ], [ -4.467493096571891, 36.829583386523481 ], [ -4.467701099583815, 36.829319425978959 ], [ -4.467638861275645, 36.828995686783394 ], [ -4.467291710719657, 36.828432099572872 ], [ -4.468078214816738, 36.826754826690248 ], [ -4.468268120748621, 36.826130525479265 ], [ -4.468202083436117, 36.8256085375615 ], [ -4.467822723547854, 36.824531550489894 ], [ -4.46800038415859, 36.823853317571086 ], [ -4.467981782495849, 36.823465951412331 ], [ -4.467567571757792, 36.822912197185751 ], [ -4.466838142911728, 36.822290229229928 ], [ -4.466707272401176, 36.821895224993575 ], [ -4.466664023741875, 36.821390982308685 ], [ -4.466952983724351, 36.819494505921284 ], [ -4.466905767772034, 36.818782993189956 ], [ -4.466295424944772, 36.817348294588456 ], [ -4.46633977562815, 36.816734795530536 ], [ -4.46659417252631, 36.815965478791981 ], [ -4.467082045149791, 36.815094137159903 ], [ -4.467381090000288, 36.814315253854858 ], [ -4.467414483130724, 36.813990333335084 ], [ -4.467418879475408, 36.813945209716941 ], [ -4.466944387165222, 36.813166858121029 ], [ -4.467687413655552, 36.812743050123146 ], [ -4.469157560319275, 36.81223815305119 ], [ -4.471025806984802, 36.811448892228547 ], [ -4.472025187700009, 36.810949774475247 ], [ -4.472656261807694, 36.810536344601758 ], [ -4.47302300131309, 36.810369552001738 ], [ -4.473325473778464, 36.810359043915398 ], [ -4.473751141988838, 36.810342501175633 ], [ -4.474402903990418, 36.810424568487853 ], [ -4.474880503292312, 36.810193298348928 ], [ -4.475889638221281, 36.809036024030085 ], [ -4.475975970203184, 36.808277778343303 ], [ -4.476221979421799, 36.807661781103739 ], [ -4.476507998258447, 36.807378808738079 ], [ -4.481889843914113, 36.805112499778353 ], [ -4.486575821470383, 36.803395483049798 ], [ -4.488833107035345, 36.802456858847698 ], [ -4.492902758406061, 36.801324197347519 ], [ -4.493415253477195, 36.801182553966989 ], [ -4.493871210987914, 36.800996549397404 ], [ -4.494501196850754, 36.800537949207204 ], [ -4.495049066016404, 36.799891078132866 ], [ -4.495831720883124, 36.799214209750687 ], [ -4.49588489793578, 36.79917523190101 ], [ -4.497224180906914, 36.798196156002696 ], [ -4.498850864244003, 36.797121050946593 ], [ -4.499379424366839, 36.796636653012342 ], [ -4.499642733028748, 36.796308833763369 ], [ -4.500222032714152, 36.795589431893404 ], [ -4.500906309648272, 36.79461406977078 ], [ -4.501199713279759, 36.794195728653506 ], [ -4.501627070941202, 36.793588657786884 ], [ -4.502086765159065, 36.792933854177022 ], [ -4.502289624414336, 36.792417501555981 ], [ -4.50235645256171, 36.791821742419209 ], [ -4.502309122523131, 36.791119259038787 ], [ -4.502499314490858, 36.789954058749181 ], [ -4.502942103606379, 36.788524272873403 ], [ -4.503348326196988, 36.787518599214415 ], [ -4.503923829368744, 36.786573880616587 ], [ -4.504762104181862, 36.785887245922751 ], [ -4.505658333089576, 36.785299015224673 ], [ -4.506547403033918, 36.784918196502133 ], [ -4.506958582967803, 36.784741723616008 ], [ -4.510092294077414, 36.78396285582248 ], [ -4.510918517893825, 36.783808149255044 ], [ -4.511574574008505, 36.783547424526944 ], [ -4.512149888836703, 36.783170542615728 ], [ -4.512608216624189, 36.782542757732017 ], [ -4.512639921027569, 36.781875328577158 ], [ -4.512986561393992, 36.781266990396702 ], [ -4.513512620821694, 36.780665381961846 ], [ -4.515325936059405, 36.779993312216078 ], [ -4.516231590525654, 36.77989163127512 ], [ -4.517474392738975, 36.779839734462364 ], [ -4.521021422986216, 36.780145992584302 ], [ -4.521842604578893, 36.780306760057869 ], [ -4.524782749301369, 36.780521508167126 ], [ -4.532545723417399, 36.77588780992884 ], [ -4.532718852396327, 36.774452376882266 ], [ -4.535943688896263, 36.773220966430806 ], [ -4.536247457720106, 36.772721290675754 ], [ -4.537580318403839, 36.772136204648476 ], [ -4.539792319137492, 36.771251282985482 ], [ -4.541162126021913, 36.771954658746324 ], [ -4.542920586101137, 36.771922865233392 ], [ -4.543839468917458, 36.771370120492989 ], [ -4.545136303119373, 36.771227096243251 ], [ -4.547342073906266, 36.771153361501291 ], [ -4.548116781880189, 36.77123342813389 ], [ -4.548839654175008, 36.771521473902759 ], [ -4.550018719320677, 36.769423927631181 ], [ -4.551248720230925, 36.769858593471014 ], [ -4.552121737364304, 36.770370015945559 ], [ -4.552873187477101, 36.770964143515393 ], [ -4.553445983125056, 36.771587632077875 ], [ -4.553966589778193, 36.772401098983096 ], [ -4.555441504789044, 36.774418953547524 ], [ -4.558472482654959, 36.77912958516017 ], [ -4.55974845745304, 36.780717334519281 ], [ -4.560159965374165, 36.781117567396898 ], [ -4.56052375343792, 36.781374195008198 ], [ -4.560954029967593, 36.781593902618276 ], [ -4.566609376105271, 36.783069960361324 ], [ -4.56872638179683, 36.783573886671789 ], [ -4.572166293886584, 36.784105371949053 ], [ -4.572760244389134, 36.784106532454338 ], [ -4.57483498954542, 36.783637419144426 ], [ -4.575257396210436, 36.783469576731044 ], [ -4.575599892599196, 36.783230681252213 ], [ -4.575937772932468, 36.782766501311784 ], [ -4.576432869649151, 36.782318264151414 ], [ -4.577758679338598, 36.780849472285034 ], [ -4.579215458132646, 36.781398014850666 ], [ -4.581278271803733, 36.782057924618165 ], [ -4.586728078942397, 36.783803921838448 ], [ -4.587888672940038, 36.784112936161947 ], [ -4.587086440599505, 36.783249299943172 ], [ -4.586780616422828, 36.783091132877487 ], [ -4.586015485858812, 36.782939082178174 ], [ -4.585686887896098, 36.782763188413064 ], [ -4.585086158045322, 36.781887828491101 ], [ -4.584840136052106, 36.781368308155365 ], [ -4.584660973159129, 36.780829868845011 ], [ -4.584700364899295, 36.779477268073329 ], [ -4.584867687624143, 36.777807479949104 ], [ -4.585115470624181, 36.776235779568054 ], [ -4.585136241514195, 36.774522883519353 ], [ -4.58397641219547, 36.772609375472818 ], [ -4.581293516879188, 36.768543778834349 ], [ -4.581325577679953, 36.76683073043128 ], [ -4.58176583644275, 36.766446296992129 ], [ -4.58185960584706, 36.766102525526307 ], [ -4.581730117772162, 36.765797778185643 ], [ -4.581127688972849, 36.765922957949066 ], [ -4.580634241476337, 36.765352632601868 ], [ -4.581081496976631, 36.762579449910717 ], [ -4.581099096140767, 36.762516119327721 ], [ -4.581404834492269, 36.761412370429419 ], [ -4.58203166335725, 36.760295345978136 ], [ -4.582784076118919, 36.759293826864727 ], [ -4.583174116019707, 36.75864865594891 ], [ -4.584088180273752, 36.756247836238657 ], [ -4.584911387889995, 36.753244284997237 ], [ -4.585826335471221, 36.750347679333558 ], [ -4.585560851813082, 36.748332121932599 ], [ -4.585464233438229, 36.747990884289244 ], [ -4.585213246111413, 36.747768874216924 ], [ -4.584896742200713, 36.747628869840803 ], [ -4.584634756666476, 36.747416027858343 ], [ -4.58460735722874, 36.747173019516019 ], [ -4.584818091575405, 36.746476147914237 ], [ -4.585037380976327, 36.745752120446859 ], [ -4.584996003127963, 36.745374090953895 ], [ -4.584494141024559, 36.744389254660476 ], [ -4.584544394282227, 36.744109156657167 ], [ -4.584674313738783, 36.743891094358624 ], [ -4.585589046152846, 36.743166823657745 ], [ -4.586064957789196, 36.742890065356654 ], [ -4.58626186769273, 36.742662094457664 ], [ -4.586310629621324, 36.742309904954311 ], [ -4.586202622872832, 36.741959805554536 ], [ -4.585959698174473, 36.741584463048014 ], [ -4.585873357254171, 36.741198019148541 ], [ -4.585922109089286, 36.740845829849803 ], [ -4.586111978069893, 36.740275427369085 ], [ -4.585967800512752, 36.739799616111824 ], [ -4.584616685495302, 36.737816537495597 ], [ -4.584375264119369, 36.737513281982565 ], [ -4.584275917000487, 36.736748419424444 ], [ -4.584268849301908, 36.736694430486921 ], [ -4.584115346446812, 36.736308879105628 ], [ -4.58328628381266, 36.735202197497252 ], [ -4.583014249172621, 36.735043558806339 ], [ -4.582630673824557, 36.734582194856351 ], [ -4.582428652431472, 36.734339254448514 ], [ -4.58208760952087, 36.734091401841241 ], [ -4.581840376781226, 36.734049610611734 ], [ -4.58055304259732, 36.734075722567134 ], [ -4.579518779601652, 36.733882129010546 ], [ -4.578426786798066, 36.73326114324167 ], [ -4.578170439553602, 36.733115805920853 ], [ -4.577771950461388, 36.732796591756056 ], [ -4.57758839412036, 36.732582693027823 ], [ -4.577286072041676, 36.732036846703018 ], [ -4.577079352069987, 36.731237353475933 ], [ -4.577056958417299, 36.72630706840642 ], [ -4.577023890603032, 36.725784702495552 ], [ -4.576866197764635, 36.725191877094737 ], [ -4.576582984436195, 36.724483534180266 ], [ -4.576200869111658, 36.723866630168935 ], [ -4.575580918696893, 36.723117674961671 ], [ -4.575541812647931, 36.722847776597966 ], [ -4.575592076229426, 36.72256768110573 ], [ -4.575870982560888, 36.721969072514902 ], [ -4.575884876529043, 36.721912551825845 ], [ -4.576026382384384, 36.721354071249714 ], [ -4.576134086538105, 36.721145325742782 ], [ -4.576640318279778, 36.72016513065261 ], [ -4.577404296710792, 36.719127434028515 ], [ -4.577511885179096, 36.718981785925813 ], [ -4.577527125836395, 36.718837361913167 ], [ -4.577644645332972, 36.717808231324319 ], [ -4.577652347915059, 36.717636865577063 ], [ -4.577586796489499, 36.717169013000614 ], [ -4.576585622869322, 36.716938896774003 ], [ -4.576069991906364, 36.716909671063938 ], [ -4.575070306918494, 36.717301479980293 ], [ -4.574546975401193, 36.717443604309928 ], [ -4.573562503722898, 36.717483658041665 ], [ -4.57197963476101, 36.717279220674406 ], [ -4.571259216547785, 36.717090429056938 ] ] ], [ [ [ -4.291801264877297, 36.777915321270129 ], [ -4.293672127246515, 36.777885982803951 ], [ -4.293379921543412, 36.777168022615299 ], [ -4.292937195350243, 36.776981529380443 ], [ -4.292691513179659, 36.776878040487695 ], [ -4.292464418275727, 36.776760341178708 ], [ -4.291481995023481, 36.776251168144711 ], [ -4.290343655295829, 36.775857878187303 ], [ -4.28917276265364, 36.775528037871148 ], [ -4.287115467417379, 36.775126635752606 ], [ -4.286106261932597, 36.775083467212021 ], [ -4.285341959487406, 36.775006085492961 ], [ -4.284243055800598, 36.774896264417286 ], [ -4.28438547597078, 36.774029370645522 ], [ -4.284457517483234, 36.772973930916486 ], [ -4.28453947138707, 36.772513325422736 ], [ -4.284000982475115, 36.772474068656798 ], [ -4.283486240857221, 36.77251568037584 ], [ -4.28303082868709, 36.772754960786671 ], [ -4.28265087905606, 36.773489202853277 ], [ -4.282341537158734, 36.773753938839562 ], [ -4.281963034818506, 36.773902244763946 ], [ -4.281471299789944, 36.773979656403398 ], [ -4.280937739470764, 36.774237799014742 ], [ -4.280616747005879, 36.774475622647827 ], [ -4.278268259318304, 36.775429321035737 ], [ -4.277992066918022, 36.77566665619716 ], [ -4.278019112303278, 36.775945803633178 ], [ -4.278122636612009, 36.776106954616544 ], [ -4.277812670077208, 36.776335629127672 ], [ -4.277056966247602, 36.776713324386932 ], [ -4.276680071965887, 36.776960751792991 ], [ -4.276178452809424, 36.777119374972372 ], [ -4.275216427666149, 36.777219825040405 ], [ -4.274768284212788, 36.777224628753075 ], [ -4.274468909904542, 36.777417133599407 ], [ -4.274327739255322, 36.777689070050776 ], [ -4.274313240214112, 36.77816697429413 ], [ -4.274488298981958, 36.778588762754168 ], [ -4.274739708255296, 36.778883543887716 ], [ -4.275091207605049, 36.779132171864156 ], [ -4.275497843756969, 36.779326122755826 ], [ -4.276082836814606, 36.779464074095863 ], [ -4.276367418513222, 36.779731453394497 ], [ -4.276461982751493, 36.7800279047269 ], [ -4.276408648452709, 36.780866790675468 ], [ -4.276540863116965, 36.781406219154917 ], [ -4.27654728031644, 36.781793766575476 ], [ -4.276373393522547, 36.782120141134286 ], [ -4.275975268862909, 36.782439898128352 ], [ -4.274754263862262, 36.783147078233114 ], [ -4.273986826418802, 36.783497837654899 ], [ -4.273455262968777, 36.783882123399074 ], [ -4.273436731567601, 36.784116688995539 ], [ -4.273479461815057, 36.784167449725501 ], [ -4.273521540629311, 36.78421744219996 ], [ -4.273565391118002, 36.784269524992276 ], [ -4.273605755192384, 36.784317471562531 ], [ -4.273657196484347, 36.784378586311654 ], [ -4.27372251523227, 36.784456165446855 ], [ -4.273772948560736, 36.784492934781554 ], [ -4.273834181103007, 36.784537583958574 ], [ -4.274051478799119, 36.784696023305401 ], [ -4.274354751363465, 36.784737844852273 ], [ -4.274857916988195, 36.784669362744175 ], [ -4.275306114976487, 36.784664557744591 ], [ -4.277409033648003, 36.785777778131262 ], [ -4.277230220367434, 36.786482799537218 ], [ -4.277756851898801, 36.786477151902879 ], [ -4.278896469236845, 36.786266592575679 ], [ -4.280283594751353, 36.785440407624833 ], [ -4.280521261830541, 36.784906016304824 ], [ -4.280820187880213, 36.784686458813823 ], [ -4.281615278562505, 36.784650851506846 ], [ -4.281817819104274, 36.784026694992157 ], [ -4.282585586693763, 36.784369977480338 ], [ -4.283622964336067, 36.78407934862858 ], [ -4.284862616959717, 36.783822591258563 ], [ -4.2852217631376, 36.783854767347897 ], [ -4.286641679077739, 36.784326186303772 ], [ -4.28721446885306, 36.784401115517461 ], [ -4.287279284056369, 36.784256188293853 ], [ -4.28719186695913, 36.783049243775345 ], [ -4.287286084180736, 36.782651603234768 ], [ -4.287627838654075, 36.782314381806437 ], [ -4.287857559132739, 36.781978372544692 ], [ -4.287884233920886, 36.781563434598027 ], [ -4.287647890952837, 36.781502894712425 ], [ -4.287188961453698, 36.781534895541483 ], [ -4.287170533101608, 36.781102417574253 ], [ -4.287299253758947, 36.780758488199126 ], [ -4.287751241581478, 36.78031190392111 ], [ -4.288078612415503, 36.77978554051775 ], [ -4.288062581872721, 36.779497262469903 ], [ -4.287761491004046, 36.778914605223122 ], [ -4.288764861806778, 36.778606271996985 ], [ -4.289959593301733, 36.77834994887651 ], [ -4.290907685049988, 36.778087267738627 ], [ -4.291801264877297, 36.777915321270129 ] ] ] ] } },
{ "type": "Feature", "properties": { "cod_mun": "14021", "nombre": "Córdoba", "provincia": "Córdoba" }, "geometry": { "type": "MultiPolygon", "coordinates": [ [ [ [ -4.998599846237061, 37.909834265121546 ], [ -4.998587170903154, 37.909365881950492 ], [ -4.997787969322754, 37.906730010865964 ], [ -4.9966908585823, 37.90569425812771 ], [ -4.993026143261279, 37.901385674891365 ], [ -4.990015148620722, 37.897687723604484 ], [ -4.988856870006799, 37.896905247083545 ], [ -4.985066584494985, 37.894662197893815 ], [ -4.978536623730755, 37.891167386085549 ], [ -4.970894571698872, 37.886879749543418 ], [ -4.967218649172467, 37.885048735229695 ], [ -4.966591507250381, 37.884554549927465 ], [ -4.965461547322596, 37.883537057243615 ], [ -4.963659069251833, 37.882026118040557 ], [ -4.961883696954679, 37.880676901046336 ], [ -4.960581619067428, 37.879166590122054 ], [ -4.958794679022289, 37.877375949052272 ], [ -4.955984462522879, 37.874719126642944 ], [ -4.954837483730315, 37.873476515179696 ], [ -4.95437788358907, 37.872862334621828 ], [ -4.953890150152357, 37.872473905011233 ], [ -4.952910655160622, 37.871543914811326 ], [ -4.952733317411354, 37.871285515214261 ], [ -4.95230204297004, 37.869589440219933 ], [ -4.951958519383348, 37.866909630241921 ], [ -4.951801058494078, 37.86654275760484 ], [ -4.950794443540699, 37.865441973200163 ], [ -4.949826208332071, 37.864502756442405 ], [ -4.948988429350409, 37.863768633836031 ], [ -4.947587066234988, 37.862782489253661 ], [ -4.94615614525742, 37.861968040678924 ], [ -4.944823972021609, 37.861016765364688 ], [ -4.944544184148143, 37.860751033339056 ], [ -4.944548687169482, 37.859624490185844 ], [ -4.944541357468297, 37.858912677224453 ], [ -4.94438587643435, 37.856455026289233 ], [ -4.944185886016063, 37.855331851129073 ], [ -4.944107557051651, 37.854513077335191 ], [ -4.943950175082668, 37.854146191482315 ], [ -4.942553568119847, 37.852898561010242 ], [ -4.942281645721223, 37.852497506506808 ], [ -4.942363073930786, 37.852135698479188 ], [ -4.942566156306432, 37.851645708129155 ], [ -4.943064369972375, 37.851141852352299 ], [ -4.943408743020626, 37.850406217662872 ], [ -4.943658218282594, 37.849518947657245 ], [ -4.943550300245847, 37.84930444537617 ], [ -4.943107986109332, 37.848906205601772 ], [ -4.942449612163035, 37.848502517655433 ], [ -4.941795014992192, 37.848242953095166 ], [ -4.941291633465188, 37.848116068858737 ], [ -4.94063020602225, 37.847595266871195 ], [ -4.938984374808597, 37.8459371540416 ], [ -4.938469986485663, 37.844954312969115 ], [ -4.938457249014005, 37.844467882742677 ], [ -4.938681417629637, 37.843914477313085 ], [ -4.939077139566244, 37.843403305072556 ], [ -4.939428835475815, 37.842946927951914 ], [ -4.93992064211365, 37.84219987077141 ], [ -4.939848014822896, 37.842029842339983 ], [ -4.939660842525771, 37.841825644770161 ], [ -4.939431819039538, 37.841324754181493 ], [ -4.939441558590476, 37.840828941707699 ], [ -4.939539348023781, 37.840223545340507 ], [ -4.939517842664225, 37.839836389822828 ], [ -4.939469351878239, 37.839720034554929 ], [ -4.939384886416578, 37.839532177048042 ], [ -4.939192531942989, 37.839129812083414 ], [ -4.939182634737326, 37.838751477066516 ], [ -4.939163962932312, 37.838472417006273 ], [ -4.939311657046422, 37.838037423931546 ], [ -4.939353327088224, 37.837892547751984 ], [ -4.939659799326152, 37.83744592669084 ], [ -4.940025183124511, 37.837079440803691 ], [ -4.940606829557319, 37.836727412919032 ], [ -4.941505092384046, 37.836316099087853 ], [ -4.942847729706605, 37.835518965990481 ], [ -4.944219692618331, 37.834541087345805 ], [ -4.944564216238623, 37.83424702694218 ], [ -4.944913457222407, 37.834133124760022 ], [ -4.945919560093795, 37.833503711553959 ], [ -4.945963097137835, 37.833430897097735 ], [ -4.946269037994051, 37.832966244220628 ], [ -4.946268085987166, 37.832497652397613 ], [ -4.946059397864057, 37.831906319432072 ], [ -4.944659649647927, 37.830091019186995 ], [ -4.944606889557583, 37.829812522863328 ], [ -4.944679767243666, 37.82955899598111 ], [ -4.944954232308147, 37.829193996728804 ], [ -4.945092647971796, 37.828840256411716 ], [ -4.945107803569273, 37.828551626376267 ], [ -4.944878304280945, 37.828032729475609 ], [ -4.944108689440184, 37.826846861657835 ], [ -4.942100697171846, 37.823058984233469 ], [ -4.940947497557525, 37.821104398447837 ], [ -4.939562123274939, 37.818522792827657 ], [ -4.938312334235215, 37.816344481094703 ], [ -4.935277446434278, 37.810617782289839 ], [ -4.934230955995735, 37.807949446579251 ], [ -4.933650353865386, 37.806156608946409 ], [ -4.931501290441745, 37.800397241668215 ], [ -4.931212179387052, 37.799762136590282 ], [ -4.928389290736281, 37.800394105796691 ], [ -4.927255670224651, 37.800475728326113 ], [ -4.925991561984202, 37.800343178768721 ], [ -4.924349545668089, 37.800090624247062 ], [ -4.923067776094483, 37.799715018553329 ], [ -4.922045505417825, 37.799272089336668 ], [ -4.921167783641145, 37.798709628954001 ], [ -4.920561833405347, 37.798115712380962 ], [ -4.920103473041689, 37.79751938635566 ], [ -4.919366005390954, 37.795792102719957 ], [ -4.917876048886211, 37.795266628729074 ], [ -4.914124009714622, 37.79377755914571 ], [ -4.912547980183509, 37.793875231425041 ], [ -4.910157651593472, 37.794103220742507 ], [ -4.906411571134811, 37.794605431823122 ], [ -4.905861343694326, 37.794848639058209 ], [ -4.903475468627517, 37.796581419066641 ], [ -4.903170575077164, 37.796649421183368 ], [ -4.900189860125994, 37.796003593399981 ], [ -4.898313348796663, 37.795457070472025 ], [ -4.897754799615694, 37.795375943262549 ], [ -4.897245105760735, 37.795429214982683 ], [ -4.894835997742159, 37.796261007879671 ], [ -4.893717180983658, 37.796477248475796 ], [ -4.892201024045857, 37.796699854025412 ], [ -4.889392528000306, 37.797015257630939 ], [ -4.886548343767986, 37.79726809123899 ], [ -4.884068323090452, 37.797551079085608 ], [ -4.883567982934935, 37.797973615622212 ], [ -4.880755458143774, 37.800821229091248 ], [ -4.880579063626164, 37.801031312638017 ], [ -4.87854873382204, 37.803379742969462 ], [ -4.877861690553021, 37.804057578296387 ], [ -4.87661595042823, 37.803752986324632 ], [ -4.875583646783446, 37.803354871099359 ], [ -4.87513494758263, 37.803127695569138 ], [ -4.875493661076316, 37.802491162101781 ], [ -4.876270126447081, 37.801307253221601 ], [ -4.878543562133235, 37.798243045418296 ], [ -4.879996682277116, 37.796426516728786 ], [ -4.880405404014525, 37.795077222574719 ], [ -4.881088252215068, 37.78841554419391 ], [ -4.881109383698703, 37.787009343045874 ], [ -4.881100932165531, 37.786676042833022 ], [ -4.881044734748661, 37.785802784728382 ], [ -4.880901091101719, 37.784615502613185 ], [ -4.879731404999425, 37.780128195619753 ], [ -4.879435857663109, 37.77832151404747 ], [ -4.878985768720262, 37.776688515745398 ], [ -4.878143420389193, 37.774358840933274 ], [ -4.880066478454276, 37.77497704788999 ], [ -4.881527833833756, 37.775296189927737 ], [ -4.883409498001455, 37.77517603532916 ], [ -4.883831931335266, 37.775268412582989 ], [ -4.886096307058902, 37.776358697883154 ], [ -4.886886051090394, 37.776607407412762 ], [ -4.887637845458981, 37.776703515539737 ], [ -4.88878550484214, 37.776739208902129 ], [ -4.889999884360914, 37.776719748509407 ], [ -4.891034728147661, 37.776784266008484 ], [ -4.892690490049314, 37.777154219344865 ], [ -4.893575040935107, 37.777112985174504 ], [ -4.895087804584865, 37.77677326418857 ], [ -4.898407272620352, 37.775602388522685 ], [ -4.89911719511645, 37.775392699184927 ], [ -4.899648756812912, 37.775312041058697 ], [ -4.900410977402093, 37.77537185143904 ], [ -4.905584902534537, 37.77656803110569 ], [ -4.907877428120382, 37.776972536060107 ], [ -4.910078904600795, 37.776044735310748 ], [ -4.909492443325871, 37.773990517165139 ], [ -4.908016954561382, 37.769589583423404 ], [ -4.907698305510731, 37.768233941894337 ], [ -4.906909858817117, 37.764939339719788 ], [ -4.90668734040336, 37.764231002222147 ], [ -4.906458094150969, 37.76370301313856 ], [ -4.904566350221772, 37.76385974392074 ], [ -4.903291759988981, 37.763736133007413 ], [ -4.903861963910109, 37.762951913759444 ], [ -4.905180837433369, 37.761704995407946 ], [ -4.907703371860534, 37.759591494134838 ], [ -4.910009704274264, 37.75790500032538 ], [ -4.912257345732532, 37.756147318613401 ], [ -4.913961937834799, 37.754903063251064 ], [ -4.914262703314015, 37.754681897688712 ], [ -4.916537718659864, 37.753112942884933 ], [ -4.91864892817293, 37.751357360337742 ], [ -4.919542044002404, 37.750342507419298 ], [ -4.919808040698017, 37.750094858354856 ], [ -4.920683804657299, 37.749287564776125 ], [ -4.921193557420454, 37.748810647648725 ], [ -4.922129510961939, 37.748137533086975 ], [ -4.927373034680047, 37.745078059006822 ], [ -4.928925785336136, 37.744124467132941 ], [ -4.931189991461098, 37.742600461512296 ], [ -4.934823096855542, 37.740044644192295 ], [ -4.937915937811804, 37.737668822053465 ], [ -4.941402617229767, 37.734490294132911 ], [ -4.939963388642943, 37.733402096797796 ], [ -4.939055240963425, 37.733057465343599 ], [ -4.936536143451561, 37.732643063740042 ], [ -4.93226031520072, 37.730574253232184 ], [ -4.930556823947708, 37.730670754953444 ], [ -4.9291470232458, 37.730335885619873 ], [ -4.927607865528445, 37.730026636671433 ], [ -4.926168756526552, 37.729334793883012 ], [ -4.925336627485949, 37.728284702913655 ], [ -4.925052596717122, 37.727503674503851 ], [ -4.925150280602536, 37.726640168288583 ], [ -4.924678616044352, 37.725842467415241 ], [ -4.924074058604595, 37.725481584597205 ], [ -4.92299541077912, 37.725276323133222 ], [ -4.922194978277298, 37.724298868838012 ], [ -4.921694102567136, 37.723769469440448 ], [ -4.920322544947912, 37.723138363764718 ], [ -4.917495523371227, 37.722948910855415 ], [ -4.916851645018956, 37.723467845083071 ], [ -4.914739326368678, 37.723892315322644 ], [ -4.912675834322251, 37.724006121188054 ], [ -4.911996293211474, 37.723656125412212 ], [ -4.910716286558431, 37.722575522429729 ], [ -4.910591638211217, 37.721486453776279 ], [ -4.910649357480255, 37.72143630318422 ], [ -4.910689217038706, 37.7213737170974 ], [ -4.910724193376093, 37.721265032393767 ], [ -4.910753157767092, 37.72112548873919 ], [ -4.91075607483368, 37.720990431827794 ], [ -4.91074989109171, 37.720909612830766 ], [ -4.910729538501747, 37.720835034594494 ], [ -4.910705150100303, 37.720770290854794 ], [ -4.91066978190549, 37.720700786511848 ], [ -4.910633133680432, 37.720633564935227 ], [ -4.910578190083367, 37.720560782108635 ], [ -4.910517763757938, 37.720491855175865 ], [ -4.910453531264757, 37.720429775989878 ], [ -4.910371049339481, 37.720355970504613 ], [ -4.910082730978254, 37.720153681839896 ], [ -4.909910593843557, 37.720054923732796 ], [ -4.909826612834657, 37.720014153317706 ], [ -4.909730465548515, 37.719978518597649 ], [ -4.909553911888461, 37.71992554970177 ], [ -4.909444376971559, 37.719876199018024 ], [ -4.909352492467056, 37.719824967139957 ], [ -4.909169313344952, 37.71970790308179 ], [ -4.909161763445614, 37.718985167989516 ], [ -4.908471871617032, 37.71899859483176 ], [ -4.907569028777742, 37.718865954497005 ], [ -4.906855593655519, 37.717952321302647 ], [ -4.906230631695783, 37.716453090249416 ], [ -4.90547292461279, 37.716812037400061 ], [ -4.904381722484421, 37.716729911041043 ], [ -4.901838912267036, 37.715416997463088 ], [ -4.90112723460885, 37.715855111160387 ], [ -4.901224621455738, 37.71663813149663 ], [ -4.901010913457651, 37.717735464382699 ], [ -4.900700022705258, 37.71840863379748 ], [ -4.898850570168912, 37.718720253897004 ], [ -4.896531663361322, 37.718240930421231 ], [ -4.895796394979926, 37.718512488253808 ], [ -4.894607686817562, 37.719012308043595 ], [ -4.892347398206337, 37.719641076735556 ], [ -4.890364971707225, 37.719816724233787 ], [ -4.887921486453242, 37.719415047888091 ], [ -4.882330630738482, 37.718276460467138 ], [ -4.880539108369939, 37.716987761332391 ], [ -4.880374044938431, 37.716960105308885 ], [ -4.880107276194066, 37.71689659020776 ], [ -4.879503916676096, 37.716743680417203 ], [ -4.879354732128832, 37.716716734022953 ], [ -4.879219975920093, 37.716707653686299 ], [ -4.879172841723867, 37.716705097782373 ], [ -4.879107996885309, 37.716688567088937 ], [ -4.87882134781251, 37.716586631992044 ], [ -4.878513087565264, 37.716459986993414 ], [ -4.878394376062957, 37.716382734744528 ], [ -4.878282529259848, 37.716317196853673 ], [ -4.87778989427065, 37.716109585424825 ], [ -4.877667920082676, 37.716080545107189 ], [ -4.877487360530507, 37.716005611035555 ], [ -4.877243038995117, 37.715882828650059 ], [ -4.877109559341894, 37.715797050531172 ], [ -4.876932324216818, 37.715704552117813 ], [ -4.876576506494361, 37.715528146442985 ], [ -4.876098899000603, 37.715307833798548 ], [ -4.875477214768221, 37.715266890903926 ], [ -4.874868040212055, 37.715179883083572 ], [ -4.87439389457595, 37.715131765880699 ], [ -4.873996231334742, 37.715079916316562 ], [ -4.873543796479987, 37.714975350060151 ], [ -4.873326902776822, 37.714909251207175 ], [ -4.873123222785653, 37.714839877828567 ], [ -4.872976563613995, 37.714778727228946 ], [ -4.872822864422261, 37.714668653393524 ], [ -4.872416659582815, 37.714329186333032 ], [ -4.871900938583424, 37.713779618405127 ], [ -4.871519779053415, 37.713765195941789 ], [ -4.871185627943315, 37.713730821112343 ], [ -4.870867563261415, 37.713718990645127 ], [ -4.870307643868067, 37.713733158299974 ], [ -4.869989442270174, 37.713752428458186 ], [ -4.869799602825339, 37.713734721443615 ], [ -4.869599992434375, 37.713704236723373 ], [ -4.869470479357443, 37.713685049515867 ], [ -4.869347733221182, 37.713687753424878 ], [ -4.868704320793931, 37.71368302348688 ], [ -4.868469892319129, 37.713723329363702 ], [ -4.868127073999257, 37.713881762415731 ], [ -4.867943816705917, 37.713874086717084 ], [ -4.867754313586526, 37.713846728101657 ], [ -4.867457956304975, 37.713801235615229 ], [ -4.867161859169783, 37.713735361845757 ], [ -4.866865394942111, 37.713657101469195 ], [ -4.866769024515086, 37.713615513887703 ], [ -4.866003677939097, 37.713445056839447 ], [ -4.865806829428273, 37.713563933969574 ], [ -4.865538735014138, 37.713746482648482 ], [ -4.865172307298356, 37.713996492586453 ], [ -4.864999776024802, 37.71411979603478 ], [ -4.864858710314573, 37.714227127552164 ], [ -4.864647641200913, 37.714382123076085 ], [ -4.864495233565258, 37.714502268603177 ], [ -4.864179986018074, 37.714793047793727 ], [ -4.86388729524769, 37.715064607053371 ], [ -4.862733693784369, 37.716120311990984 ], [ -4.862554813860064, 37.716284465086801 ], [ -4.862362707624933, 37.716465481323134 ], [ -4.862158499450089, 37.716648013244587 ], [ -4.861950073569536, 37.716837938308508 ], [ -4.861766520274734, 37.717008148108619 ], [ -4.8615400427902, 37.717236605076423 ], [ -4.861295026941893, 37.717467355080927 ], [ -4.861037241144925, 37.717709679532888 ], [ -4.860822697142042, 37.717901069085002 ], [ -4.860514425068928, 37.718187925366792 ], [ -4.860195044553754, 37.718478894484832 ], [ -4.860022319046201, 37.718645974730393 ], [ -4.859913015503806, 37.718765100690611 ], [ -4.859837414816474, 37.71885007046226 ], [ -4.859722731998096, 37.718978680784154 ], [ -4.859610685054958, 37.719115171064303 ], [ -4.859513244384185, 37.719250060941107 ], [ -4.859408434266289, 37.719394691956929 ], [ -4.85928005733359, 37.719588693600507 ], [ -4.85918227752812, 37.719749092873023 ], [ -4.859101963698194, 37.719906098353967 ], [ -4.8590175279982, 37.720074776415373 ], [ -4.858923386635626, 37.72029499464324 ], [ -4.858871501017825, 37.720422406350053 ], [ -4.858822703147684, 37.720568505541166 ], [ -4.858763133271075, 37.720752986014475 ], [ -4.858719273710966, 37.720929179867987 ], [ -4.858685626772576, 37.721076851482472 ], [ -4.858640861296659, 37.721311683458758 ], [ -4.858612283246076, 37.721545962728989 ], [ -4.858603376040743, 37.72171206146357 ], [ -4.858592473776726, 37.721989896928541 ], [ -4.858597400923605, 37.722452564714501 ], [ -4.858585769630369, 37.722969043633661 ], [ -4.85859591461691, 37.723330882554556 ], [ -4.858587549577862, 37.723664832467165 ], [ -4.858586909537983, 37.723843030219392 ], [ -4.858576030549812, 37.723998336436686 ], [ -4.858555934610472, 37.724137142618822 ], [ -4.858533758070486, 37.724276233946419 ], [ -4.858518681767831, 37.724398892346251 ], [ -4.858475017806331, 37.724554409151921 ], [ -4.858365491483998, 37.724943324023272 ], [ -4.858289368393808, 37.72516068908233 ], [ -4.858211382551857, 37.725335771560481 ], [ -4.858100984501421, 37.725570042935281 ], [ -4.858008377210209, 37.725753484741475 ], [ -4.857856354939264, 37.726002543130377 ], [ -4.857638738488825, 37.726289738194041 ], [ -4.857036403854616, 37.727111304265897 ], [ -4.856671113589515, 37.727604588510168 ], [ -4.85561120614443, 37.7290430703952 ], [ -4.855271502678185, 37.729499349246829 ], [ -4.85489725435268, 37.730097471865378 ], [ -4.854391872337015, 37.73093067419039 ], [ -4.854271489213041, 37.731138909906157 ], [ -4.853599297529012, 37.732255451909651 ], [ -4.853323479187193, 37.732743272063743 ], [ -4.852834573501561, 37.732596402383621 ], [ -4.852746103887254, 37.732551083562626 ], [ -4.852444668004233, 37.732464295379863 ], [ -4.852341272007671, 37.732451555375874 ], [ -4.85215944648472, 37.732443932229472 ], [ -4.85200156294338, 37.732424892689011 ], [ -4.851861589415286, 37.732395081380425 ], [ -4.851633797658239, 37.732320093205963 ], [ -4.85139239490085, 37.732262171086845 ], [ -4.851160698250843, 37.732210782989902 ], [ -4.85100863061404, 37.732164163784361 ], [ -4.850797193549345, 37.732123884104197 ], [ -4.850429270851112, 37.732027221236635 ], [ -4.850098665839603, 37.731970967473721 ], [ -4.849667995635178, 37.731914463000358 ], [ -4.849538578960138, 37.7318929455881 ], [ -4.849334924586448, 37.73187991092837 ], [ -4.849214952961035, 37.731882730870481 ], [ -4.848902290212976, 37.731951055131191 ], [ -4.848757353215389, 37.731963855199965 ], [ -4.848412491467355, 37.731981278162912 ], [ -4.847944347746854, 37.73200942024112 ], [ -4.847708318457962, 37.732040157655348 ], [ -4.847426720026745, 37.732037624277105 ], [ -4.847328890362146, 37.732028730889219 ], [ -4.846889136385841, 37.732006172123441 ], [ -4.846722962007634, 37.731996339638272 ], [ -4.846519438048471, 37.732002710180396 ], [ -4.84635738123194, 37.732003780415866 ], [ -4.846178293314405, 37.732008091247799 ], [ -4.846130102671625, 37.732013154010083 ], [ -4.845898899305658, 37.732046344608989 ], [ -4.845761473467318, 37.732080625407669 ], [ -4.845625172765945, 37.732131434689364 ], [ -4.845471017477667, 37.732184776458887 ], [ -4.845269205756661, 37.732261061146367 ], [ -4.845102104328198, 37.732327267195231 ], [ -4.844865063027322, 37.732391386682295 ], [ -4.844789453512646, 37.732405908299107 ], [ -4.844626703409609, 37.732419775223406 ], [ -4.844431956111118, 37.732426869950565 ], [ -4.844131556625753, 37.732428110664976 ], [ -4.84395489783141, 37.732424269197729 ], [ -4.843690755120579, 37.732383512695201 ], [ -4.84358359740781, 37.732346689355488 ], [ -4.843394835124111, 37.732275283212203 ], [ -4.843224169850053, 37.732192806181999 ], [ -4.842962782251571, 37.73205762991531 ], [ -4.842829601728059, 37.731992247864234 ], [ -4.842694291783261, 37.731943490288764 ], [ -4.842011189020774, 37.731929692934884 ], [ -4.841848408713801, 37.731927668098407 ], [ -4.8417295033871, 37.731951561150396 ], [ -4.841638819350807, 37.731929231418334 ], [ -4.841571501503149, 37.731844244612113 ], [ -4.841560676413907, 37.731784248785701 ], [ -4.84152843942884, 37.731733879069672 ], [ -4.841410789479147, 37.731674687357476 ], [ -4.841222472632642, 37.731576675919854 ], [ -4.841123458196924, 37.731542345608609 ], [ -4.840922642661021, 37.731494483208259 ], [ -4.840681963103326, 37.731427758899962 ], [ -4.840539983950364, 37.731449595899882 ], [ -4.840417316350724, 37.731541506886828 ], [ -4.839981447080783, 37.731893450949663 ], [ -4.839853316222534, 37.732007670582099 ], [ -4.839784648217547, 37.732125251523961 ], [ -4.839718797936901, 37.732242986703703 ], [ -4.839621246996853, 37.732353998004932 ], [ -4.839561344959232, 37.73237647210874 ], [ -4.83946369716366, 37.732370327054305 ], [ -4.839307488176384, 37.732299604786469 ], [ -4.839174775342661, 37.732251181123317 ], [ -4.838808197213441, 37.732155100663746 ], [ -4.838729665936103, 37.73214696242178 ], [ -4.838647635304129, 37.73215332517875 ], [ -4.838233128706243, 37.73221788402175 ], [ -4.838143043498286, 37.732221578309378 ], [ -4.837982741123688, 37.732235352817348 ], [ -4.837808438035069, 37.732206519784164 ], [ -4.83771468463646, 37.732204584292909 ], [ -4.8376076471414, 37.732174792082809 ], [ -4.837432202255053, 37.732153465379767 ], [ -4.83717611257522, 37.732075663944904 ], [ -4.836964939301017, 37.731914898996635 ], [ -4.836863884197752, 37.731740070632007 ], [ -4.836784454311511, 37.731495322388206 ], [ -4.836695602751418, 37.731273828045197 ], [ -4.836606401103251, 37.731115757502295 ], [ -4.836540173405894, 37.73102824537542 ], [ -4.836443402782426, 37.730933972433917 ], [ -4.836253426811738, 37.730812096632071 ], [ -4.836028223592455, 37.730747834236816 ], [ -4.835751053265014, 37.730636778817782 ], [ -4.835207202963841, 37.7303555091422 ], [ -4.835023777689395, 37.730272705077304 ], [ -4.834915328004231, 37.730228296640306 ], [ -4.834804331317502, 37.730173554781182 ], [ -4.834670584075402, 37.730055820654549 ], [ -4.834562071341056, 37.729909981192357 ], [ -4.83453975910401, 37.729806355435471 ], [ -4.834594008372275, 37.729683125996686 ], [ -4.834673901028125, 37.729562642546682 ], [ -4.834687094310671, 37.72942274891674 ], [ -4.834622959383262, 37.729289763836526 ], [ -4.834567068242724, 37.7292448342155 ], [ -4.834522805205936, 37.729239809570622 ], [ -4.834461756608222, 37.729243373425348 ], [ -4.834309791828774, 37.729218197782622 ], [ -4.834114769684435, 37.72919500785175 ], [ -4.83396790727474, 37.729177953406094 ], [ -4.833481401461707, 37.729261649177218 ], [ -4.833269876706489, 37.729316958047669 ], [ -4.833073236897803, 37.729351027696907 ], [ -4.832814803107146, 37.729365807799624 ], [ -4.831773606550326, 37.728279900863569 ], [ -4.831295243339999, 37.728206217019412 ], [ -4.829670830275289, 37.728591916487161 ], [ -4.829182221357402, 37.728563443893904 ], [ -4.827687743350714, 37.72823513912077 ], [ -4.826936061143867, 37.728120615299602 ], [ -4.826448784070707, 37.728146192619974 ], [ -4.825311182457847, 37.728488237743726 ], [ -4.82473537398475, 37.728605291777669 ], [ -4.823942521647409, 37.728662617326478 ], [ -4.823204601211132, 37.72864699043798 ], [ -4.822076331089714, 37.728907750702405 ], [ -4.820444477911964, 37.72945564843566 ], [ -4.819092627782057, 37.729855007305979 ], [ -4.819520410770982, 37.727397130544396 ], [ -4.819826510837179, 37.725995536326003 ], [ -4.818880504098733, 37.725820867043261 ], [ -4.818206698496222, 37.725642008917319 ], [ -4.81719519405695, 37.725107858614201 ], [ -4.816362171724352, 37.724913411355743 ], [ -4.815680349037476, 37.724869835764871 ], [ -4.815091230054283, 37.724905938056359 ], [ -4.814677955710878, 37.725173646445917 ], [ -4.814143961175529, 37.726074055022075 ], [ -4.813749785824511, 37.727125525367263 ], [ -4.81345096501943, 37.728364773672936 ], [ -4.81259025701364, 37.728432079161045 ], [ -4.811437435763248, 37.728152384957362 ], [ -4.808675340726349, 37.727951452617553 ], [ -4.808298630700646, 37.727858090557625 ], [ -4.807735368522861, 37.727091684475411 ], [ -4.806453374096892, 37.725696429554759 ], [ -4.804498552067221, 37.724158247542796 ], [ -4.804188605646698, 37.724009776619781 ], [ -4.798236545263733, 37.72513706660466 ], [ -4.795792045656526, 37.726336868913634 ], [ -4.794852139734894, 37.726882897954802 ], [ -4.794284768913473, 37.727351150688342 ], [ -4.792609419849588, 37.727043185804085 ], [ -4.792660378801171, 37.727745353236628 ], [ -4.792992803752914, 37.72976802253423 ], [ -4.793056198815577, 37.730515070221635 ], [ -4.792885358843278, 37.730959257992907 ], [ -4.792277459628684, 37.730689126796101 ], [ -4.791505119505135, 37.730187175216123 ], [ -4.790938479051972, 37.729745177965313 ], [ -4.7905360567113, 37.729525987932412 ], [ -4.788797384046973, 37.729417190780516 ], [ -4.787582510128918, 37.728912917080002 ], [ -4.787139062317869, 37.728874572629053 ], [ -4.786654369402542, 37.729008092720221 ], [ -4.786594890840624, 37.727476928392733 ], [ -4.786577687480857, 37.723926405590376 ], [ -4.785913591719807, 37.723675116728877 ], [ -4.783601926299939, 37.723322580714004 ], [ -4.781292643867841, 37.723069106487962 ], [ -4.779387236998319, 37.723097871868788 ], [ -4.778336549507542, 37.723284953786191 ], [ -4.777955664266961, 37.723488960328083 ], [ -4.777291213999907, 37.725121164489096 ], [ -4.776525852287723, 37.727755233413177 ], [ -4.775790685720178, 37.727378787845943 ], [ -4.774832774376179, 37.727176915537875 ], [ -4.774135292382135, 37.726953099723268 ], [ -4.773624714160012, 37.72742941148929 ], [ -4.772101437501031, 37.72778576987514 ], [ -4.770197202280178, 37.728346091548097 ], [ -4.76884850878197, 37.728889033410766 ], [ -4.76834002281571, 37.728977774425147 ], [ -4.766898431482474, 37.728476678452502 ], [ -4.766491584897156, 37.729501150486549 ], [ -4.766242042064708, 37.729982529872331 ], [ -4.764227895622541, 37.73117525017846 ], [ -4.763487339910248, 37.732006438233995 ], [ -4.762545138916056, 37.733426423630817 ], [ -4.762168607454551, 37.734297219539251 ], [ -4.761546386112933, 37.734856259129224 ], [ -4.76066303368829, 37.735410185034183 ], [ -4.759931454647363, 37.735664434274732 ], [ -4.759330654940969, 37.735691420878325 ], [ -4.758476890066802, 37.735577992820062 ], [ -4.753586325742184, 37.737516347968878 ], [ -4.7523209414187, 37.73630950714535 ], [ -4.751866643986059, 37.735811576357811 ], [ -4.75167929807235, 37.735084378955435 ], [ -4.75161886003344, 37.734445408264015 ], [ -4.749567570749345, 37.734556972582048 ], [ -4.747785972008024, 37.734556363737987 ], [ -4.74575333857777, 37.734496352295658 ], [ -4.743883747779903, 37.734614147124176 ], [ -4.74290154596054, 37.735313590833947 ], [ -4.741624858589928, 37.736522074106425 ], [ -4.740599170315181, 37.737789913294492 ], [ -4.740168179251245, 37.738769592446019 ], [ -4.739768924389498, 37.74013632807489 ], [ -4.739615690838641, 37.741832883561337 ], [ -4.740263433200019, 37.742355032604657 ], [ -4.741088127767853, 37.743162964262162 ], [ -4.73676366495028, 37.745083294734258 ], [ -4.735404750635146, 37.744724801741853 ], [ -4.733068267172511, 37.744299573456367 ], [ -4.730646737323183, 37.743632216783944 ], [ -4.731000913041646, 37.744708475718454 ], [ -4.729564468130044, 37.744918825801669 ], [ -4.72907473685957, 37.744844902749023 ], [ -4.719750806294026, 37.741628832778822 ], [ -4.716167219219683, 37.740266159725138 ], [ -4.717214492581525, 37.738439453727977 ], [ -4.715926141838003, 37.738178840193619 ], [ -4.715015471770197, 37.738056912975196 ], [ -4.715803461321437, 37.737288419883683 ], [ -4.717030727849751, 37.736378328754057 ], [ -4.718128499406887, 37.73575851500842 ], [ -4.718630438542609, 37.734399362931661 ], [ -4.719168475027881, 37.73312980484009 ], [ -4.717784280514575, 37.730680641457212 ], [ -4.716085309492579, 37.727370872865414 ], [ -4.711679956605285, 37.719350982014092 ], [ -4.713764781296515, 37.718248230528864 ], [ -4.714212004449219, 37.717962354367074 ], [ -4.713925299270453, 37.717335671227239 ], [ -4.711443915599967, 37.716598462766349 ], [ -4.709238417723292, 37.71473643810323 ], [ -4.708156026882306, 37.714356668709577 ], [ -4.707234455758161, 37.713737085279462 ], [ -4.706642159423079, 37.713000613943422 ], [ -4.704808512576051, 37.710331021096174 ], [ -4.704514846415523, 37.709912589763761 ], [ -4.704084740263494, 37.709262467479874 ], [ -4.703859981656502, 37.708994454371101 ], [ -4.703679296603601, 37.708809212951422 ], [ -4.703479244949734, 37.70850441411001 ], [ -4.703417205414573, 37.708504409438589 ], [ -4.703304759585134, 37.70852496927764 ], [ -4.703108037646545, 37.708582084075871 ], [ -4.702935860691709, 37.708624207913651 ], [ -4.702752748320839, 37.708624212605194 ], [ -4.702642836316738, 37.708622664003244 ], [ -4.702573683114349, 37.708628069908286 ], [ -4.702482235174498, 37.708663538491734 ], [ -4.702368504342494, 37.708721661391579 ], [ -4.702270736074844, 37.708786312912252 ], [ -4.702033711918364, 37.708902119488123 ], [ -4.701932617663438, 37.708998929709722 ], [ -4.701850753335132, 37.709102780222622 ], [ -4.701731562561741, 37.709161792455518 ], [ -4.701572600189569, 37.709198505395406 ], [ -4.701327859865868, 37.709344577231029 ], [ -4.701073072282567, 37.709474472220109 ], [ -4.700826115191373, 37.709578244072894 ], [ -4.700831956617283, 37.709537523160186 ], [ -4.700870902234599, 37.709307858586307 ], [ -4.700907460350565, 37.708853695079085 ], [ -4.700891327669916, 37.708602546743386 ], [ -4.701034838830886, 37.708367371710466 ], [ -4.701139043450575, 37.708135197105463 ], [ -4.701140335613034, 37.707907427660253 ], [ -4.701747287981265, 37.706005624897614 ], [ -4.701566828726015, 37.704220541898202 ], [ -4.701894846323162, 37.702146211851513 ], [ -4.703250125771307, 37.701488563296934 ], [ -4.703922150918132, 37.700278316923459 ], [ -4.703858755629654, 37.699476143071259 ], [ -4.692668031783987, 37.701011203923748 ], [ -4.692131035814484, 37.700730427814051 ], [ -4.692345702358853, 37.700299259155663 ], [ -4.692225148589429, 37.700120472220263 ], [ -4.692229142548267, 37.700089105948649 ], [ -4.69224325410678, 37.700048762323867 ], [ -4.692272746004539, 37.700015894461053 ], [ -4.692383819786136, 37.699943399654344 ], [ -4.692618690305142, 37.699787817774364 ], [ -4.692807353408138, 37.699699184884587 ], [ -4.692984275387303, 37.699599031286077 ], [ -4.693125994702316, 37.699496598215696 ], [ -4.6932227501876, 37.699425488894938 ], [ -4.693284389386124, 37.699354883911525 ], [ -4.693401144986663, 37.69923608215138 ], [ -4.693483862538648, 37.699165174272821 ], [ -4.693567075997473, 37.69911656480248 ], [ -4.693671685369913, 37.699081599007918 ], [ -4.693776802105881, 37.699068931420832 ], [ -4.693892071675454, 37.699039381902182 ], [ -4.693993464207381, 37.69900013611467 ], [ -4.694128899632677, 37.698905777102155 ], [ -4.694267849134366, 37.698779454666827 ], [ -4.694454545693074, 37.698612115463099 ], [ -4.69464752619698, 37.698410952372264 ], [ -4.694861779629317, 37.698187691240129 ], [ -4.694991879653426, 37.698085774488533 ], [ -4.695144119947733, 37.69796047660121 ], [ -4.695282207593777, 37.69786518591868 ], [ -4.695475191676171, 37.697822197354505 ], [ -4.695895586705963, 37.697686615681874 ], [ -4.696038410111907, 37.697653873863089 ], [ -4.696594946673727, 37.697602038469725 ], [ -4.696925898370282, 37.697572608164968 ], [ -4.697152415069068, 37.697549321852442 ], [ -4.697378064321963, 37.697488502115085 ], [ -4.697555804196107, 37.697400839102578 ], [ -4.697752752898295, 37.697325417351188 ], [ -4.698008951164535, 37.697221600104676 ], [ -4.698139808380067, 37.697152140535088 ], [ -4.698220346146724, 37.697088398560503 ], [ -4.698309700822064, 37.696997005774421 ], [ -4.698358354774856, 37.696934714391254 ], [ -4.698438833914252, 37.696780443987954 ], [ -4.698389256718298, 37.696684960356706 ], [ -4.698389087712289, 37.696584105500868 ], [ -4.698358933315359, 37.696505744889301 ], [ -4.698313547512937, 37.696380694375861 ], [ -4.698309360567572, 37.696320966712534 ], [ -4.698300104418328, 37.69604602486632 ], [ -4.698293836787094, 37.695826502009027 ], [ -4.698252928328285, 37.695594428278106 ], [ -4.6982232841419, 37.695459859193065 ], [ -4.698202139432691, 37.695354313630254 ], [ -4.698101026783661, 37.695271279267523 ], [ -4.697924592396204, 37.695133507129363 ], [ -4.697551230736661, 37.694901714727756 ], [ -4.697427660874505, 37.694794723841042 ], [ -4.697113694606265, 37.694566716152096 ], [ -4.69691154996865, 37.69438108741587 ], [ -4.696740764063708, 37.694182434739659 ], [ -4.696597536810199, 37.693900074910019 ], [ -4.696393207052536, 37.693580598016545 ], [ -4.696310192142851, 37.693270262147017 ], [ -4.696234493672307, 37.692979855414343 ], [ -4.696208671471878, 37.692888372922233 ], [ -4.696131679342642, 37.692764650387225 ], [ -4.696007871516333, 37.692669864087719 ], [ -4.695798106653788, 37.69249090393734 ], [ -4.695115850636048, 37.692099305006209 ], [ -4.692287758697035, 37.690606930655214 ], [ -4.690704577784629, 37.693573483148462 ], [ -4.689700171207734, 37.694803273758524 ], [ -4.68764622867444, 37.69512469587707 ], [ -4.685431915979128, 37.694418729415879 ], [ -4.68322298097197, 37.69521922531198 ], [ -4.682080530264396, 37.695229322243556 ], [ -4.6769776692054, 37.69709773867514 ], [ -4.676010829628507, 37.697814409076486 ], [ -4.675913178452243, 37.697872079688089 ], [ -4.675669224387375, 37.6979937810206 ], [ -4.675176490508756, 37.698209339412486 ], [ -4.674764391912975, 37.698383807350474 ], [ -4.674347902806375, 37.698565374891018 ], [ -4.673964178641199, 37.698746385593864 ], [ -4.673768915037829, 37.698837984213689 ], [ -4.673665185465855, 37.698902399436257 ], [ -4.673596490802888, 37.698919326621997 ], [ -4.673471968698452, 37.698935243819058 ], [ -4.673385289928996, 37.698944324046714 ], [ -4.672761389677676, 37.69896101946722 ], [ -4.672292361108777, 37.698954605979068 ], [ -4.671633057030754, 37.69897568199022 ], [ -4.671202976597265, 37.698996470014983 ], [ -4.670770804472824, 37.699040808445673 ], [ -4.670405908874057, 37.699080316694442 ], [ -4.670025720166744, 37.699126259015252 ], [ -4.66960956696187, 37.699196601324623 ], [ -4.669002827501941, 37.699306492280726 ], [ -4.668786340859049, 37.699353357286199 ], [ -4.668679745598236, 37.699384787337685 ], [ -4.668468712675855, 37.699490272251033 ], [ -4.668426764365723, 37.69928670831348 ], [ -4.668437473147504, 37.699207337853288 ], [ -4.668529465783369, 37.69913673957906 ], [ -4.668614219800432, 37.699021533232099 ], [ -4.668723301826445, 37.698706448156472 ], [ -4.668737391995727, 37.698504731675293 ], [ -4.668685199507596, 37.698387588419621 ], [ -4.668596930814538, 37.698315125500521 ], [ -4.668465779140207, 37.698262997574687 ], [ -4.668409334505412, 37.698229369103068 ], [ -4.668268924599685, 37.698082471509998 ], [ -4.668148437534265, 37.697974775109962 ], [ -4.668107604136638, 37.697908931592799 ], [ -4.668120078062662, 37.69780709531183 ], [ -4.668181839179456, 37.697708527040952 ], [ -4.668393592660882, 37.697490674976812 ], [ -4.668831733042312, 37.697014756562069 ], [ -4.668941066891992, 37.69687748214767 ], [ -4.668953869366217, 37.696795919004806 ], [ -4.668952653232654, 37.696741681623472 ], [ -4.668905357034375, 37.696594998585077 ], [ -4.668903532901461, 37.696513642508059 ], [ -4.668946136266832, 37.696451034119015 ], [ -4.668958950220159, 37.696369479820802 ], [ -4.668927438594391, 37.696269167384479 ], [ -4.668845851823956, 37.696115219092043 ], [ -4.668814227086272, 37.696014908220171 ], [ -4.668809863800546, 37.695901233585914 ], [ -4.668882175100593, 37.695732047692921 ], [ -4.668944464646072, 37.695606073860141 ], [ -4.668946622422326, 37.695459501794438 ], [ -4.668944012522486, 37.695343098616263 ], [ -4.669041581098638, 37.695207793136269 ], [ -4.669063828269694, 37.69499560579554 ], [ -4.669026709421646, 37.694882935642084 ], [ -4.668933823663792, 37.694781419218486 ], [ -4.668841657747206, 37.694717564337786 ], [ -4.668681209978464, 37.694688923004691 ], [ -4.668590120814827, 37.694673088748218 ], [ -4.668550463648166, 37.694639411952302 ], [ -4.668532164574171, 37.694591634879544 ], [ -4.668539781930308, 37.694546915711662 ], [ -4.668599216655115, 37.694501553262313 ], [ -4.668684767134175, 37.694462580425011 ], [ -4.668705079622506, 37.694407407420897 ], [ -4.668704388891337, 37.694376594805846 ], [ -4.668668347389803, 37.694311945339187 ], [ -4.668610533307317, 37.694237329898762 ], [ -4.66860492951499, 37.694179099013816 ], [ -4.668650899251554, 37.694109864023083 ], [ -4.668762720926627, 37.693865171838738 ], [ -4.668942264931522, 37.693456675854449 ], [ -4.669275008164034, 37.692473597094413 ], [ -4.669528636187253, 37.691726122314641 ], [ -4.66980368093144, 37.690835965735097 ], [ -4.66994189397681, 37.69022712209707 ], [ -4.670021621450097, 37.689374672410374 ], [ -4.668971994774783, 37.686899769317847 ], [ -4.667838366340821, 37.683627994589365 ], [ -4.667224858273313, 37.682047242483627 ], [ -4.666179091906164, 37.680478796355672 ], [ -4.663862435266, 37.67693395811272 ], [ -4.661862189603668, 37.673806825600941 ], [ -4.661196830145314, 37.673191125995231 ], [ -4.659256509758277, 37.670642393753525 ], [ -4.655231252867791, 37.665625769600901 ], [ -4.654635590517191, 37.665938380627999 ], [ -4.653908821888866, 37.666360535409886 ], [ -4.653542053475542, 37.666600624613615 ], [ -4.653094534226865, 37.666957123020467 ], [ -4.652877319897756, 37.667223511754216 ], [ -4.652502113895218, 37.66770768310203 ], [ -4.652295742793002, 37.667921286100231 ], [ -4.652112564993245, 37.668086707673325 ], [ -4.651807376107969, 37.668306137421432 ], [ -4.651649360257377, 37.668457479847213 ], [ -4.651483817734335, 37.668646266064279 ], [ -4.651261191554736, 37.668945704205434 ], [ -4.651076250553182, 37.66921596368649 ], [ -4.650853124013126, 37.669497572427453 ], [ -4.650706973768073, 37.669712844034891 ], [ -4.650645730102258, 37.669788775078494 ], [ -4.650591531532698, 37.669839823234142 ], [ -4.650459223164381, 37.669952708598004 ], [ -4.650272362554493, 37.670080236474114 ], [ -4.650141732711161, 37.6701819225554 ], [ -4.64998475036735, 37.670307049117113 ], [ -4.649862546374875, 37.670425740647673 ], [ -4.649723806383915, 37.670586210802014 ], [ -4.649589909658058, 37.670766251169951 ], [ -4.649496384192511, 37.670930774993948 ], [ -4.649332064234592, 37.671216244711232 ], [ -4.64921085894732, 37.671431895569285 ], [ -4.649154767535936, 37.671520461338744 ], [ -4.649096530363054, 37.671609417589011 ], [ -4.648985103649428, 37.671743900517676 ], [ -4.648844290571326, 37.671892862700098 ], [ -4.648755057100164, 37.671985046070802 ], [ -4.648738577245954, 37.672008889120008 ], [ -4.648694625562012, 37.672129098875871 ], [ -4.648617314459998, 37.672278434623244 ], [ -4.64855786371712, 37.672379213885144 ], [ -4.648467448089599, 37.672510248213108 ], [ -4.64838934472466, 37.672623815461705 ], [ -4.648300476627776, 37.672732576290613 ], [ -4.648084467886825, 37.672952975929313 ], [ -4.647785439160253, 37.673259072146571 ], [ -4.647552810798, 37.673547918300784 ], [ -4.647395475174921, 37.673770380843088 ], [ -4.647259866881345, 37.673991458150084 ], [ -4.647113102683101, 37.674204940431999 ], [ -4.646951147515061, 37.674398077319125 ], [ -4.646740770131302, 37.674627408313057 ], [ -4.646471850695353, 37.674911180476613 ], [ -4.646286019687527, 37.675137464174426 ], [ -4.646038443494379, 37.675448236067837 ], [ -4.64588374621816, 37.675637043343897 ], [ -4.645719040523161, 37.675824007371418 ], [ -4.645601243268782, 37.675922174767763 ], [ -4.645494261713498, 37.675996668620797 ], [ -4.645416499008478, 37.676033623352126 ], [ -4.64531901225094, 37.676055441976622 ], [ -4.645226355766052, 37.676064936193626 ], [ -4.645139990671575, 37.676061004134169 ], [ -4.645041463217299, 37.676040839040077 ], [ -4.644963554385928, 37.67601470837284 ], [ -4.644872373014574, 37.67597290089838 ], [ -4.644750358606109, 37.675895032043634 ], [ -4.644603378817254, 37.675780821593932 ], [ -4.644417032880646, 37.675582983689843 ], [ -4.644231101773005, 37.675362797826189 ], [ -4.64415457807198, 37.675270946531505 ], [ -4.644027872220016, 37.675155100763696 ], [ -4.64394484395864, 37.675102454055711 ], [ -4.643885188316573, 37.675086432486808 ], [ -4.643748501763819, 37.675064986785728 ], [ -4.64353115343322, 37.675089394068287 ], [ -4.643300872375836, 37.675141270895985 ], [ -4.643135262154026, 37.675194949820309 ], [ -4.642965714540636, 37.67522434975627 ], [ -4.64273495578111, 37.675254602255173 ], [ -4.642501177751875, 37.675270836936079 ], [ -4.642397055437485, 37.675269403324492 ], [ -4.6423256448153, 37.675260213914925 ], [ -4.642050532477964, 37.675201679310668 ], [ -4.641727980807922, 37.675115965115353 ], [ -4.641526319942413, 37.675071727733204 ], [ -4.641340446981245, 37.675049801371152 ], [ -4.641119011677958, 37.675044682226478 ], [ -4.640634700469627, 37.675043319774346 ], [ -4.640137845029709, 37.675058793851036 ], [ -4.639734186732002, 37.675058459775471 ], [ -4.639443874620142, 37.675056728656706 ], [ -4.638836671730953, 37.675050668589918 ], [ -4.638401101494162, 37.675048069743859 ], [ -4.637807602713635, 37.675036127089768 ], [ -4.636477939189443, 37.675031796237157 ], [ -4.635318755411965, 37.675024905871574 ], [ -4.634839336133687, 37.675013438904116 ], [ -4.633322497136689, 37.674969038506141 ], [ -4.632508394207071, 37.674958781897004 ], [ -4.631998883650733, 37.675003786522247 ], [ -4.630572975501453, 37.676191871654318 ], [ -4.62947505756844, 37.675933440019804 ], [ -4.627941791512286, 37.67687208823272 ], [ -4.627888413051397, 37.677320645657076 ], [ -4.626473483340564, 37.678020514149289 ], [ -4.625750291600314, 37.678863951812978 ], [ -4.625507963234754, 37.679492938277811 ], [ -4.624839178584838, 37.680227290464053 ], [ -4.623030134806624, 37.682376958498793 ], [ -4.623173679793666, 37.683277211190266 ], [ -4.623424185958687, 37.683674267056396 ], [ -4.622836568695194, 37.683616844968398 ], [ -4.622571151030567, 37.684416730997818 ], [ -4.621622140083441, 37.684569850134373 ], [ -4.621779480392767, 37.684833553638818 ], [ -4.620776226088529, 37.686894313992646 ], [ -4.621480331174167, 37.688123737539179 ], [ -4.622157704494952, 37.68793719858752 ], [ -4.622291383040179, 37.688408450174599 ], [ -4.621712115899907, 37.688899577366676 ], [ -4.622587480112309, 37.689179059186607 ], [ -4.622489753760546, 37.689191507470241 ], [ -4.622284727141622, 37.689223078577037 ], [ -4.622043565177576, 37.68925712922789 ], [ -4.621929682021177, 37.689251035400162 ], [ -4.621803362976908, 37.689225915999053 ], [ -4.621684394922019, 37.6892102575653 ], [ -4.621612085368692, 37.689222788108701 ], [ -4.621535400985314, 37.689258360543434 ], [ -4.621493078917027, 37.6893147207198 ], [ -4.621449524004706, 37.689376964945829 ], [ -4.621406141069839, 37.689535640077054 ], [ -4.621339987864579, 37.689727253425353 ], [ -4.621244492323422, 37.689914583758437 ], [ -4.621182724913561, 37.690036290168365 ], [ -4.621069270077371, 37.690184825353448 ], [ -4.620852566286432, 37.690529827526319 ], [ -4.620431639525896, 37.690408006366546 ], [ -4.619977653300408, 37.690245991770148 ], [ -4.619464058173771, 37.690059910826172 ], [ -4.619297055553815, 37.689999748370404 ], [ -4.619057458650647, 37.689870745079865 ], [ -4.618820600492308, 37.689722137637474 ], [ -4.618604490011249, 37.689598750125612 ], [ -4.61834985583903, 37.689467067822065 ], [ -4.618158135171983, 37.689411749251875 ], [ -4.6179106607863, 37.689343316300167 ], [ -4.617546068651698, 37.689213312374712 ], [ -4.617236086939639, 37.689096987164476 ], [ -4.617083599453057, 37.689015172755958 ], [ -4.616899906695671, 37.688922610658111 ], [ -4.616577671291275, 37.688737506397608 ], [ -4.61630854803325, 37.688569689030089 ], [ -4.61622325975239, 37.688517234085204 ], [ -4.615862957345453, 37.688391221671665 ], [ -4.615583479530799, 37.688300610114219 ], [ -4.615397650105336, 37.688244782679796 ], [ -4.615288760671145, 37.688212631052401 ], [ -4.615190552612239, 37.688181441524307 ], [ -4.615083876804311, 37.688125854005769 ], [ -4.614932076271651, 37.688002308643462 ], [ -4.614820119569751, 37.687901911133366 ], [ -4.614732063198418, 37.687852467113956 ], [ -4.614419949784401, 37.687631609939686 ], [ -4.613973703074015, 37.687333467734852 ], [ -4.613557238724942, 37.686990755102478 ], [ -4.613142017847744, 37.68664296793461 ], [ -4.612787486737098, 37.68639529776376 ], [ -4.612344753731086, 37.686117370185414 ], [ -4.611798311851267, 37.685857630933512 ], [ -4.610868666846057, 37.685313194058288 ], [ -4.610218807704827, 37.684932651093035 ], [ -4.609663847222803, 37.684629577944804 ], [ -4.609065331572845, 37.684304385102394 ], [ -4.608773731684686, 37.684154971924876 ], [ -4.608497948508262, 37.684003269362755 ], [ -4.608367987029083, 37.683897622550248 ], [ -4.608209384772376, 37.683773791532985 ], [ -4.607935824394171, 37.683524812641494 ], [ -4.607751283106168, 37.683391790513788 ], [ -4.607538896996943, 37.683307896245331 ], [ -4.607379865013202, 37.683258603155238 ], [ -4.606890285635798, 37.683162263864595 ], [ -4.606458525809686, 37.683075688362017 ], [ -4.606203769396994, 37.682999398687969 ], [ -4.605911666406163, 37.68286296312538 ], [ -4.605809505512583, 37.682784684198452 ], [ -4.605706121985141, 37.682667046288067 ], [ -4.604330207225634, 37.678996604448557 ], [ -4.603522789854236, 37.679211450376933 ], [ -4.601775487375618, 37.6796829859098 ], [ -4.600652121938203, 37.68017590354448 ], [ -4.598652826374344, 37.681068227422266 ], [ -4.597202782943314, 37.681664669741203 ], [ -4.596548350262867, 37.681817733034336 ], [ -4.59560529790109, 37.681731370518776 ], [ -4.592685257899532, 37.680932706183768 ], [ -4.59183657110653, 37.681016276163461 ], [ -4.589082763742875, 37.6821619514376 ], [ -4.589092557221917, 37.682621457097724 ], [ -4.589768319482872, 37.6877223619109 ], [ -4.590027929420414, 37.689791707382263 ], [ -4.589801558408691, 37.690344522080544 ], [ -4.58839716727819, 37.692562472126184 ], [ -4.587207349059652, 37.694741475860553 ], [ -4.585328073767783, 37.694370221250836 ], [ -4.584190006394943, 37.694187253694871 ], [ -4.577522595231341, 37.693186181689398 ], [ -4.577352882492918, 37.692134007805386 ], [ -4.576983298230073, 37.691282773168254 ], [ -4.576628194671549, 37.69004381480184 ], [ -4.576581883928164, 37.688926901277647 ], [ -4.576691168403968, 37.688195435712601 ], [ -4.576209083175613, 37.687922493910357 ], [ -4.575421457474343, 37.68768067974073 ], [ -4.574525033087754, 37.687656604536159 ], [ -4.573382798505875, 37.687807049842853 ], [ -4.572612228831899, 37.687835355579949 ], [ -4.571736309244766, 37.688784328143015 ], [ -4.568301082036101, 37.693147022527178 ], [ -4.566595492571063, 37.695098358133549 ], [ -4.565303878622132, 37.69678281066723 ], [ -4.564085343866087, 37.698709617283498 ], [ -4.563169701712484, 37.700479191779323 ], [ -4.562583821289725, 37.701748691755697 ], [ -4.562236621569184, 37.702501322243791 ], [ -4.562466257111081, 37.7031742075987 ], [ -4.562573225218459, 37.703407114845056 ], [ -4.562931004001112, 37.704240525531937 ], [ -4.5638161253831, 37.705878047294036 ], [ -4.564484297753778, 37.707446350193543 ], [ -4.563814838421343, 37.707977957929124 ], [ -4.563014756476879, 37.708772647287191 ], [ -4.562150951057299, 37.709775463124103 ], [ -4.561540051098745, 37.710396406949663 ], [ -4.559577998035247, 37.711503872630082 ], [ -4.557354853450011, 37.712605743270281 ], [ -4.554076309355498, 37.713694463201442 ], [ -4.550419537747851, 37.714058073621985 ], [ -4.547974679164246, 37.714874293707346 ], [ -4.546845556018329, 37.715132454144801 ], [ -4.545790950674835, 37.715155301511402 ], [ -4.546598990538853, 37.716370384344614 ], [ -4.547551883464962, 37.71745739347066 ], [ -4.548788917967717, 37.718567689681933 ], [ -4.550066301336149, 37.719434104449576 ], [ -4.55115014764622, 37.720267011163976 ], [ -4.55181207648402, 37.720997313370411 ], [ -4.552435594266651, 37.722061570597596 ], [ -4.553420982087971, 37.723066980478691 ], [ -4.555533334292093, 37.726418765165967 ], [ -4.556768538677859, 37.727970599988232 ], [ -4.557827198333182, 37.729759087942533 ], [ -4.557943822291058, 37.73045149750164 ], [ -4.557939048064702, 37.731307736105443 ], [ -4.557802671272567, 37.732382013392204 ], [ -4.556456982607645, 37.733147818854313 ], [ -4.555684947939025, 37.733671722996917 ], [ -4.554275184066282, 37.735718110800313 ], [ -4.551428598434734, 37.739612926916692 ], [ -4.550444008319232, 37.740833545782898 ], [ -4.549403133431234, 37.742622681577721 ], [ -4.548334823030072, 37.744186848085938 ], [ -4.547119724039888, 37.745788991030651 ], [ -4.545918533515804, 37.747517113444211 ], [ -4.545219230269623, 37.748274310477775 ], [ -4.544226553451863, 37.74747621103478 ], [ -4.543795756306154, 37.747499889584368 ], [ -4.543485330564305, 37.74785543296661 ], [ -4.543525735698019, 37.748161327349855 ], [ -4.543316131173487, 37.748452471409998 ], [ -4.542892987735891, 37.748845539277006 ], [ -4.542694901780465, 37.749145543879742 ], [ -4.542811554389956, 37.749297228433932 ], [ -4.543569619698031, 37.749728902237635 ], [ -4.543630661805291, 37.749935389126911 ], [ -4.543312247224947, 37.750453260882942 ], [ -4.542619934806316, 37.751003073566935 ], [ -4.541687630575634, 37.7514749102846 ], [ -4.541631453770687, 37.751502682628697 ], [ -4.541348150203592, 37.751524413660022 ], [ -4.54051119532819, 37.751120794484827 ], [ -4.54008854737982, 37.750991132301756 ], [ -4.538730966266061, 37.751207150975908 ], [ -4.534371522060551, 37.751164878280512 ], [ -4.533716538309923, 37.751326617120633 ], [ -4.533054469188148, 37.7516957312329 ], [ -4.532346794764863, 37.752606173643656 ], [ -4.532042820648444, 37.752727288266883 ], [ -4.531992956903169, 37.753061397776762 ], [ -4.532090603810165, 37.753393580368289 ], [ -4.531987716666078, 37.753908628528265 ], [ -4.531672388684615, 37.754029889837781 ], [ -4.531305909634124, 37.753872428671826 ], [ -4.530861864687631, 37.753806098744462 ], [ -4.530389891015156, 37.754037541226438 ], [ -4.530236030554314, 37.754282875997966 ], [ -4.53016382154077, 37.754635299847344 ], [ -4.529781708979173, 37.754820510631482 ], [ -4.529033474716432, 37.754866272265396 ], [ -4.52858271281525, 37.755025332594165 ], [ -4.527877045314439, 37.755485108129029 ], [ -4.525378470881483, 37.756526876186321 ], [ -4.524816784655015, 37.75681353268245 ], [ -4.523594304790485, 37.756982558212108 ], [ -4.523086316429205, 37.757674064214918 ], [ -4.522667157523968, 37.757715540503995 ], [ -4.520967841406939, 37.757881687496109 ], [ -4.520271124491352, 37.758782913350515 ], [ -4.519656343887687, 37.759250470857317 ], [ -4.518949854257485, 37.759674154143184 ], [ -4.516866497330145, 37.760494090430512 ], [ -4.516549471067495, 37.760534221204288 ], [ -4.51593657914196, 37.759983343963349 ], [ -4.515606906986481, 37.759960547581485 ], [ -4.515310190246822, 37.759883251621133 ], [ -4.514849442911174, 37.759555723644084 ], [ -4.514667676375386, 37.759549047915264 ], [ -4.51446688673177, 37.759722865894886 ], [ -4.514005804178461, 37.759936069313532 ], [ -4.513643371340669, 37.759976784710588 ], [ -4.512437097415218, 37.759830050162826 ], [ -4.511778489765257, 37.759820477301872 ], [ -4.510399605599962, 37.760117547779686 ], [ -4.509189481529205, 37.760340349924107 ], [ -4.507690663351819, 37.760882252883903 ], [ -4.507078734202707, 37.760935152882304 ], [ -4.506554295898916, 37.760824697400743 ], [ -4.505681917797297, 37.760349183596347 ], [ -4.505362682097246, 37.760281162743503 ], [ -4.505263462331246, 37.760426630059072 ], [ -4.505286488151459, 37.761003125731854 ], [ -4.505152123970467, 37.761094967039597 ], [ -4.504444103511205, 37.760887709838087 ], [ -4.504157283108992, 37.760738168504879 ], [ -4.503899402201535, 37.7603358985303 ], [ -4.503025842868763, 37.76092384408765 ], [ -4.502685549335945, 37.760937196960981 ], [ -4.501464091762926, 37.760601290421498 ], [ -4.500403727945196, 37.760371460689697 ], [ -4.499892653382873, 37.760359942605625 ], [ -4.499554010300185, 37.760454377798851 ], [ -4.497534783494686, 37.761651682329273 ], [ -4.497129658722873, 37.761828067954504 ], [ -4.496278467653549, 37.761838880385632 ], [ -4.495520237205272, 37.761956656670634 ], [ -4.494967563312904, 37.76213490760653 ], [ -4.494576435476538, 37.76187850733897 ], [ -4.494512553974242, 37.760960052445839 ], [ -4.494121434165095, 37.760703659463644 ], [ -4.49343397010544, 37.76038792514575 ], [ -4.492717535468495, 37.760324912665112 ], [ -4.492441364616719, 37.760139148647212 ], [ -4.492461346826307, 37.760003708100932 ], [ -4.493150551322956, 37.759841763864721 ], [ -4.493363828516257, 37.759721898512659 ], [ -4.493584660151913, 37.759412674604867 ], [ -4.493355686987388, 37.759316439374658 ], [ -4.492538027203273, 37.759299771071525 ], [ -4.492198643362888, 37.759358144559393 ], [ -4.491986813310129, 37.759550089471013 ], [ -4.491835154839654, 37.759912500615073 ], [ -4.491447888457055, 37.760413090558906 ], [ -4.490853255376146, 37.760763090766098 ], [ -4.490075943108321, 37.761061314368931 ], [ -4.489206396055544, 37.761288616712925 ], [ -4.487553556766247, 37.761516782811221 ], [ -4.485460614188814, 37.761876650106608 ], [ -4.482483288569441, 37.762292673502799 ], [ -4.481055058312651, 37.762400768912421 ], [ -4.480180616594796, 37.762384719791427 ], [ -4.478641992824882, 37.762079597404316 ], [ -4.475026884480364, 37.761250713641545 ], [ -4.473467749690895, 37.761053921141063 ], [ -4.471617456388624, 37.761059029104395 ], [ -4.47104239748808, 37.761255472813851 ], [ -4.470379026183378, 37.761579191066161 ], [ -4.469560321701652, 37.76208508439548 ], [ -4.468784153249129, 37.762446250590955 ], [ -4.467971445867688, 37.762681691706305 ], [ -4.46481895619857, 37.763432914971617 ], [ -4.464354848899584, 37.762924979249661 ], [ -4.463271843108452, 37.762118303490013 ], [ -4.462460878041834, 37.764750997879567 ], [ -4.461439567572238, 37.764772682759414 ], [ -4.460318575643057, 37.764921769600633 ], [ -4.458985479860794, 37.765253713885635 ], [ -4.457416837270661, 37.765732766397974 ], [ -4.45625766616384, 37.766251800508243 ], [ -4.455542554417359, 37.766837429518333 ], [ -4.45276317073579, 37.76810643963168 ], [ -4.450251004497214, 37.769110732508921 ], [ -4.448882326472671, 37.769370909964493 ], [ -4.447487247582469, 37.769442132837213 ], [ -4.446453975218588, 37.76943679766589 ], [ -4.445032156578002, 37.769301031542213 ], [ -4.442783149478186, 37.769247489871667 ], [ -4.442037498495686, 37.769436869200597 ], [ -4.44158381610454, 37.769460446183423 ], [ -4.441037764153093, 37.769404038403223 ], [ -4.440351646240213, 37.769151064687826 ], [ -4.439107623107406, 37.76881478637948 ], [ -4.438131634949455, 37.768835716010429 ], [ -4.43760129085225, 37.76900441397737 ], [ -4.437006152971851, 37.769345129088457 ], [ -4.435949283717526, 37.769880741912409 ], [ -4.435259851044171, 37.770042355690677 ], [ -4.434752541658106, 37.770228785389996 ], [ -4.434497040599769, 37.770520288776652 ], [ -4.434033639431783, 37.771805701589244 ], [ -4.43380170310236, 37.772141988340593 ], [ -4.433486825465434, 37.772299024039476 ], [ -4.433084962955667, 37.772655401850592 ], [ -4.432820009048269, 37.773046163520462 ], [ -4.432762845475526, 37.773614639562275 ], [ -4.432797885158663, 37.774254094535529 ], [ -4.432717680953663, 37.774804825590053 ], [ -4.432523599138696, 37.775338925212637 ], [ -4.43201132664291, 37.775858858427036 ], [ -4.431395489790999, 37.77630795649052 ], [ -4.431106073191273, 37.776608886123611 ], [ -4.430930868974058, 37.776944469021331 ], [ -4.430805576280163, 37.777513771374075 ], [ -4.430579896286226, 37.779355050617113 ], [ -4.430250677245431, 37.779359047914447 ], [ -4.429646744653546, 37.779249224418663 ], [ -4.429158777619793, 37.77926415752701 ], [ -4.428605286196644, 37.779415062190864 ], [ -4.428301892757516, 37.779580966465915 ], [ -4.427764776757937, 37.779993041146192 ], [ -4.427385897190079, 37.780367137144623 ], [ -4.426833410982161, 37.781752738296532 ], [ -4.426589539458096, 37.782062117786744 ], [ -4.426274431339007, 37.782210124675942 ], [ -4.424942593153331, 37.78263180553072 ], [ -4.424256118396886, 37.78295554551412 ], [ -4.42309286256129, 37.783879860136722 ], [ -4.422830915542862, 37.784432779614974 ], [ -4.422317442373466, 37.784303792189213 ], [ -4.420886067346358, 37.783681184322809 ], [ -4.419787709158696, 37.782657994164694 ], [ -4.419411155859362, 37.781968575324171 ], [ -4.41913814344128, 37.780755189607902 ], [ -4.418860333936864, 37.779884328317003 ], [ -4.418464887741791, 37.779393400436533 ], [ -4.417703933527046, 37.778789716085321 ], [ -4.417065974238828, 37.778085409297397 ], [ -4.416899990255497, 37.777717900275711 ], [ -4.416820708419567, 37.777133047182161 ], [ -4.416889175986169, 37.775960601448375 ], [ -4.416723037159566, 37.775584072306522 ], [ -4.415470046711106, 37.775373828176818 ], [ -4.413255074309776, 37.775328318526604 ], [ -4.410306524005271, 37.775516864734222 ], [ -4.409616967396051, 37.77567833058653 ], [ -4.408834551156428, 37.775732752192347 ], [ -4.406481296069749, 37.775580617972523 ], [ -4.405596016631898, 37.775600195774167 ], [ -4.401792144529161, 37.776195274235853 ], [ -4.398918245747082, 37.776734128563263 ], [ -4.397708996682585, 37.77703688313791 ], [ -4.397157307676561, 37.777286766271644 ], [ -4.396823354071334, 37.777642207290583 ], [ -4.396279120858597, 37.778892374755777 ], [ -4.396536512390041, 37.779898722111504 ], [ -4.396621742932902, 37.78080797158939 ], [ -4.396349949468813, 37.781451076265682 ], [ -4.396168822224951, 37.782687934801643 ], [ -4.396101719116426, 37.783950470295856 ], [ -4.396329973502946, 37.785218517589826 ], [ -4.396903467563765, 37.790348819134316 ], [ -4.39727667260799, 37.792678615376154 ], [ -4.397605182777076, 37.795648821037204 ], [ -4.397714019889541, 37.797206680816139 ], [ -4.397625405821133, 37.797928726229046 ], [ -4.396134805675987, 37.798388008498257 ], [ -4.394992649237937, 37.798653891617874 ], [ -4.394383686803796, 37.798886406425105 ], [ -4.39426266575863, 37.79969895838525 ], [ -4.394295021810557, 37.800212289987606 ], [ -4.396805248681324, 37.806247909548091 ], [ -4.397637243424023, 37.808806581782243 ], [ -4.400015273891738, 37.816835435192623 ], [ -4.401002995901993, 37.819806801217894 ], [ -4.401960814394549, 37.822994803811859 ], [ -4.402378381790873, 37.824648104028114 ], [ -4.400143777692174, 37.824242102690526 ], [ -4.397853408444332, 37.823890786629541 ], [ -4.396883967130703, 37.823695002335249 ], [ -4.395602897044794, 37.822637712257517 ], [ -4.393252423796794, 37.822106768153326 ], [ -4.391264445849419, 37.821517428904485 ], [ -4.390557565011885, 37.820173910132787 ], [ -4.389971721268084, 37.819225517759847 ], [ -4.38955300984194, 37.818707733040647 ], [ -4.388987499358487, 37.818236749775814 ], [ -4.387951405222767, 37.817509938534528 ], [ -4.38741829104287, 37.816948440501847 ], [ -4.38666753501067, 37.816290364958199 ], [ -4.37939290863611, 37.816087382611997 ], [ -4.37121799368263, 37.816345053487829 ], [ -4.366961628451186, 37.816556749625086 ], [ -4.360350627582421, 37.817228106209811 ], [ -4.359625996491529, 37.817362649578811 ], [ -4.359953256246376, 37.819720130181558 ], [ -4.360005522307064, 37.820710897023446 ], [ -4.359935854542161, 37.822487144512358 ], [ -4.359219525526147, 37.824315928562243 ], [ -4.35864814503305, 37.825376970454656 ], [ -4.358310858632401, 37.826191980269776 ], [ -4.358372779270804, 37.826470654560936 ], [ -4.359018885422684, 37.827625798568306 ], [ -4.359373411041348, 37.828369737591551 ], [ -4.359487546571247, 37.829017313038136 ], [ -4.359521841921414, 37.829647785011112 ], [ -4.358000902171655, 37.830359289899995 ], [ -4.357023758708365, 37.830983397180148 ], [ -4.355148642800343, 37.832834506802094 ], [ -4.354377259200942, 37.833528324413763 ], [ -4.354310410913278, 37.833601193464446 ], [ -4.353275562461436, 37.834802726151324 ], [ -4.352871160568512, 37.835681578895851 ], [ -4.35142921225674, 37.842601637313358 ], [ -4.352493801812201, 37.843643868838036 ], [ -4.353000824843684, 37.844025581807138 ], [ -4.353608646373837, 37.844325021177077 ], [ -4.354314935420208, 37.844416037071809 ], [ -4.360079806811306, 37.845187750385648 ], [ -4.360238179110702, 37.848241122849814 ], [ -4.360096084871159, 37.848549189333134 ], [ -4.359008778807512, 37.8499947048305 ], [ -4.35875337107128, 37.850322102547331 ], [ -4.354311288775147, 37.855402184245399 ], [ -4.352975232333463, 37.856931626691875 ], [ -4.353480384996359, 37.859692619059807 ], [ -4.353707034944239, 37.860275815866984 ], [ -4.353903539634582, 37.86045380592833 ], [ -4.354315159600494, 37.860584258769507 ], [ -4.354361103759247, 37.860610767689188 ], [ -4.354976969296436, 37.860720843368824 ], [ -4.356010696738275, 37.860681903763201 ], [ -4.356477495857138, 37.860721588572396 ], [ -4.361951128179276, 37.862893478689685 ], [ -4.370668805406345, 37.865270730156283 ], [ -4.371026322292847, 37.865545944344454 ], [ -4.372637422001066, 37.864761128619129 ], [ -4.386156019671488, 37.858185966146955 ], [ -4.414919891982767, 37.844181116617314 ], [ -4.424846219290305, 37.85624611677423 ], [ -4.432366057802246, 37.865392507884231 ], [ -4.446898819508478, 37.883059157295541 ], [ -4.462149489775986, 37.901589219425993 ], [ -4.463592151970108, 37.901499187506651 ], [ -4.463726639979057, 37.901398379271072 ], [ -4.463932429480743, 37.89341095051531 ], [ -4.464673948474501, 37.893527897193167 ], [ -4.467351687719924, 37.893791948683393 ], [ -4.475147871938301, 37.894667818559135 ], [ -4.475053455785567, 37.895065544089874 ], [ -4.474929371298471, 37.896256716474689 ], [ -4.475058938192144, 37.896480400557522 ], [ -4.475483039124841, 37.896646318249736 ], [ -4.476018864043837, 37.896711697715347 ], [ -4.481289837632478, 37.896978926808956 ], [ -4.482795003364749, 37.897176267395658 ], [ -4.489869094550795, 37.898312596923482 ], [ -4.48956302637603, 37.900055836238778 ], [ -4.497384565687985, 37.898208208601936 ], [ -4.502542585533841, 37.896826680864052 ], [ -4.503177096535092, 37.896710430582033 ], [ -4.505926768390768, 37.89714391624338 ], [ -4.505585137856315, 37.898797535609631 ], [ -4.511533047155312, 37.899343137596695 ], [ -4.511306051809457, 37.897696814906624 ], [ -4.51420973852936, 37.897317023221305 ], [ -4.515318448637597, 37.897032384254707 ], [ -4.517051844618765, 37.896153894927622 ], [ -4.518628856144876, 37.898738093404518 ], [ -4.519177693996243, 37.899433957737948 ], [ -4.519997383132822, 37.900027195349956 ], [ -4.520431302033518, 37.900111712636907 ], [ -4.520975228563497, 37.900014561232148 ], [ -4.521431518223848, 37.900080761153809 ], [ -4.521910128038688, 37.90067839429905 ], [ -4.522368777489601, 37.901411458534021 ], [ -4.522589646800994, 37.901642919884594 ], [ -4.52297809518602, 37.901728015956131 ], [ -4.525615497891005, 37.901666817034794 ], [ -4.526879292947967, 37.90173153653673 ], [ -4.527530761775808, 37.901885302620933 ], [ -4.529685749807711, 37.90269544080757 ], [ -4.531778325744115, 37.903235992904385 ], [ -4.533553678440087, 37.903834715392854 ], [ -4.534026236185987, 37.904134963531469 ], [ -4.535287085016312, 37.906245401144041 ], [ -4.536000614340132, 37.907741133932873 ], [ -4.536504928848017, 37.910113771792382 ], [ -4.539971605790659, 37.909987343804957 ], [ -4.542304482578808, 37.910037900024356 ], [ -4.546838758257123, 37.909834186286147 ], [ -4.551390430081576, 37.909918459642959 ], [ -4.552443438378599, 37.909688278537942 ], [ -4.554098950433359, 37.909441119981167 ], [ -4.556859756394305, 37.909287466229003 ], [ -4.560963720690428, 37.909179023184215 ], [ -4.562506044693048, 37.908960284669021 ], [ -4.567998798717413, 37.9089052445538 ], [ -4.571257770777688, 37.908645479683322 ], [ -4.573803026991359, 37.908521343317695 ], [ -4.578628307557019, 37.908105223370839 ], [ -4.580362704599929, 37.907829601172352 ], [ -4.58469758983463, 37.907356741659179 ], [ -4.584626290630796, 37.907745225959992 ], [ -4.584316408569998, 37.908145925894878 ], [ -4.583481326945019, 37.908986287825599 ], [ -4.582359438607376, 37.909713342630177 ], [ -4.581689297848606, 37.910290120345515 ], [ -4.58082371676624, 37.910770386035118 ], [ -4.580569492717531, 37.911116264322153 ], [ -4.57957526276057, 37.916221491011669 ], [ -4.578433652126414, 37.920824010807678 ], [ -4.578253186968836, 37.921961956877418 ], [ -4.578194479122526, 37.925603662207557 ], [ -4.577986800903756, 37.927598128168313 ], [ -4.577999983156165, 37.931410088122199 ], [ -4.578226491265987, 37.932425423977286 ], [ -4.579337362150547, 37.934357142487052 ], [ -4.582121451301612, 37.935779693664813 ], [ -4.584233313380257, 37.937157168366632 ], [ -4.585354938432649, 37.937989200148145 ], [ -4.585797280718993, 37.938451869674388 ], [ -4.585211342125865, 37.938721118927369 ], [ -4.581830615106623, 37.939730916942828 ], [ -4.57994026245461, 37.940197915705426 ], [ -4.578353180971419, 37.940480572647566 ], [ -4.575991551764551, 37.940728526668003 ], [ -4.574937981082134, 37.940949916128531 ], [ -4.573983524575514, 37.941016763494069 ], [ -4.572622021005699, 37.941206203392447 ], [ -4.571774169594958, 37.941469875080308 ], [ -4.572291286277577, 37.941706292792311 ], [ -4.572039031834767, 37.9421512595924 ], [ -4.571414413216329, 37.942745386022281 ], [ -4.571129362770038, 37.94325387403989 ], [ -4.571237318767343, 37.943513784557972 ], [ -4.572490431323462, 37.944109866438808 ], [ -4.573322037448217, 37.944684536583921 ], [ -4.574963739096333, 37.94535650303154 ], [ -4.576047601593549, 37.94601789723383 ], [ -4.576984926629495, 37.946744330787723 ], [ -4.577629174583973, 37.947069141347036 ], [ -4.57938588790137, 37.94779357524132 ], [ -4.580605969852042, 37.948435073165726 ], [ -4.581933688910205, 37.949318438252767 ], [ -4.585829874566389, 37.952149856197899 ], [ -4.586988200936865, 37.953089518922312 ], [ -4.588938265169417, 37.954324889201111 ], [ -4.589639134800715, 37.954630843373728 ], [ -4.592606917497277, 37.955554993336797 ], [ -4.594115295509773, 37.955831959799575 ], [ -4.595306262495577, 37.956167284942964 ], [ -4.596252229504267, 37.956226547770932 ], [ -4.598012386170837, 37.95604042937051 ], [ -4.599009201217648, 37.955819603917668 ], [ -4.599679952038723, 37.955783447143581 ], [ -4.601358439285591, 37.956030979419722 ], [ -4.601224016200312, 37.956654644486747 ], [ -4.600860875256038, 37.956704648046006 ], [ -4.600894161245018, 37.957713541314803 ], [ -4.600955596024714, 37.960019802381261 ], [ -4.600913751770663, 37.960714303377735 ], [ -4.600628255456861, 37.961195830102483 ], [ -4.60052111121388, 37.961503699424533 ], [ -4.600673302106727, 37.962222595880348 ], [ -4.600564787509503, 37.962467399196257 ], [ -4.600232981486039, 37.962913506735063 ], [ -4.599950992241762, 37.963557201723908 ], [ -4.600287719776953, 37.965436147688443 ], [ -4.600480433921855, 37.967497293604374 ], [ -4.600553842379114, 37.969830415668945 ], [ -4.600556199945013, 37.972561044319427 ], [ -4.60064022052274, 37.974857980683538 ], [ -4.600629908846783, 37.976480294571111 ], [ -4.600805292203117, 37.97721689735652 ], [ -4.601475125547933, 37.979226481292038 ], [ -4.601298297200028, 37.979472215125092 ], [ -4.599321005345753, 37.981220419218332 ], [ -4.599069376038141, 37.981692468723054 ], [ -4.598865330306472, 37.983308403248692 ], [ -4.598643495797941, 37.984104481026073 ], [ -4.598773152415789, 37.984832695550757 ], [ -4.599135756532424, 37.985801067871613 ], [ -4.599558258008566, 37.986381105463792 ], [ -4.599975482349819, 37.986717887605842 ], [ -4.600326758962092, 37.98716371045554 ], [ -4.600812461342067, 37.988031268960547 ], [ -4.601102106596228, 37.988784338232051 ], [ -4.60104320508982, 37.989217718915363 ], [ -4.600098487423096, 37.990284988702186 ], [ -4.598976380970063, 37.990525554203522 ], [ -4.597640522736994, 37.990886161210433 ], [ -4.597360416602016, 37.991097243991405 ], [ -4.597285613245965, 37.991323561564485 ], [ -4.597828668237294, 37.991685677719559 ], [ -4.598431137906623, 37.992686839465861 ], [ -4.597957643814547, 37.993432263546083 ], [ -4.597696341475796, 37.993985549575818 ], [ -4.597691798470906, 37.994301033132395 ], [ -4.598104464158881, 37.995476003815462 ], [ -4.597994136213785, 37.995639720182318 ], [ -4.597335981601206, 37.995747795589224 ], [ -4.596584988248462, 37.995776010510482 ], [ -4.596196147910216, 37.995700181308422 ], [ -4.596137018062041, 37.99612455041143 ], [ -4.595956363922759, 37.996721797975084 ], [ -4.595394862951973, 37.997612599022105 ], [ -4.595033977232705, 37.998302410983683 ], [ -4.595209049286587, 37.998498300954246 ], [ -4.595576695120925, 37.998646517272903 ], [ -4.59609116744091, 37.998738667100426 ], [ -4.596010826963317, 37.999235420266309 ], [ -4.59580173111609, 37.999571704101086 ], [ -4.595779741473564, 37.999608050736732 ], [ -4.595450932103145, 37.999675597267213 ], [ -4.595143815245152, 37.999736197695569 ], [ -4.594963837326519, 37.999808149200376 ], [ -4.594883417830615, 37.999881066100549 ], [ -4.594831890685607, 37.999930285895573 ], [ -4.596187079278724, 38.001062463849955 ], [ -4.597268249142759, 38.001552464497877 ], [ -4.598802318921352, 38.001919131754477 ], [ -4.599331530901511, 38.002164271342963 ], [ -4.599924557628859, 38.002201263267736 ], [ -4.602405624432992, 38.002645122204768 ], [ -4.602774470506911, 38.002847371444702 ], [ -4.603440132111553, 38.003604318020578 ], [ -4.603721430942385, 38.003969974689575 ], [ -4.604003125240513, 38.004353649306196 ], [ -4.604894572700017, 38.005017386371712 ], [ -4.605094609096477, 38.005312052572734 ], [ -4.606662979835543, 38.006723542615013 ], [ -4.606445476325926, 38.007195140018688 ], [ -4.60730614081641, 38.007489785674693 ], [ -4.606889953001364, 38.007729787328046 ], [ -4.606494175922298, 38.00786136434543 ], [ -4.60630473285931, 38.008053205296569 ], [ -4.607140296498403, 38.008762747984498 ], [ -4.609247108133721, 38.010311032271247 ], [ -4.610608282631027, 38.011094470904091 ], [ -4.612437211955809, 38.012430214570124 ], [ -4.613917470128607, 38.01344628378417 ], [ -4.614711888970096, 38.013831912476583 ], [ -4.615313123369623, 38.014238205236097 ], [ -4.616546608136968, 38.014906162743941 ], [ -4.618249284460399, 38.016189486378735 ], [ -4.618965812498396, 38.016657256813481 ], [ -4.619448267801453, 38.016839863618813 ], [ -4.62003153758642, 38.017462666949392 ], [ -4.62191547295132, 38.019212061360676 ], [ -4.622343979294818, 38.019530580151638 ], [ -4.622975492309248, 38.019756174907847 ], [ -4.623976397437261, 38.020201963501762 ], [ -4.625095235788327, 38.020312678715612 ], [ -4.625462241428776, 38.020424760423985 ], [ -4.626361481706827, 38.020907982073979 ], [ -4.627915417008573, 38.02214815950299 ], [ -4.628433480488946, 38.02239331946592 ], [ -4.62894836678202, 38.022494329479343 ], [ -4.629705600130477, 38.022736169300906 ], [ -4.630516187834081, 38.022815048576028 ], [ -4.631974930663875, 38.02335354836746 ], [ -4.632995315086445, 38.023645784981937 ], [ -4.633498226655977, 38.023719905332825 ], [ -4.633782949051496, 38.023715948476365 ], [ -4.634684238770244, 38.023261831922625 ], [ -4.636231469201507, 38.022654527805685 ], [ -4.63670919386797, 38.022620841395145 ], [ -4.63737133166608, 38.022683716183131 ], [ -4.638542952883013, 38.022604316215691 ], [ -4.639036870738544, 38.022786681844416 ], [ -4.639448470920376, 38.022853037887351 ], [ -4.640030088017229, 38.022880972744545 ], [ -4.640511428342877, 38.023009435801328 ], [ -4.641286523603628, 38.023539334118716 ], [ -4.643300262411229, 38.024439423359588 ], [ -4.643781606869593, 38.024567872784232 ], [ -4.644212978178405, 38.024498765142724 ], [ -4.64468687122514, 38.024293872605725 ], [ -4.645134368361754, 38.023927132338216 ], [ -4.645744832190688, 38.02320664253444 ], [ -4.646237872239374, 38.022839260490123 ], [ -4.646610875616864, 38.022707868803636 ], [ -4.647340747390719, 38.022742702632407 ], [ -4.647815640554033, 38.022582843368568 ], [ -4.648287503622567, 38.022287845326574 ], [ -4.648939389353527, 38.022909539885333 ], [ -4.649518508993654, 38.023333988771689 ], [ -4.650268456026014, 38.023756036630786 ], [ -4.651028396342516, 38.024114855575675 ], [ -4.651330574135169, 38.024380969551963 ], [ -4.650914578797329, 38.025134804611277 ], [ -4.651897738237165, 38.026301557840974 ], [ -4.65260333341059, 38.027282954123521 ], [ -4.653066134820356, 38.028105536538114 ], [ -4.653523680681353, 38.028693889368498 ], [ -4.653792674804636, 38.029510191798821 ], [ -4.654741315982847, 38.031164049803607 ], [ -4.656907610691298, 38.031232664584849 ], [ -4.657743125406701, 38.031401122725129 ], [ -4.658152221843339, 38.031442511842641 ], [ -4.658417317102526, 38.031469331360924 ], [ -4.658759460733558, 38.031503939752653 ], [ -4.658965720142119, 38.031506526120474 ], [ -4.659232633483881, 38.031509878097552 ], [ -4.659520072333854, 38.031513480396939 ], [ -4.659773765200036, 38.031516657318612 ], [ -4.660113650398444, 38.031455731127586 ], [ -4.660411991057789, 38.031402239892415 ], [ -4.660663715198518, 38.031357102707702 ], [ -4.660938361381931, 38.031307865089019 ], [ -4.661181937410539, 38.031264193725058 ], [ -4.661488435427124, 38.031209241705746 ], [ -4.661751630793633, 38.031162056558252 ], [ -4.662077747701135, 38.031103581351289 ], [ -4.662338298200791, 38.031056864866706 ], [ -4.662746268579882, 38.030956721557047 ], [ -4.663018610897939, 38.030889875342105 ], [ -4.663331040224664, 38.030813187967553 ], [ -4.663611267575015, 38.030744408397105 ], [ -4.663942526797095, 38.030663091127629 ], [ -4.664196024308273, 38.030600870737928 ], [ -4.664559064298405, 38.030511757057262 ], [ -4.664800143806019, 38.030425964795761 ], [ -4.665053542093079, 38.030335779961199 ], [ -4.665271111553323, 38.030258349395602 ], [ -4.665578740005938, 38.030049897623122 ], [ -4.665787284446468, 38.029908582273904 ], [ -4.666009194926922, 38.029708030968088 ], [ -4.666181220677389, 38.029552570112998 ], [ -4.666334355216343, 38.029414184060776 ], [ -4.666470523263419, 38.029238026042222 ], [ -4.666620128436042, 38.029044500613956 ], [ -4.666766445296841, 38.028855221182489 ], [ -4.666876722327498, 38.028712575693639 ], [ -4.66709067183838, 38.028601398403516 ], [ -4.66737045399224, 38.028464765460249 ], [ -4.667727490888131, 38.028290420335615 ], [ -4.668027170571471, 38.028144077060674 ], [ -4.668414278975913, 38.027955037255225 ], [ -4.668668218390216, 38.027831024274199 ], [ -4.670947955485208, 38.026089320272511 ], [ -4.670385801838284, 38.025942232736497 ], [ -4.66992506939865, 38.02586394968818 ], [ -4.669613403991047, 38.025829517465105 ], [ -4.669179825311049, 38.025763940125152 ], [ -4.668661303761899, 38.025716446365131 ], [ -4.668339234385419, 38.025680347041025 ], [ -4.668268178184928, 38.025667783540513 ], [ -4.66819597461476, 38.025651847793888 ], [ -4.667626734674163, 38.025494826260008 ], [ -4.667281616496028, 38.02533093738063 ], [ -4.667188856759582, 38.025239412101591 ], [ -4.667077668339723, 38.024996774669788 ], [ -4.666997172680999, 38.024313802345709 ], [ -4.66689820112287, 38.023948086678736 ], [ -4.666657773026375, 38.023555772708676 ], [ -4.666498296022246, 38.023109428554555 ], [ -4.666520345487406, 38.022905509285501 ], [ -4.666555789895985, 38.0228216734087 ], [ -4.666859154170786, 38.022555746608276 ], [ -4.667395803197127, 38.022227437021769 ], [ -4.667793028493347, 38.021867353495765 ], [ -4.668072375823011, 38.021483617852859 ], [ -4.668423882931463, 38.020989137076889 ], [ -4.668839184581512, 38.020485323453755 ], [ -4.669395033794085, 38.020063900305736 ], [ -4.669918876190044, 38.019642929236078 ], [ -4.670379501103021, 38.019256612874081 ], [ -4.670715783586915, 38.019032402362875 ], [ -4.671285144873312, 38.018737369015192 ], [ -4.671770537160809, 38.018502609359103 ], [ -4.672001315260319, 38.018330533628202 ], [ -4.672772066566632, 38.017509386529561 ], [ -4.673084127094366, 38.017158932313464 ], [ -4.675553951467121, 38.013891471087554 ], [ -4.675749826681957, 38.013593294831331 ], [ -4.675919196021755, 38.013067638236215 ], [ -4.676016464641373, 38.012420636168258 ], [ -4.675938947118, 38.011826763918634 ], [ -4.675759869615782, 38.010989592916452 ], [ -4.675281867952868, 38.009759507121821 ], [ -4.674735953761362, 38.008737679256683 ], [ -4.673747999529065, 38.007038550099971 ], [ -4.67305247487885, 38.006001964039797 ], [ -4.672270901303614, 38.004932838702096 ], [ -4.671516986613378, 38.004141811068216 ], [ -4.670982985941054, 38.003170432829755 ], [ -4.670744268438843, 38.002051376726548 ], [ -4.670369790373703, 37.999413317570543 ], [ -4.670469716897407, 37.998941130835654 ], [ -4.670513251381118, 37.998685482682426 ], [ -4.670606203306082, 37.99831705052835 ], [ -4.67077172660384, 37.99797395607473 ], [ -4.670918864847374, 37.997643784475471 ], [ -4.671005036944506, 37.997211093867101 ], [ -4.671015350626196, 37.996725679856461 ], [ -4.67092740737389, 37.996140385698389 ], [ -4.670797831141705, 37.995129497933519 ], [ -4.670844431785535, 37.994833450360325 ], [ -4.670993113129498, 37.994101331717296 ], [ -4.671205059303579, 37.993807160652224 ], [ -4.671449938904709, 37.99355471510389 ], [ -4.671675792997132, 37.993403816086328 ], [ -4.67197170638777, 37.993285670266836 ], [ -4.672211003304741, 37.993256952641687 ], [ -4.672397371961679, 37.993245857773694 ], [ -4.672627439111619, 37.993280570667324 ], [ -4.673037876490091, 37.99327473132535 ], [ -4.673449779303765, 37.993216122631161 ], [ -4.673895998472802, 37.993142253351657 ], [ -4.674310323729721, 37.993073054149647 ], [ -4.674800675374945, 37.992829767836071 ], [ -4.676152610725557, 37.992021415388756 ], [ -4.676473539410566, 37.991831175461201 ], [ -4.677799060422575, 37.990859667728209 ], [ -4.678134939050413, 37.990565824685532 ], [ -4.678253875210813, 37.990403777218376 ], [ -4.678557259244415, 37.990146264406263 ], [ -4.678972323848776, 37.989642409137289 ], [ -4.67916268346374, 37.98922945700069 ], [ -4.679370584418709, 37.987583830971957 ], [ -4.679333637634881, 37.987483091115827 ], [ -4.679252995369735, 37.987395628078957 ], [ -4.678927830504238, 37.98722304186807 ], [ -4.678704521104037, 37.987133397788966 ], [ -4.678572312661811, 37.987063549859734 ], [ -4.678478003280557, 37.986902437261385 ], [ -4.678271498169612, 37.986614225955314 ], [ -4.678008432577856, 37.986183341753339 ], [ -4.677816882745389, 37.985966651490351 ], [ -4.677624651454685, 37.985836476578378 ], [ -4.67738483791914, 37.985723850529943 ], [ -4.677280469616013, 37.985706351055555 ], [ -4.677011600874534, 37.985722847730294 ], [ -4.676371138042567, 37.985810041858969 ], [ -4.675757104559374, 37.986004467894062 ], [ -4.674442531470781, 37.986575971441709 ], [ -4.673469255695255, 37.987151056879256 ], [ -4.672894028195986, 37.987646618832649 ], [ -4.67253906215733, 37.987980803878472 ], [ -4.672196578780324, 37.988394989921233 ], [ -4.671089511686549, 37.989603986538185 ], [ -4.670557026828288, 37.990222357770712 ], [ -4.670512454820942, 37.990269934406378 ], [ -4.670186669755362, 37.990525104386336 ], [ -4.669660641784973, 37.990958769519438 ], [ -4.669391204976236, 37.991186236415828 ], [ -4.669073317619499, 37.991393293422156 ], [ -4.668880718632054, 37.991482533164429 ], [ -4.668655568883974, 37.991546919891853 ], [ -4.668111141162258, 37.991757189020653 ], [ -4.667634666101238, 37.991907418393509 ], [ -4.667305531930955, 37.991971159473195 ], [ -4.667056536706038, 37.992042207692016 ], [ -4.666625649408719, 37.992322595538575 ], [ -4.666097252145825, 37.992534746010413 ], [ -4.665848158193142, 37.992601566470626 ], [ -4.665693814852235, 37.992614306072852 ], [ -4.665525722761735, 37.992608242968686 ], [ -4.665438104678397, 37.992624254669387 ], [ -4.665326405314659, 37.992636389767959 ], [ -4.6651859645822, 37.992674246451593 ], [ -4.664942530783454, 37.992755755479166 ], [ -4.66484706384383, 37.992778204290779 ], [ -4.664687153748994, 37.992780468365829 ], [ -4.66455075286529, 37.992761302368109 ], [ -4.664459945975169, 37.992754143621895 ], [ -4.664369425385665, 37.99275965159827 ], [ -4.663814633092147, 37.992748515149401 ], [ -4.663710316557421, 37.99273311177285 ], [ -4.66334784800524, 37.992620083834268 ], [ -4.662713199774145, 37.992496142321151 ], [ -4.662496041254668, 37.992442248191324 ], [ -4.662254076248977, 37.992352827639792 ], [ -4.662112015764335, 37.992318968163822 ], [ -4.662005025134492, 37.992303610075723 ], [ -4.661687917921777, 37.992310200719352 ], [ -4.661363865855361, 37.992363300357908 ], [ -4.660942622030673, 37.992481081259278 ], [ -4.660660166092366, 37.992605326784492 ], [ -4.660238230114452, 37.992692519262391 ], [ -4.65981650777057, 37.992730123268785 ], [ -4.659253448921435, 37.992765493699046 ], [ -4.658078432379075, 37.992796839725386 ], [ -4.656725319680636, 37.992851780586705 ], [ -4.656200428356385, 37.992747354359629 ], [ -4.65577106685943, 37.992622583297035 ], [ -4.655495235112586, 37.992449246385199 ], [ -4.655396814277213, 37.992340911059891 ], [ -4.654848418907878, 37.991783190976847 ], [ -4.653925506527183, 37.990693775037357 ], [ -4.653230277464863, 37.989650725439432 ], [ -4.65286390204662, 37.989006038849688 ], [ -4.652627015129119, 37.988547656665318 ], [ -4.652512660456042, 37.98820324805844 ], [ -4.652505680769274, 37.988080449491761 ], [ -4.652592010312063, 37.987858928848908 ], [ -4.652740685530914, 37.987712665245688 ], [ -4.652874511568878, 37.98753848373012 ], [ -4.65293745677296, 37.987413116143649 ], [ -4.652920328884097, 37.98716439135395 ], [ -4.652920983617274, 37.986402011812139 ], [ -4.652905073737481, 37.986326282292971 ], [ -4.652848675078654, 37.986189236470317 ], [ -4.652603366508639, 37.9859092568053 ], [ -4.652309796967717, 37.985617292884015 ], [ -4.652276245329432, 37.985547434646776 ], [ -4.652292310822375, 37.98547125572852 ], [ -4.652320752578727, 37.985313317220083 ], [ -4.652433212833323, 37.98509794512151 ], [ -4.65275750128806, 37.984660153471076 ], [ -4.653072887783466, 37.984301269027732 ], [ -4.653267134724488, 37.984087549090404 ], [ -4.653438001299596, 37.983861504731109 ], [ -4.653548766730353, 37.983729128935771 ], [ -4.653704744002124, 37.983552526150454 ], [ -4.653854813762957, 37.9833506825087 ], [ -4.654014636246073, 37.98318667809157 ], [ -4.654205441097864, 37.982978628524755 ], [ -4.654331912152738, 37.982833378203104 ], [ -4.654451594245326, 37.982682951239795 ], [ -4.65463378420815, 37.982466586951972 ], [ -4.655135541032155, 37.981940497206871 ], [ -4.655254204579453, 37.981843182513074 ], [ -4.655445950564469, 37.98167732093178 ], [ -4.655635166931066, 37.981556500618126 ], [ -4.655962889004459, 37.981352504414296 ], [ -4.656907142237132, 37.980827213453132 ], [ -4.657325213624726, 37.980531568027573 ], [ -4.657599821466894, 37.980257634702497 ], [ -4.658036626698714, 37.979935641956594 ], [ -4.659663440693541, 37.979962682874003 ], [ -4.659983048995776, 37.979872368376064 ], [ -4.66027379215493, 37.979762769325099 ], [ -4.660780223660867, 37.979524937869478 ], [ -4.662477382959024, 37.978505103500375 ], [ -4.662715671621893, 37.978355451687811 ], [ -4.663243014402186, 37.977785365927097 ], [ -4.663450496059868, 37.977451879923379 ], [ -4.663514762027587, 37.977307499740803 ], [ -4.663778806130698, 37.976960560165296 ], [ -4.66402140609962, 37.976687064865629 ], [ -4.66445509830775, 37.976377105581236 ], [ -4.664737532811762, 37.975979265125488 ], [ -4.664881913161004, 37.975763429390845 ], [ -4.665051044696665, 37.975541601521364 ], [ -4.665137703460359, 37.9754447301056 ], [ -4.665593888228922, 37.975030359530088 ], [ -4.665948126910752, 37.974665258152726 ], [ -4.666027427263876, 37.974557234334526 ], [ -4.666071767988671, 37.974475029485646 ], [ -4.666279961179778, 37.973982142109143 ], [ -4.667849471251184, 37.973540384448675 ], [ -4.668287491442123, 37.973512632807676 ], [ -4.669095469844983, 37.97333732981064 ], [ -4.679317343171327, 37.978223921635589 ], [ -4.682493574595607, 37.978077586511411 ], [ -4.69007562567248, 37.981175952130521 ], [ -4.697287186617155, 37.982695768495326 ], [ -4.706885526529562, 37.984271988645993 ], [ -4.723744628024323, 37.994018201931894 ], [ -4.728609654851916, 37.995763757975688 ], [ -4.736197357755923, 37.997643766702652 ], [ -4.742076666972738, 37.999122435151818 ], [ -4.742687990317515, 37.999189435794626 ], [ -4.74661609126394, 37.999155658803303 ], [ -4.749539165022562, 37.999687696243157 ], [ -4.750451759554094, 38.00030692632793 ], [ -4.752285703855277, 38.000375403405101 ], [ -4.752629204331551, 38.000438413043383 ], [ -4.757794397565783, 38.001578083111582 ], [ -4.761858817806339, 38.00223413798291 ], [ -4.763171911030108, 38.001566500407264 ], [ -4.763605904472834, 38.001902621724724 ], [ -4.764170810759278, 38.001798891071793 ], [ -4.766587646333656, 38.002046203303649 ], [ -4.767655447650151, 38.002372693931044 ], [ -4.770409949560092, 38.003891918281973 ], [ -4.771844636275891, 38.004511587372676 ], [ -4.772069214335904, 38.00443043031634 ], [ -4.771749086894006, 38.005197927260618 ], [ -4.771812139073581, 38.005508336084709 ], [ -4.772438585480519, 38.006200104366954 ], [ -4.772821501882831, 38.00640349546611 ], [ -4.773298786270292, 38.006779570573016 ], [ -4.773069996251054, 38.00703598362572 ], [ -4.773117640636098, 38.007628424060847 ], [ -4.773340049753968, 38.008279418679024 ], [ -4.774697026109601, 38.00902071182221 ], [ -4.775152906652271, 38.009344112536048 ], [ -4.776119560361258, 38.009872114337426 ], [ -4.776717644699752, 38.010117120220897 ], [ -4.777353203479231, 38.010036589983613 ], [ -4.77751038853765, 38.010234726569635 ], [ -4.777748801149182, 38.010956843801281 ], [ -4.778376148945606, 38.011309270057154 ], [ -4.778496141119008, 38.011561227743769 ], [ -4.778886290159133, 38.011586054961043 ], [ -4.7802024797771, 38.010377561757423 ], [ -4.780642224690653, 38.009736199163541 ], [ -4.780880194621188, 38.009681046826906 ], [ -4.781273294577263, 38.010529321799027 ], [ -4.781583788481296, 38.010905636500702 ], [ -4.782471338287978, 38.01123111693709 ], [ -4.783276290678324, 38.011480341924248 ], [ -4.78274975384539, 38.011613502139703 ], [ -4.782637764122811, 38.011889970734209 ], [ -4.783463447022262, 38.012768625686739 ], [ -4.783537276713903, 38.01311247787357 ], [ -4.784205513450052, 38.01414401313933 ], [ -4.785394498415539, 38.015764488491428 ], [ -4.785849018878417, 38.016239355641005 ], [ -4.786123228297672, 38.016747240449746 ], [ -4.786224904140578, 38.017054980715628 ], [ -4.786470788037321, 38.017545451630127 ], [ -4.786927853070533, 38.018391652070484 ], [ -4.787468522986008, 38.019016691276278 ], [ -4.78806410395442, 38.019191564197875 ], [ -4.788845181645354, 38.019260336128454 ], [ -4.789781348420787, 38.019635485826313 ], [ -4.790636930707246, 38.019886681668339 ], [ -4.79138069984845, 38.019957356723275 ], [ -4.791176243491866, 38.020229654708345 ], [ -4.792030555683843, 38.020774283643696 ], [ -4.792678752163619, 38.021648727266125 ], [ -4.793420348937291, 38.021942554271376 ], [ -4.79367660254394, 38.02167829366568 ], [ -4.794230607760162, 38.021851876821522 ], [ -4.79535822475122, 38.02230565159671 ], [ -4.796145945221025, 38.022374732690658 ], [ -4.797490564445232, 38.022390225874297 ], [ -4.798329070662601, 38.02220618570967 ], [ -4.799798888503428, 38.021751133299468 ], [ -4.800339540315543, 38.021499535787534 ], [ -4.80057250493882, 38.021243637552757 ], [ -4.800522545001586, 38.021064167151259 ], [ -4.800382588007513, 38.020931134091775 ], [ -4.799132992335982, 38.02060780967772 ], [ -4.798741646030633, 38.020442574853369 ], [ -4.798445079764303, 38.019960476076164 ], [ -4.798309909578234, 38.019557013581803 ], [ -4.798362609326223, 38.01891637033917 ], [ -4.79851954242182, 38.018346226611442 ], [ -4.798849932639444, 38.017881569883208 ], [ -4.799495395919038, 38.017258898027016 ], [ -4.799653639263084, 38.016742803446768 ], [ -4.799709411209083, 38.016228277504553 ], [ -4.799486614775643, 38.015501733116437 ], [ -4.799074657213114, 38.014958310180454 ], [ -4.798843777025501, 38.014367064973655 ], [ -4.798793992938301, 38.013727989291041 ], [ -4.799347488223926, 38.011673849685792 ], [ -4.799581087534809, 38.011444978982844 ], [ -4.800023378845978, 38.011366113098774 ], [ -4.800921615870462, 38.011766898563856 ], [ -4.801610513119747, 38.011990658584558 ], [ -4.802087834454223, 38.011947295241924 ], [ -4.802538863753126, 38.011760144408854 ], [ -4.802646556501018, 38.011506162826585 ], [ -4.80263772950082, 38.011145826395477 ], [ -4.802478249729018, 38.010679658411718 ], [ -4.80202449464239, 38.010290095790928 ], [ -4.801471150734264, 38.010019210866687 ], [ -4.800770666400628, 38.009786615468371 ], [ -4.800220856568721, 38.009659859214551 ], [ -4.79972313041517, 38.009334043404351 ], [ -4.799071229075498, 38.008758245470474 ], [ -4.798437926643022, 38.008010943974405 ], [ -4.798245633871263, 38.007599342487445 ], [ -4.79841047172092, 38.007353502225811 ], [ -4.798679097501346, 38.007160144664461 ], [ -4.79914215309307, 38.006999858353723 ], [ -4.8000148570099, 38.006824295924972 ], [ -4.800533511419396, 38.006609082048385 ], [ -4.800730291033367, 38.006272631339847 ], [ -4.800803827343894, 38.006019174427927 ], [ -4.800758872195723, 38.005578284611744 ], [ -4.800642376664947, 38.0054719273042 ], [ -4.800356868352504, 38.005440252699827 ], [ -4.799823543499623, 38.005520513266738 ], [ -4.799298948464442, 38.005492496132675 ], [ -4.798862131713904, 38.005327947442503 ], [ -4.798503923161957, 38.005117144539497 ], [ -4.798417624673561, 38.004848110460749 ], [ -4.798547640920438, 38.004575767215798 ], [ -4.799064743022688, 38.004297500951459 ], [ -4.79961863892651, 38.004126819933312 ], [ -4.800053687378254, 38.004219289496518 ], [ -4.800377752343217, 38.004430610582453 ], [ -4.800733979117405, 38.004560331871829 ], [ -4.801155883143772, 38.004580913206937 ], [ -4.801642789246545, 38.004465310806332 ], [ -4.80190111375811, 38.004317162868276 ], [ -4.802075552742425, 38.003999075931695 ], [ -4.802561850446422, 38.002928227682673 ], [ -4.802847714343799, 38.002509310270057 ], [ -4.803049989334649, 38.002398066572233 ], [ -4.803505140564393, 38.002382073455188 ], [ -4.803837721592117, 38.002476100926735 ], [ -4.804195059807951, 38.002650853762468 ], [ -4.804994945184824, 38.003224352005752 ], [ -4.805397596278827, 38.003389393591625 ], [ -4.805663643556771, 38.003556531939616 ], [ -4.806071160891411, 38.003919765066627 ], [ -4.806954866931442, 38.004194563463571 ], [ -4.807583233736574, 38.004275021783585 ], [ -4.809389113601658, 38.004535637391534 ], [ -4.809776420814011, 38.004538687602398 ], [ -4.810090102007374, 38.00432658707301 ], [ -4.811012436121998, 38.003393188501796 ], [ -4.811382156805314, 38.003144174119591 ], [ -4.812398334839417, 38.002786064749557 ], [ -4.814099805882383, 38.002507510163731 ], [ -4.814632213940133, 38.002391152087682 ], [ -4.815309286293935, 38.002137381085426 ], [ -4.816131240082203, 38.001755212140814 ], [ -4.817418163771488, 38.001293756287922 ], [ -4.817753242584617, 38.001027234020448 ], [ -4.817722243841629, 38.000694277040971 ], [ -4.817636771197778, 38.000461291941413 ], [ -4.817264260164171, 38.000133605200077 ], [ -4.817218056473513, 38.000107283992811 ], [ -4.816906904988364, 37.9999588925048 ], [ -4.816658957866956, 37.999602252303937 ], [ -4.816589589458598, 37.99909866368003 ], [ -4.8166901030264, 37.998556402875209 ], [ -4.816925442583385, 37.997939964060485 ], [ -4.816972357190447, 37.997533708208159 ], [ -4.816870394279724, 37.997093705892787 ], [ -4.816469136417602, 37.996523150949805 ], [ -4.816583031965814, 37.996061789488266 ], [ -4.816829292771084, 37.995427158359661 ], [ -4.816832240793688, 37.995084664416204 ], [ -4.816733394433676, 37.99477077882301 ], [ -4.816294890159564, 37.994074624228183 ], [ -4.816157910093328, 37.993599114704402 ], [ -4.816212432993883, 37.993039540688265 ], [ -4.816715059716631, 37.991256449975644 ], [ -4.81663898511263, 37.990942212207187 ], [ -4.816379466542815, 37.990576737586579 ], [ -4.815789410370113, 37.990198343794056 ], [ -4.81545131951107, 37.989879130432435 ], [ -4.815294908109522, 37.989539096632441 ], [ -4.8152175207592, 37.989170807189929 ], [ -4.815366216642754, 37.988735944592982 ], [ -4.815564659566226, 37.988471538058867 ], [ -4.816062151026001, 37.988328678000485 ], [ -4.817449016190663, 37.98823516368428 ], [ -4.818447978439585, 37.988111585618128 ], [ -4.81914989696051, 37.987947527166504 ], [ -4.820218965446998, 37.987435341763387 ], [ -4.820822700894684, 37.986984415504189 ], [ -4.821740008155756, 37.985861763638262 ], [ -4.822054244720443, 37.985676658501475 ], [ -4.822417350417859, 37.98562597221116 ], [ -4.822828658285689, 37.985682679221377 ], [ -4.82335175873807, 37.986116156066096 ], [ -4.823753026340934, 37.986227086318841 ], [ -4.824323239620401, 37.986263299619665 ], [ -4.825402292753771, 37.986156443693986 ], [ -4.829036010445352, 37.986217146921838 ], [ -4.830299167966585, 37.986188488270095 ], [ -4.830949728046071, 37.986250454033218 ], [ -4.831443619029103, 37.986423007109444 ], [ -4.83183732625946, 37.986687227848961 ], [ -4.832349775570574, 37.987147856258296 ], [ -4.833166728604871, 37.988405793547372 ], [ -4.833526081592843, 37.988661532201952 ], [ -4.83387158751165, 37.988818365044011 ], [ -4.834351427270871, 37.988882974286412 ], [ -4.835359512483064, 37.988668983412275 ], [ -4.835975501964374, 37.988713446127512 ], [ -4.836826764740237, 37.989060622002825 ], [ -4.8380864513991, 37.989347345758667 ], [ -4.839272678482552, 37.989427934111895 ], [ -4.840183266244346, 37.989413686187973 ], [ -4.841193141590376, 37.989271720585037 ], [ -4.841813761793595, 37.98904571774581 ], [ -4.842403726307706, 37.988504788829005 ], [ -4.843207912822023, 37.987879383954542 ], [ -4.843790309368873, 37.987491758016674 ], [ -4.844604851426983, 37.987280732072577 ], [ -4.84628360410839, 37.986569497635294 ], [ -4.847101742603862, 37.986502577433356 ], [ -4.847982665343495, 37.986668979916715 ], [ -4.849021032000644, 37.987211394340633 ], [ -4.850952129795346, 37.988388596444963 ], [ -4.851239173444358, 37.988483206789532 ], [ -4.851569708075585, 37.988496025656389 ], [ -4.852076920125439, 37.988289787347647 ], [ -4.852647209479557, 37.987875273374861 ], [ -4.853189693425457, 37.987713533369629 ], [ -4.853746946519833, 37.98768673450104 ], [ -4.85411733613909, 37.987473623762114 ], [ -4.854309748552225, 37.986974942369791 ], [ -4.854802611144697, 37.986651765787286 ], [ -4.855298645971966, 37.98645469280158 ], [ -4.856902103580722, 37.986375328238175 ], [ -4.857468692776238, 37.986267249513396 ], [ -4.857897790791026, 37.986125302635855 ], [ -4.858500356493509, 37.985638156515584 ], [ -4.859120435098007, 37.985394057013508 ], [ -4.860128171720594, 37.984720269417998 ], [ -4.860370157569107, 37.984383005820547 ], [ -4.86063855279675, 37.983288335851199 ], [ -4.86125223114785, 37.982791997228375 ], [ -4.861992231643811, 37.982338704940538 ], [ -4.863274411606088, 37.981714624077092 ], [ -4.863975247033974, 37.981514269369107 ], [ -4.865736091049789, 37.981360196257313 ], [ -4.866391164239077, 37.981151550590759 ], [ -4.866976806697603, 37.980898935925183 ], [ -4.867310012356398, 37.980569230661438 ], [ -4.867750638857988, 37.979985479997509 ], [ -4.868116608173459, 37.979601172492991 ], [ -4.869745310777311, 37.978728198562024 ], [ -4.870343903628602, 37.978538452715988 ], [ -4.871516309038788, 37.978528819311322 ], [ -4.871991541550574, 37.978413113489353 ], [ -4.872417816928707, 37.978163018042125 ], [ -4.873132202887071, 37.97760192326254 ], [ -4.874300858890835, 37.976997555249554 ], [ -4.875259692895742, 37.976648842166355 ], [ -4.877046874162277, 37.975746196441854 ], [ -4.877984425559053, 37.975010295767902 ], [ -4.878465401453641, 37.974227611693195 ], [ -4.878984411026674, 37.973597508712842 ], [ -4.879373968327458, 37.973248845804605 ], [ -4.881997342893298, 37.97210747388214 ], [ -4.882985839758931, 37.971587000526689 ], [ -4.884845543656076, 37.970412732955978 ], [ -4.885351381822463, 37.970161315919022 ], [ -4.885622635741671, 37.970084872710544 ], [ -4.888103258512403, 37.970045097036468 ], [ -4.890487760220426, 37.969808546965034 ], [ -4.893105648948205, 37.969351918942962 ], [ -4.894051984596701, 37.968967208269966 ], [ -4.894984846780868, 37.968501601520515 ], [ -4.895780921107374, 37.968029180959718 ], [ -4.89673744466222, 37.967599225969998 ], [ -4.899001791536853, 37.967121125177663 ], [ -4.899853311358896, 37.967035286593543 ], [ -4.900627281610349, 37.967031800855516 ], [ -4.9017911304294, 37.967139158043949 ], [ -4.902483126422821, 37.967046868420638 ], [ -4.903173492038187, 37.966891509996955 ], [ -4.903571505488908, 37.966876065230252 ], [ -4.907626669858894, 37.967423186870619 ], [ -4.910302228881181, 37.967442872179028 ], [ -4.911143525192347, 37.967402176537959 ], [ -4.912846701426576, 37.966797761755352 ], [ -4.913752995210998, 37.9666298261969 ], [ -4.914286596348148, 37.966576091692126 ], [ -4.91508354774592, 37.966581148389459 ], [ -4.918859339935857, 37.966889132726223 ], [ -4.920110712065935, 37.966859704357596 ], [ -4.921041268175058, 37.967186969520718 ], [ -4.922424743065547, 37.967858280381193 ], [ -4.922907104467929, 37.968021616230551 ], [ -4.923784883567889, 37.968070359536178 ], [ -4.924850922018206, 37.967917748465062 ], [ -4.925997166341954, 37.967349284956484 ], [ -4.926800395603418, 37.966723340241529 ], [ -4.928116335932774, 37.966116028958218 ], [ -4.929985994251918, 37.965355438750805 ], [ -4.931982299248175, 37.963781685789854 ], [ -4.932968139138693, 37.963612295920193 ], [ -4.934027721153781, 37.963216401706845 ], [ -4.936589398039435, 37.961939678852289 ], [ -4.937377771574099, 37.961620305116362 ], [ -4.938611028327081, 37.961338660746264 ], [ -4.939599436594297, 37.961268301943413 ], [ -4.940593043464234, 37.960963554124255 ], [ -4.941276858226439, 37.960564774577534 ], [ -4.943378277366946, 37.95953880865634 ], [ -4.944259024468125, 37.959271941858034 ], [ -4.949404189609599, 37.95886241005136 ], [ -4.949809697066465, 37.958702498052936 ], [ -4.95158667975319, 37.957465485026525 ], [ -4.952126070829817, 37.957204214848886 ], [ -4.952533721112357, 37.957125354109394 ], [ -4.953082423698314, 37.957215380492009 ], [ -4.954464550148034, 37.957832266262791 ], [ -4.955072282068119, 37.958002407315085 ], [ -4.955869131486016, 37.958007189989679 ], [ -4.956847419434883, 37.95755836471622 ], [ -4.957602480336225, 37.957275466484958 ], [ -4.958531902881634, 37.956701277319333 ], [ -4.959566456745488, 37.955800918047238 ], [ -4.960664224064613, 37.954710250859058 ], [ -4.961501018036218, 37.953650952467747 ], [ -4.962553569925325, 37.952146485059082 ], [ -4.963834778863851, 37.950683257900344 ], [ -4.964345108877774, 37.950188114093763 ], [ -4.965107588031406, 37.949760848757364 ], [ -4.967564340811866, 37.948854699322283 ], [ -4.968667080404025, 37.94838568073127 ], [ -4.969666479029237, 37.947882335919658 ], [ -4.970544171611759, 37.947083627774958 ], [ -4.971292329461741, 37.946548431759311 ], [ -4.971786310095985, 37.946296845272286 ], [ -4.972295527384117, 37.946189187932589 ], [ -4.972989860552134, 37.946195574918463 ], [ -4.976075497804267, 37.946684517826561 ], [ -4.977122443933529, 37.946684964464673 ], [ -4.977801069855721, 37.946529386119984 ], [ -4.978352878612283, 37.946312846461097 ], [ -4.978787069821433, 37.945954087552884 ], [ -4.979566873120453, 37.944904642478889 ], [ -4.979931352797756, 37.944492991740738 ], [ -4.980265110764469, 37.943784472327408 ], [ -4.980605139306653, 37.943310140559326 ], [ -4.981778870669577, 37.942100857655191 ], [ -4.982302558564581, 37.941262968954192 ], [ -4.982708869665991, 37.940715429797542 ], [ -4.982931262956358, 37.94052244484363 ], [ -4.983954171140992, 37.940054630432172 ], [ -4.984591329523264, 37.939629354137544 ], [ -4.985281459206573, 37.939059002813281 ], [ -4.986082887936798, 37.93797310356792 ], [ -4.986746832543183, 37.9368534655571 ], [ -4.987177271372762, 37.935936025523425 ], [ -4.987263132319622, 37.935321790874156 ], [ -4.987194148883371, 37.934872373130275 ], [ -4.986736522091149, 37.933933878610759 ], [ -4.986977463991628, 37.932740277867097 ], [ -4.988325848096047, 37.931266641951865 ], [ -4.98951372524991, 37.92932709887944 ], [ -4.990422105501342, 37.927572497874834 ], [ -4.990532630919088, 37.927029936495451 ], [ -4.99050592059131, 37.926039104676136 ], [ -4.990598061918327, 37.925659064314189 ], [ -4.990873360076261, 37.925320973601487 ], [ -4.990977113126418, 37.924949748086966 ], [ -4.99106916531757, 37.923722602540884 ], [ -4.991036716034843, 37.9233626938017 ], [ -4.990847003415299, 37.923077521960735 ], [ -4.990298971843978, 37.922582132431813 ], [ -4.990280083759265, 37.922303099028426 ], [ -4.990400307219918, 37.922120831419903 ], [ -4.993982543158817, 37.919969530744872 ], [ -4.995619192256138, 37.918653136275871 ], [ -4.996094725186212, 37.918149444564818 ], [ -4.996474916649554, 37.917485149843955 ], [ -4.997027197302333, 37.916033917000156 ], [ -4.998565095648183, 37.910231369460689 ], [ -4.998599846237061, 37.909834265121546 ] ] ] ] } },
{ "type": "Feature", "properties": { "cod_mun": "11012", "nombre": "Cádiz", "provincia": "Cádiz" }, "geometry": { "type": "MultiPolygon", "coordinates": [ [ [ [ -6.225940838891242, 36.465275289726883 ], [ -6.226291630982709, 36.465932648732192 ], [ -6.226674472432888, 36.466494054922833 ], [ -6.226817742048763, 36.466513173461088 ], [ -6.227345232729346, 36.46658901465613 ], [ -6.227590010786946, 36.466573386292161 ], [ -6.227699207073054, 36.466516364025814 ], [ -6.227773104414916, 36.466415242280512 ], [ -6.22776824825605, 36.466298221608533 ], [ -6.227615847682712, 36.465851769923816 ], [ -6.22753068433351, 36.46541251783762 ], [ -6.227561438993774, 36.465078259805942 ], [ -6.227534296745062, 36.464961851418217 ], [ -6.227485987636687, 36.464873040048296 ], [ -6.227218109874967, 36.464600931913786 ], [ -6.227220663990971, 36.464393600453569 ], [ -6.227290451979287, 36.464193460085887 ], [ -6.22741782412409, 36.464036824985349 ], [ -6.227635836489366, 36.463913780073462 ], [ -6.227663664053949, 36.463777852526398 ], [ -6.227598610337298, 36.463554329277834 ], [ -6.227628679054803, 36.463472416157266 ], [ -6.227913486827124, 36.463077214095335 ], [ -6.2282837654161, 36.462859935440868 ], [ -6.22894376412794, 36.462634809773654 ], [ -6.229333027722023, 36.462606254020962 ], [ -6.22983484349298, 36.462601681079789 ], [ -6.23022672265502, 36.462636128610598 ], [ -6.230934722719337, 36.462761138799131 ], [ -6.231459572981462, 36.462773956774207 ], [ -6.233062022068593, 36.462946823282039 ], [ -6.234236544753888, 36.463023127086572 ], [ -6.235308622071556, 36.463318472076715 ], [ -6.235934127291812, 36.463337549780277 ], [ -6.236798520032313, 36.46346729989628 ], [ -6.237949266458284, 36.463508168287888 ], [ -6.238163235078613, 36.463556423024436 ], [ -6.2388296784908, 36.463754611247936 ], [ -6.239497624060991, 36.463988789754765 ], [ -6.240543051404952, 36.464447017488489 ], [ -6.240950585905225, 36.464589144563689 ], [ -6.241378907791352, 36.464694652137979 ], [ -6.24210509966682, 36.464719979623105 ], [ -6.242282267513978, 36.464688137782709 ], [ -6.242584637977217, 36.464715967371227 ], [ -6.242686428639109, 36.46474924277387 ], [ -6.242938336403998, 36.464904597552291 ], [ -6.243072807283881, 36.464918970760024 ], [ -6.243618080048831, 36.464886124290082 ], [ -6.244337623957917, 36.465019750561993 ], [ -6.244617709391765, 36.465048181355428 ], [ -6.244761446680791, 36.465017245622086 ], [ -6.245088611457146, 36.464837123742342 ], [ -6.245232348131249, 36.464806187468611 ], [ -6.245400624105396, 36.464828639821633 ], [ -6.245804537110239, 36.465151076879302 ], [ -6.24613232761309, 36.465520630928658 ], [ -6.246258286034942, 36.46559830900464 ], [ -6.246380487693721, 36.465585970602888 ], [ -6.246763367850502, 36.465404336049232 ], [ -6.246906729014614, 36.465364397008962 ], [ -6.247040449240213, 36.465360755203115 ], [ -6.2471987106658, 36.465410510597444 ], [ -6.247541655328882, 36.465608439603137 ], [ -6.247807349520559, 36.465826493947496 ], [ -6.248680941367907, 36.466442515557738 ], [ -6.249046933231282, 36.466657833895162 ], [ -6.249331162079134, 36.466785269982417 ], [ -6.250096820755911, 36.466953647684576 ], [ -6.250746156342196, 36.467008049843422 ], [ -6.251039651064719, 36.467090165343727 ], [ -6.25147062106557, 36.467258649325245 ], [ -6.252090439980069, 36.467674304891922 ], [ -6.252351260300414, 36.467775330241238 ], [ -6.252485736740027, 36.467789683479502 ], [ -6.2531881628638, 36.467779547095354 ], [ -6.253301105119133, 36.467812508902107 ], [ -6.253517352709809, 36.467914747956449 ], [ -6.253713572798865, 36.468071598836922 ], [ -6.253877869262162, 36.468265373450791 ], [ -6.254238167543664, 36.468877329944256 ], [ -6.254458718707349, 36.469348916157088 ], [ -6.255345530679585, 36.470811589356245 ], [ -6.255699070403923, 36.471261519481978 ], [ -6.2561056970472, 36.471646921969537 ], [ -6.256533108468562, 36.471995711469532 ], [ -6.256843426093563, 36.472212516393938 ], [ -6.257132588309288, 36.472456940264138 ], [ -6.257274614490163, 36.472651318147982 ], [ -6.257595118174828, 36.47311115567036 ], [ -6.257875196289877, 36.473671217157687 ], [ -6.25808937321939, 36.473989775066364 ], [ -6.258930978013559, 36.475435631685173 ], [ -6.259490045051239, 36.476528752503697 ], [ -6.260148301198858, 36.477592124794171 ], [ -6.260380438683731, 36.478072392210144 ], [ -6.261433321955196, 36.479764763970735 ], [ -6.26167964110595, 36.480316727640457 ], [ -6.262135646743479, 36.481079232234009 ], [ -6.262707838938731, 36.482217030580152 ], [ -6.263411530672025, 36.483297160137468 ], [ -6.263821855012077, 36.484033866173313 ], [ -6.264498569018798, 36.485267921257289 ], [ -6.265036060011146, 36.486109279295782 ], [ -6.265233305413675, 36.486554447712749 ], [ -6.266102403537065, 36.488116633720097 ], [ -6.266292473198987, 36.488390780800827 ], [ -6.266669037184824, 36.489119398628574 ], [ -6.266700410719184, 36.489334809009669 ], [ -6.266687198086183, 36.489551441365812 ], [ -6.266647151731612, 36.489660669530451 ], [ -6.266539468844257, 36.489753729584898 ], [ -6.266310685829886, 36.489886151796149 ], [ -6.265904690035204, 36.490050462144893 ], [ -6.265808531018305, 36.490152225697784 ], [ -6.26577340072262, 36.490378469421799 ], [ -6.265676484301655, 36.490462222847199 ], [ -6.265566529799313, 36.490501278986237 ], [ -6.264596580438705, 36.490789156563558 ], [ -6.26401600703791, 36.490940211407633 ], [ -6.263856937977804, 36.490980610998847 ], [ -6.262953856663851, 36.491266644299806 ], [ -6.262202291524034, 36.491440402242048 ], [ -6.262127285810203, 36.491514542285238 ], [ -6.262102535672511, 36.491722479257866 ], [ -6.262140888531634, 36.491838571180494 ], [ -6.262293924502781, 36.492293965122499 ], [ -6.26247908240582, 36.492982771740905 ], [ -6.262460945024893, 36.493082388021115 ], [ -6.262231389326238, 36.493196802074465 ], [ -6.262184722752926, 36.493414349792978 ], [ -6.262227611697619, 36.493638457201214 ], [ -6.262473801033459, 36.494451754624137 ], [ -6.262515748702913, 36.494919190672164 ], [ -6.262486281032284, 36.495812111395523 ], [ -6.262427710725354, 36.496011963236533 ], [ -6.262212317915349, 36.49619808585107 ], [ -6.261798533575806, 36.496443694192983 ], [ -6.261072420105036, 36.496959172404608 ], [ -6.260396380879791, 36.49733810411221 ], [ -6.259467699459334, 36.497814050810753 ], [ -6.258377827574734, 36.498438580888106 ], [ -6.256533058237577, 36.499426145241223 ], [ -6.255756629845217, 36.499807803516568 ], [ -6.255088281405841, 36.500105397811879 ], [ -6.254967536420649, 36.500153750151625 ], [ -6.254581118539932, 36.500254412331294 ], [ -6.25449494902818, 36.500328852706673 ], [ -6.254349054186729, 36.500576140150656 ], [ -6.254375498938833, 36.500674546997985 ], [ -6.254500393037964, 36.500725201886091 ], [ -6.254679898050695, 36.500747341551097 ], [ -6.256873524696137, 36.506864743733054 ], [ -6.256929610547294, 36.507020910530997 ], [ -6.256667172384694, 36.50740880196021 ], [ -6.256519700865914, 36.507626849702376 ], [ -6.256454314677244, 36.507664680061595 ], [ -6.256423131545369, 36.507719606548129 ], [ -6.256413869238996, 36.507764914114389 ], [ -6.256427282985237, 36.507818612923124 ], [ -6.256484539276488, 36.5078530918788 ], [ -6.256551813073907, 36.50786027338895 ], [ -6.256607559742862, 36.507858749969252 ], [ -6.256662551543163, 36.507839225368976 ], [ -6.256705639114159, 36.507802004286702 ], [ -6.256714523436822, 36.507747687128706 ], [ -6.256688827902495, 36.507667291322768 ], [ -6.256807421023022, 36.507488328902284 ], [ -6.257098358558554, 36.507052342052638 ], [ -6.257068827593179, 36.506972051154918 ], [ -6.255018830313985, 36.501377895157532 ], [ -6.255736895413133, 36.500934759435907 ], [ -6.256490661254276, 36.500544718441603 ], [ -6.257242154566095, 36.5001006605291 ], [ -6.257601364193377, 36.499883582819805 ], [ -6.258223597556277, 36.499551191804365 ], [ -6.258728482416774, 36.499348158903629 ], [ -6.258838830603067, 36.499318108899658 ], [ -6.259095236491515, 36.499311097440334 ], [ -6.259518668220276, 36.499560860352986 ], [ -6.259620889518815, 36.49960311903294 ], [ -6.260012206980209, 36.499619457253409 ], [ -6.260327376436684, 36.499682931816004 ], [ -6.260590950484103, 36.499846945935609 ], [ -6.260880611227068, 36.500100354562761 ], [ -6.2613558251202, 36.500519900681454 ], [ -6.261728820007683, 36.500897187995356 ], [ -6.261788719008484, 36.500994677365078 ], [ -6.261453703290782, 36.501256159885862 ], [ -6.263182109823782, 36.502812891571125 ], [ -6.261391166795036, 36.505349019907449 ], [ -6.262464108035314, 36.505914414643897 ], [ -6.262815068375179, 36.506600941398034 ], [ -6.262532851332819, 36.506924057783841 ], [ -6.262504562569515, 36.506956370322612 ], [ -6.261096370969265, 36.506303274996888 ], [ -6.261032499941022, 36.506377109870982 ], [ -6.262422556522992, 36.507050985889236 ], [ -6.26233273618888, 36.507179597105122 ], [ -6.262053885549227, 36.507574716301797 ], [ -6.261661905949305, 36.507393946308042 ], [ -6.260665333637273, 36.506936838508722 ], [ -6.260590312538297, 36.507010978244807 ], [ -6.261506502262048, 36.5074477594668 ], [ -6.261968472118235, 36.507667163117254 ], [ -6.261897948962202, 36.507756958586974 ], [ -6.261698520585773, 36.508012469102432 ], [ -6.261565969380353, 36.508182807306909 ], [ -6.261412513104124, 36.508112658477629 ], [ -6.261122073976855, 36.50797867656776 ], [ -6.260621300772929, 36.507749067743873 ], [ -6.260063650351404, 36.507493971064562 ], [ -6.259968596887644, 36.507622732758968 ], [ -6.260005067204342, 36.50769382213835 ], [ -6.260095394857517, 36.507718383722157 ], [ -6.260251107216105, 36.507705121914398 ], [ -6.260455364768577, 36.507805420458098 ], [ -6.260904718441158, 36.508027426155977 ], [ -6.261269255979028, 36.508206696895236 ], [ -6.261199020762951, 36.508253673405356 ], [ -6.261128796610177, 36.508300649572888 ], [ -6.261079328867061, 36.508331288652698 ], [ -6.260985637592778, 36.508451002976727 ], [ -6.26095634680152, 36.508550924187858 ], [ -6.260950488939019, 36.508677245813672 ], [ -6.260999999849131, 36.508793032394259 ], [ -6.261093353114456, 36.508889606428561 ], [ -6.261185950672885, 36.508968179306677 ], [ -6.261322011883542, 36.509018520966251 ], [ -6.261434262727859, 36.50903347962592 ], [ -6.261545379187869, 36.509021427581914 ], [ -6.261644968138198, 36.509000680071139 ], [ -6.26169958124872, 36.508972152639522 ], [ -6.261741910780483, 36.508916928769231 ], [ -6.261760806927285, 36.508835304648741 ], [ -6.262163698509081, 36.508860328776436 ], [ -6.262379124639582, 36.508674213817223 ], [ -6.26262051887901, 36.508624803371944 ], [ -6.263076241042111, 36.508528974891554 ], [ -6.263057520850472, 36.508477674965711 ], [ -6.262874026196717, 36.507966799677263 ], [ -6.263450006299377, 36.507860918914105 ], [ -6.263306940549141, 36.507378222467842 ], [ -6.2635399392152, 36.507344818196444 ], [ -6.263681871582791, 36.507800512752432 ], [ -6.265776586917929, 36.507445785183791 ], [ -6.265884806084091, 36.50808262706289 ], [ -6.265895304696848, 36.508145415410013 ], [ -6.26601607581757, 36.50810606203089 ], [ -6.266192549567572, 36.5080471600888 ], [ -6.266154523478326, 36.507408403727638 ], [ -6.266782662679829, 36.507481303736824 ], [ -6.266650047802214, 36.508043639771351 ], [ -6.268282207797642, 36.508368377690587 ], [ -6.268364962516349, 36.508212923391184 ], [ -6.268908840924072, 36.508405273108167 ], [ -6.269305288974424, 36.508277256171226 ], [ -6.269842568557095, 36.508577921874306 ], [ -6.26936046784081, 36.509264738020164 ], [ -6.269295013636934, 36.509358895052458 ], [ -6.275633786339968, 36.523560183235361 ], [ -6.275680591744522, 36.523664782648957 ], [ -6.274939524238077, 36.523829318563436 ], [ -6.275015548212481, 36.524043506772976 ], [ -6.275863995247268, 36.523889525288354 ], [ -6.276068097003405, 36.523852375578656 ], [ -6.276122884436604, 36.524046872574417 ], [ -6.276148997973993, 36.524140768189966 ], [ -6.276186316880091, 36.524272660693434 ], [ -6.276222810684335, 36.524343743799179 ], [ -6.275093334175763, 36.524564014584371 ], [ -6.275145157305841, 36.524733813771292 ], [ -6.275722378469641, 36.524654869616768 ], [ -6.276078714165586, 36.524897393282075 ], [ -6.27618547096927, 36.525178316742704 ], [ -6.276292228617638, 36.525459240057657 ], [ -6.278722260720238, 36.524311077195144 ], [ -6.279206892435292, 36.524786612635275 ], [ -6.279471380066762, 36.525047422664024 ], [ -6.279744959229663, 36.525316992602839 ], [ -6.281932730333131, 36.527471298624938 ], [ -6.281445509123354, 36.527723505215256 ], [ -6.278280852114416, 36.527155007596797 ], [ -6.27652917510149, 36.52684046266819 ], [ -6.276309161832082, 36.527711587802408 ], [ -6.278706192368297, 36.528159326623935 ], [ -6.278260247200476, 36.529496250653828 ], [ -6.278009069484729, 36.529629313221214 ], [ -6.277240453970242, 36.529407139431378 ], [ -6.276561309461028, 36.52945284253309 ], [ -6.276600847111347, 36.529595937254932 ], [ -6.277124241895097, 36.529563528964744 ], [ -6.277880185328025, 36.529749999857927 ], [ -6.276672181319645, 36.530756433775053 ], [ -6.275701674590152, 36.530512761217217 ], [ -6.275705741042673, 36.5300801120855 ], [ -6.274756031001584, 36.529799825442375 ], [ -6.274675169226574, 36.530000295136475 ], [ -6.27488896231562, 36.530039472704395 ], [ -6.275067264003882, 36.530295903243342 ], [ -6.274760315954774, 36.53043049219972 ], [ -6.272907797230356, 36.529922672626725 ], [ -6.272856970985125, 36.530041218633379 ], [ -6.275697228702694, 36.530936418953821 ], [ -6.274792820558998, 36.532258894351848 ], [ -6.273316732513511, 36.53247064719497 ], [ -6.268726998347613, 36.531659419555595 ], [ -6.268629501434061, 36.531995513446489 ], [ -6.270041401228979, 36.532380313526644 ], [ -6.273787934204478, 36.535170100872207 ], [ -6.275380541165719, 36.535072278239383 ], [ -6.275521712612464, 36.5357712763943 ], [ -6.274844790404216, 36.535870974723771 ], [ -6.274509191901251, 36.535591835458476 ], [ -6.274010202423545, 36.535938959080873 ], [ -6.274404226395411, 36.536279578628047 ], [ -6.274837056952998, 36.53595229365957 ], [ -6.275637804458111, 36.535876223171933 ], [ -6.276680843162754, 36.540479337996508 ], [ -6.276770073490321, 36.540476883590138 ], [ -6.276836869599871, 36.540736377600915 ], [ -6.277158809465413, 36.540691478210725 ], [ -6.277116221539724, 36.540476381480644 ], [ -6.276960448748521, 36.540489677446757 ], [ -6.275336864033066, 36.533244193344849 ], [ -6.275759281691076, 36.532935213284361 ], [ -6.275897294753453, 36.533030546364657 ], [ -6.28110466512665, 36.528904351321678 ], [ -6.281991545465794, 36.529546767917417 ], [ -6.282407604814585, 36.529373111337378 ], [ -6.282682709036162, 36.52925740200542 ], [ -6.282948346907, 36.529466359751382 ], [ -6.282671988305596, 36.53005969473702 ], [ -6.283157138491097, 36.530442828396886 ], [ -6.281085546634982, 36.532148929619751 ], [ -6.281426168740065, 36.532418901041062 ], [ -6.281952064298199, 36.532836960238654 ], [ -6.282060164173935, 36.532752885039748 ], [ -6.281747622146311, 36.532491152830779 ], [ -6.285519052642206, 36.529530701661386 ], [ -6.287172131261085, 36.530863843640127 ], [ -6.287038493663911, 36.530917090164444 ], [ -6.285634818395393, 36.531473930376784 ], [ -6.282945836493152, 36.533629616048898 ], [ -6.281292183173327, 36.533603060452336 ], [ -6.281284456181436, 36.533684370481723 ], [ -6.283015800025863, 36.533699783439545 ], [ -6.283304378507458, 36.533935131106219 ], [ -6.283369672243105, 36.533989658080337 ], [ -6.284218738804628, 36.534684910145927 ], [ -6.284324752900185, 36.534600890400775 ], [ -6.287947085051317, 36.531761613152632 ], [ -6.289947904155503, 36.530760236197438 ], [ -6.292292694593697, 36.532867193670064 ], [ -6.292045112360313, 36.533072281405907 ], [ -6.291796480475565, 36.533277397653734 ], [ -6.292006010617724, 36.533478864699013 ], [ -6.291181327599825, 36.534186487128494 ], [ -6.288726563267311, 36.536293029544581 ], [ -6.285692388826608, 36.538897600983439 ], [ -6.286669166883418, 36.539701954660757 ], [ -6.285743402622797, 36.540513710544708 ], [ -6.285544422289909, 36.540676887403912 ], [ -6.284640890386775, 36.539908800834439 ], [ -6.285558449248904, 36.539162616893591 ], [ -6.285466552428242, 36.539102066904817 ], [ -6.284204272477676, 36.540146117503191 ], [ -6.285143932857193, 36.540976286568558 ], [ -6.282690874645097, 36.542909197493103 ], [ -6.279629702769408, 36.542876330362084 ], [ -6.279612839676454, 36.542741623680485 ], [ -6.279355914780711, 36.542739677087681 ], [ -6.279355797232466, 36.54300101144046 ], [ -6.279523489638546, 36.543005405668069 ], [ -6.27960423290309, 36.543066267303033 ], [ -6.281248839377189, 36.543138144964793 ], [ -6.285003860497522, 36.543205920670445 ], [ -6.28577387398936, 36.543193703421132 ], [ -6.286163885720651, 36.543173943193828 ], [ -6.286552371242664, 36.543118171678572 ], [ -6.28705821047235, 36.542933009830179 ], [ -6.287288630375278, 36.54283654363276 ], [ -6.28775413623748, 36.542490288972061 ], [ -6.289486937578379, 36.540955629167499 ], [ -6.289711622274564, 36.540724146241715 ], [ -6.28999245561685, 36.540500122984007 ], [ -6.290389104874392, 36.540110706302599 ], [ -6.290983458444148, 36.539643731563245 ], [ -6.291327004334129, 36.539318854325643 ], [ -6.291478188071665, 36.53919753720092 ], [ -6.290879879614539, 36.538781514055003 ], [ -6.290598247832516, 36.537982793727849 ], [ -6.290499080844293, 36.537701675574439 ], [ -6.291903701384792, 36.537383544755578 ], [ -6.295302868997145, 36.53670388488537 ], [ -6.295430140686372, 36.536808502409926 ], [ -6.29606898722228, 36.536601602537701 ], [ -6.298028348959033, 36.536988946694066 ], [ -6.298993911799155, 36.53763805383722 ], [ -6.299030380721526, 36.537970459655135 ], [ -6.299316049373394, 36.538386080401274 ], [ -6.299712960551775, 36.538266957974571 ], [ -6.300071827053385, 36.538040750204239 ], [ -6.300761409418207, 36.537976600598036 ], [ -6.302347198087904, 36.537193752364701 ], [ -6.305052417470675, 36.536740288337313 ], [ -6.30604596198865, 36.535162810520823 ], [ -6.306794014957172, 36.534637438547307 ], [ -6.30716164122286, 36.534879543006006 ], [ -6.307372390792835, 36.534846669052243 ], [ -6.308065075198826, 36.534070508042916 ], [ -6.308330116258098, 36.533216094444462 ], [ -6.308665072165867, 36.533215811922382 ], [ -6.308497040553629, 36.532941127920779 ], [ -6.308580524115294, 36.532542319314878 ], [ -6.308073298147524, 36.532430245721471 ], [ -6.307807202811812, 36.532212357000923 ], [ -6.307693736737141, 36.532431773970224 ], [ -6.307443398479863, 36.532321575714874 ], [ -6.307040792628066, 36.532044390858516 ], [ -6.306854300826588, 36.531860324088647 ], [ -6.306312928426052, 36.531208519388429 ], [ -6.306146444113585, 36.530969840728375 ], [ -6.306035337326569, 36.530720605333862 ], [ -6.30600267933111, 36.530478212648084 ], [ -6.306032715103557, 36.530134953070707 ], [ -6.306170818761473, 36.529707597884233 ], [ -6.306284669350855, 36.529497182363322 ], [ -6.306579663586881, 36.529083503120887 ], [ -6.30684618545077, 36.52878775308573 ], [ -6.307029244769711, 36.52862948032584 ], [ -6.307687186914629, 36.528611224419322 ], [ -6.308112954169281, 36.528642212895221 ], [ -6.308605467087838, 36.528675851616221 ], [ -6.309253803246721, 36.528693896725386 ], [ -6.309417465804462, 36.528678087202607 ], [ -6.309521828643716, 36.528695462308967 ], [ -6.309599243689001, 36.528596446423705 ], [ -6.309558374405354, 36.528505212742786 ], [ -6.30944532204163, 36.528472310262273 ], [ -6.308706238773247, 36.528420734473045 ], [ -6.307746040621921, 36.528420355960783 ], [ -6.306179026762532, 36.528589993372478 ], [ -6.306072173334504, 36.528178437496578 ], [ -6.305472698803898, 36.527996825899599 ], [ -6.305232797370251, 36.527606981900881 ], [ -6.304178384933505, 36.527753359952868 ], [ -6.30242566823986, 36.527756884536622 ], [ -6.302326879174385, 36.527534336023784 ], [ -6.30156430756627, 36.527717664120274 ], [ -6.301329308748949, 36.527967475454169 ], [ -6.300974750728375, 36.528031364171603 ], [ -6.300623949270959, 36.528257350374219 ], [ -6.30057605868165, 36.528287962075574 ], [ -6.297908674831275, 36.52865691253929 ], [ -6.297846750975401, 36.528710438530396 ], [ -6.297714825955033, 36.528824472069239 ], [ -6.297636404263227, 36.528822137344029 ], [ -6.297124724906771, 36.528813763070723 ], [ -6.296910371230172, 36.528810684274703 ], [ -6.296663706903042, 36.52872063518673 ], [ -6.29661937181286, 36.528703840432776 ], [ -6.294450722578902, 36.527909985307787 ], [ -6.29409968339878, 36.527563748137062 ], [ -6.293973193796443, 36.527616804612691 ], [ -6.293891238425125, 36.527650608175946 ], [ -6.29297824549002, 36.526867075048344 ], [ -6.292792492091682, 36.526707744271398 ], [ -6.292373603906526, 36.526385903762623 ], [ -6.291500973434612, 36.526310878192362 ], [ -6.29149018944771, 36.526270627601413 ], [ -6.291447968953936, 36.526114096313002 ], [ -6.291038198122907, 36.525665839023489 ], [ -6.29078599489995, 36.525510593116735 ], [ -6.290424389005216, 36.525103804412517 ], [ -6.290393745099004, 36.525064102173445 ], [ -6.290245528880347, 36.524872201755265 ], [ -6.290044531839416, 36.524611916018586 ], [ -6.28984656511748, 36.524419136146847 ], [ -6.289598751476169, 36.524223217797434 ], [ -6.289498172699902, 36.524142635929287 ], [ -6.289439566822018, 36.524056398780722 ], [ -6.289010865274053, 36.523667226665104 ], [ -6.288832917389549, 36.52341981859378 ], [ -6.288817189736314, 36.523312123233225 ], [ -6.288860100769835, 36.523205052937442 ], [ -6.288797648102816, 36.523114416219585 ], [ -6.288607788471742, 36.522849314964262 ], [ -6.288717416383811, 36.522805740480599 ], [ -6.289277708686333, 36.522587531085406 ], [ -6.290033017098035, 36.522233268818908 ], [ -6.290106877712774, 36.522132110598037 ], [ -6.28999422278348, 36.522108179981139 ], [ -6.289740419846215, 36.522178263427705 ], [ -6.288808218645981, 36.522573449900378 ], [ -6.288681742886744, 36.522486823991642 ], [ -6.288615799769618, 36.522416548768305 ], [ -6.288350827796004, 36.522054401458604 ], [ -6.287897826217628, 36.521111704541781 ], [ -6.287538246935116, 36.520265555709706 ], [ -6.28740119996353, 36.519665577425023 ], [ -6.28721822388051, 36.518508178386405 ], [ -6.287226803939052, 36.518183534834932 ], [ -6.287315724111433, 36.517910748616387 ], [ -6.287452294359812, 36.517708734084863 ], [ -6.287612689266446, 36.517542105257554 ], [ -6.288035165034639, 36.517764746629609 ], [ -6.2883346071726, 36.517981771130842 ], [ -6.288468412337742, 36.517978078360805 ], [ -6.288474987703125, 36.51786976731703 ], [ -6.288393503220254, 36.517790909962073 ], [ -6.287969882798791, 36.517541269079729 ], [ -6.287617359715933, 36.51738878377548 ], [ -6.287093673578875, 36.517412233619297 ], [ -6.286967787416397, 36.516811955567803 ], [ -6.286937964071573, 36.516371221877627 ], [ -6.286888409565775, 36.516255448399157 ], [ -6.286755087708028, 36.516006805457273 ], [ -6.285794886992836, 36.514420262808862 ], [ -6.284450533678551, 36.512195476736636 ], [ -6.283857269039197, 36.511364756747234 ], [ -6.282253933767675, 36.509083994372631 ], [ -6.281158108183642, 36.507717404302355 ], [ -6.280027860508053, 36.50606339484861 ], [ -6.279295979610722, 36.505119314682666 ], [ -6.278785427880888, 36.50439442917996 ], [ -6.278234602511322, 36.503508444959046 ], [ -6.277908011012364, 36.503174998560624 ], [ -6.277123226249214, 36.502034111042732 ], [ -6.276167977321614, 36.500555464647618 ], [ -6.275925657250887, 36.500102545498329 ], [ -6.275866121739402, 36.500014073502939 ], [ -6.275560095301792, 36.49937365871795 ], [ -6.275186049382537, 36.498708088725408 ], [ -6.274767419334016, 36.498043742434774 ], [ -6.274017697099518, 36.496937920517425 ], [ -6.273393652357001, 36.495900728400578 ], [ -6.272074787514233, 36.49399950036841 ], [ -6.271199497295957, 36.49282501866476 ], [ -6.270540788905156, 36.492023061522175 ], [ -6.269619064372953, 36.490804768629673 ], [ -6.2686242225107, 36.489173963462378 ], [ -6.268175841357671, 36.488330180008717 ], [ -6.267927933421698, 36.487742231964852 ], [ -6.267567775649481, 36.486607669551134 ], [ -6.26727756417012, 36.486074935798214 ], [ -6.266308308616217, 36.483722508229327 ], [ -6.265904570598259, 36.482877491068628 ], [ -6.265498393117094, 36.482239798678442 ], [ -6.264625990435666, 36.48112824987691 ], [ -6.264052653455369, 36.480495129900454 ], [ -6.263485936842228, 36.479753685808213 ], [ -6.263138923063935, 36.479195471693949 ], [ -6.262570149731206, 36.478138679259658 ], [ -6.262344041978242, 36.477802434954967 ], [ -6.261735059369057, 36.476584532880885 ], [ -6.26158073739107, 36.476363473529389 ], [ -6.261090776093638, 36.475322547219776 ], [ -6.260900004742938, 36.475030387632415 ], [ -6.260618568810731, 36.474704663921202 ], [ -6.259647535864877, 36.473631815436931 ], [ -6.259434108416078, 36.473331261794236 ], [ -6.25931247838337, 36.47309128342696 ], [ -6.259198597865683, 36.472769985743646 ], [ -6.259135157933674, 36.472321147029 ], [ -6.259144620184274, 36.472014507987225 ], [ -6.259071567188044, 36.471070313202269 ], [ -6.258925391210906, 36.470776939757506 ], [ -6.25824456255075, 36.469705164169298 ], [ -6.257943718605434, 36.46918170522374 ], [ -6.257772246834609, 36.468816924952286 ], [ -6.257692931129699, 36.468521713641039 ], [ -6.257466542841967, 36.46764479237514 ], [ -6.257415393683942, 36.467222649128146 ], [ -6.257258842574098, 36.466947578539362 ], [ -6.256623929090022, 36.466171907311228 ], [ -6.256197143881145, 36.465570784857078 ], [ -6.255780766375286, 36.464951354585111 ], [ -6.255623095548434, 36.464649270284951 ], [ -6.255364980246429, 36.464079591180841 ], [ -6.255210534725501, 36.463588179389468 ], [ -6.255074778524604, 36.463276484919497 ], [ -6.254527943463627, 36.462471372439737 ], [ -6.254410335881286, 36.462060061267053 ], [ -6.254337830716134, 36.461926867165417 ], [ -6.253993605468364, 36.461431622421195 ], [ -6.253749292119744, 36.460924639031759 ], [ -6.253552789837661, 36.460227111425567 ], [ -6.25325148151102, 36.459424302684639 ], [ -6.252815959603107, 36.458345806070263 ], [ -6.252215430831734, 36.457055527378309 ], [ -6.252112373579586, 36.456724914943713 ], [ -6.252014816133086, 36.456258979019118 ], [ -6.251473881996807, 36.454525515150898 ], [ -6.251310093245953, 36.453809068503332 ], [ -6.251185890469222, 36.453506073439094 ], [ -6.251018626211631, 36.453240287131749 ], [ -6.250643295447082, 36.452799944707692 ], [ -6.250521728489062, 36.452559944704518 ], [ -6.250355459435074, 36.452050825125937 ], [ -6.250228119438423, 36.451405479619162 ], [ -6.2500187629033, 36.450131565521787 ], [ -6.249889685580796, 36.449711549975156 ], [ -6.249759723569897, 36.449003189277001 ], [ -6.249698005195098, 36.448860686743238 ], [ -6.249340476835613, 36.448311713495762 ], [ -6.249251593304605, 36.448052808276586 ], [ -6.249090151318745, 36.447379095445534 ], [ -6.249075950806728, 36.447318658293675 ], [ -6.249183600541104, 36.447225606368029 ], [ -6.24930765197054, 36.447258279073679 ], [ -6.249741898819751, 36.447507781747014 ], [ -6.249839910832898, 36.447451044791926 ], [ -6.249887346237976, 36.44725150161527 ], [ -6.24989233943385, 36.446836842794745 ], [ -6.249720452781792, 36.446192710123022 ], [ -6.249129345434288, 36.444857099116206 ], [ -6.24875431487415, 36.444155404581878 ], [ -6.248517985977056, 36.443837429478748 ], [ -6.247775840789516, 36.442623076594948 ], [ -6.24759783530756, 36.442391377075886 ], [ -6.247502767502586, 36.442267812265897 ], [ -6.247422817285759, 36.442167102056125 ], [ -6.246828079299278, 36.441558510540609 ], [ -6.246623430837396, 36.441464952346628 ], [ -6.246480863694759, 36.441522899524287 ], [ -6.246464334736704, 36.441928852905683 ], [ -6.246890639145432, 36.442791348231431 ], [ -6.247033330874349, 36.443003726649373 ], [ -6.247195799730506, 36.443422836975145 ], [ -6.247250498766656, 36.443664662058694 ], [ -6.247233599144244, 36.444061623489091 ], [ -6.247298687904478, 36.44428513462649 ], [ -6.247718018611589, 36.445246954950989 ], [ -6.247922805389841, 36.445610845573697 ], [ -6.248063228808764, 36.445931434045882 ], [ -6.24845293663947, 36.446821970245814 ], [ -6.248563187761975, 36.4471501381555 ], [ -6.248822228836675, 36.447920313503531 ], [ -6.248970704398333, 36.448538061393087 ], [ -6.248952931274136, 36.448646677321541 ], [ -6.248758792491813, 36.448805153277206 ], [ -6.248626979377415, 36.448853799285367 ], [ -6.24820512451563, 36.44890132628791 ], [ -6.24783559357645, 36.448866327888631 ], [ -6.247586735811963, 36.448782986991688 ], [ -6.247357907211933, 36.448645034247207 ], [ -6.246894995226624, 36.448243107744808 ], [ -6.246580298094391, 36.447918242905118 ], [ -6.246366997608344, 36.4476176587062 ], [ -6.245621329167371, 36.446853947067645 ], [ -6.245279483249844, 36.446412674606016 ], [ -6.244899341632991, 36.445855300316573 ], [ -6.244559380359645, 36.445459029196186 ], [ -6.24432794050915, 36.445258055339544 ], [ -6.243813376048973, 36.444686303302539 ], [ -6.243374662338351, 36.444328758677372 ], [ -6.24298538906188, 36.444087019738582 ], [ -6.24266221022884, 36.443825460248696 ], [ -6.242604783788489, 36.443778605703855 ], [ -6.242573837519861, 36.443845885240961 ], [ -6.242471807144306, 36.444073934407768 ], [ -6.242138195250758, 36.444632693757576 ], [ -6.241235379525556, 36.445450221739073 ], [ -6.239724203157979, 36.446122056744557 ], [ -6.239245624851419, 36.446414398840929 ], [ -6.238437127904859, 36.447355507459633 ], [ -6.237443059288283, 36.447589743888969 ], [ -6.235992963830299, 36.44785436128987 ], [ -6.233263869708377, 36.448207686323961 ], [ -6.231628374851119, 36.448306059536904 ], [ -6.231009331488567, 36.448439977653507 ], [ -6.23038586912071, 36.448736210695778 ], [ -6.230826863428597, 36.449418147803591 ], [ -6.231014908696333, 36.449917696816271 ], [ -6.231011310531668, 36.450368363261013 ], [ -6.230821975721632, 36.450643832903218 ], [ -6.230505294071902, 36.451075948740048 ], [ -6.229851076278126, 36.451706429390256 ], [ -6.229589346341246, 36.452119032435618 ], [ -6.229396705143898, 36.452583829953674 ], [ -6.229431071390859, 36.453411949064183 ], [ -6.229249094122045, 36.456552847014869 ], [ -6.229127096526752, 36.457376189552804 ], [ -6.228985053258763, 36.458254140902845 ], [ -6.22849204491292, 36.4592767610363 ], [ -6.228450836084948, 36.459358985010908 ], [ -6.228019069328145, 36.460244770842394 ], [ -6.226727906000312, 36.461658442327185 ], [ -6.225686339040521, 36.463173498318312 ], [ -6.225662294731637, 36.463669772891159 ], [ -6.225765790804119, 36.464820437103157 ], [ -6.225940838891242, 36.465275289726883 ] ] ], [ [ [ -6.317187206678692, 36.527536209040868 ], [ -6.317306403998079, 36.527190465106678 ], [ -6.317279868835728, 36.527092077106872 ], [ -6.317124518442399, 36.527114423958466 ], [ -6.317004545653448, 36.527180839215028 ], [ -6.316570224639601, 36.527447492195577 ], [ -6.31644966949521, 36.527520681158563 ], [ -6.316216653257716, 36.527554199507328 ], [ -6.315935173550283, 36.527498950113561 ], [ -6.315657539947946, 36.527533709173888 ], [ -6.31457430300047, 36.527789118877251 ], [ -6.314462018751648, 36.527774221262277 ], [ -6.314348196597638, 36.527723314436734 ], [ -6.314123895021642, 36.527605647712655 ], [ -6.313970043895963, 36.527524325493232 ], [ -6.313925596049747, 36.527500773353403 ], [ -6.313779473454034, 36.527477805588177 ], [ -6.313657959774315, 36.527508217514438 ], [ -6.31289696889825, 36.527727616688367 ], [ -6.312763534447811, 36.527740337749528 ], [ -6.312372845305893, 36.527742180831837 ], [ -6.312320545269301, 36.527824740427491 ], [ -6.312358609911256, 36.527931810831177 ], [ -6.31246281632466, 36.528019029831434 ], [ -6.31278351412216, 36.52820835780966 ], [ -6.313284953137477, 36.5281854119321 ], [ -6.313701395210686, 36.528263945993771 ], [ -6.314030173584568, 36.528380960000931 ], [ -6.314214365843932, 36.528511006022271 ], [ -6.314453548225612, 36.528621500473442 ], [ -6.314599673138847, 36.528644467287812 ], [ -6.315189942583346, 36.528610031162486 ], [ -6.315425665391257, 36.528639514436236 ], [ -6.315674847719859, 36.528722695949178 ], [ -6.316073991387166, 36.528918851272849 ], [ -6.31658312622346, 36.529075891417037 ], [ -6.316829618172838, 36.52909607036112 ], [ -6.317208006586498, 36.529067513819953 ], [ -6.317407582823599, 36.529034924589816 ], [ -6.317561627540035, 36.528924759230236 ], [ -6.317590235461203, 36.528867645660995 ], [ -6.317599702450273, 36.528795287350427 ], [ -6.317735584073179, 36.528611289213245 ], [ -6.317672121989682, 36.528171504689645 ], [ -6.317793242195989, 36.527870769330796 ], [ -6.317744018330991, 36.5277640025894 ], [ -6.317350637305513, 36.527702862034047 ], [ -6.317214510975388, 36.527652588052668 ], [ -6.317187206678692, 36.527536209040868 ] ] ] ] } },
{ "type": "Feature", "properties": { "cod_mun": "18087", "nombre": "Granada", "provincia": "Granada" }, "geometry": { "type": "MultiPolygon", "coordinates": [ [ [ [ -3.698918791832501, 37.188151869750115 ], [ -3.69872387383918, 37.188127951640297 ], [ -3.698425628525681, 37.188078150349014 ], [ -3.698273363429124, 37.188069853630459 ], [ -3.698154729500584, 37.188059159131733 ], [ -3.698110606953849, 37.188056417480801 ], [ -3.698048925428324, 37.188053058154068 ], [ -3.697935076159156, 37.188046860252697 ], [ -3.697790250985464, 37.18802184325542 ], [ -3.697712342300957, 37.188008321437771 ], [ -3.697636351920951, 37.187995121789491 ], [ -3.697572651845486, 37.187978081892879 ], [ -3.697520357998101, 37.187963976457866 ], [ -3.697350658743797, 37.187918364238001 ], [ -3.697219567573897, 37.187893310770875 ], [ -3.697084672996365, 37.187867531377826 ], [ -3.69694693245608, 37.187841002385596 ], [ -3.696784467316202, 37.187810147721308 ], [ -3.696415247245218, 37.18777281042091 ], [ -3.696260845971302, 37.187791908086425 ], [ -3.69608256739475, 37.187792216518567 ], [ -3.696013238200794, 37.187780482021431 ], [ -3.695930587628612, 37.187765815070975 ], [ -3.695790064220021, 37.187745358460234 ], [ -3.695650598073143, 37.187738209097816 ], [ -3.695540614296776, 37.187714859665185 ], [ -3.695496581459857, 37.187662900273899 ], [ -3.695491426838392, 37.187560297547925 ], [ -3.695505407898022, 37.187431234671656 ], [ -3.695487704347244, 37.18730918136302 ], [ -3.695434250502768, 37.187154968757362 ], [ -3.695319623339689, 37.187020747568369 ], [ -3.695182437330946, 37.186915593459503 ], [ -3.694751570617492, 37.186897704228741 ], [ -3.694497874568508, 37.186918670816183 ], [ -3.694486020032008, 37.186919650716035 ], [ -3.69442002785844, 37.186930187254234 ], [ -3.694404885400176, 37.186932601609676 ], [ -3.694191451911136, 37.186966744331464 ], [ -3.694115554682956, 37.186973390620032 ], [ -3.694041154224387, 37.186979856826596 ], [ -3.694003958805122, 37.186981769338324 ], [ -3.693980266868172, 37.186983143029977 ], [ -3.693780729721725, 37.186991991553725 ], [ -3.693624764323443, 37.186995185292609 ], [ -3.693602487495999, 37.186996072883808 ], [ -3.693356782049156, 37.186985369259901 ], [ -3.693115781032024, 37.186971653981601 ], [ -3.692976194700713, 37.186951170510397 ], [ -3.692871783598688, 37.186941946933295 ], [ -3.692783831917878, 37.186917835102349 ], [ -3.69269257281756, 37.186891786512561 ], [ -3.692621723814238, 37.186871396487511 ], [ -3.692465912899712, 37.186835962952706 ], [ -3.692249400432039, 37.186805634261077 ], [ -3.692125903936509, 37.186806238593199 ], [ -3.691977758564328, 37.186793474828157 ], [ -3.691710916287366, 37.186794906853564 ], [ -3.691531644535761, 37.186789832887115 ], [ -3.691241206689387, 37.186773544907744 ], [ -3.691013931581856, 37.186703218678943 ], [ -3.690946370935212, 37.186680131321047 ], [ -3.690685693495362, 37.18658526492699 ], [ -3.690313516237554, 37.186434962759364 ], [ -3.690227043188991, 37.186415951326403 ], [ -3.689894113167944, 37.186407389172913 ], [ -3.68978190547586, 37.186424024270259 ], [ -3.689587908543847, 37.186468393576433 ], [ -3.689419745161264, 37.186538797819999 ], [ -3.689202790061336, 37.186609548763116 ], [ -3.688993327715635, 37.186625847425596 ], [ -3.688920290524766, 37.18662364907938 ], [ -3.688818191063033, 37.186619510389093 ], [ -3.688721851505948, 37.186608235120943 ], [ -3.688658734170252, 37.186602914198481 ], [ -3.688629315192598, 37.186598911727721 ], [ -3.688534804831678, 37.186584353604751 ], [ -3.688518919660514, 37.186581912995791 ], [ -3.688460363896399, 37.186555346576519 ], [ -3.688408459838105, 37.186531761158172 ], [ -3.688386788769941, 37.18652242240821 ], [ -3.688344007880801, 37.186507239055317 ], [ -3.688359206512942, 37.186401768443964 ], [ -3.688372529046036, 37.186309306872516 ], [ -3.688389142894255, 37.186090414272307 ], [ -3.68835858643053, 37.186046711807663 ], [ -3.688253710548246, 37.186029527516439 ], [ -3.688127910647131, 37.186014537875018 ], [ -3.688043829677738, 37.185999540193585 ], [ -3.687978802282761, 37.185987280227756 ], [ -3.687898949689823, 37.185967696821095 ], [ -3.687814409300776, 37.185946752423732 ], [ -3.687745704344805, 37.185951351774676 ], [ -3.687631579941863, 37.185959108187589 ], [ -3.687512697121008, 37.185931620439227 ], [ -3.687128538012833, 37.185724914225894 ], [ -3.686988017386218, 37.185672997380806 ], [ -3.686802207784071, 37.185576399251936 ], [ -3.686696780177523, 37.185544208513406 ], [ -3.686670582460501, 37.185535075961425 ], [ -3.686532099506397, 37.185486653195923 ], [ -3.68639119833475, 37.185421225899411 ], [ -3.685963584575306, 37.185061800504407 ], [ -3.68579691425784, 37.184906129571246 ], [ -3.685274207214197, 37.184627494411529 ], [ -3.685254299776846, 37.184618730789104 ], [ -3.685226678352497, 37.184606586467659 ], [ -3.685207155498956, 37.184597991878498 ], [ -3.685165078529188, 37.184579477138165 ], [ -3.685136902845887, 37.184567083609586 ], [ -3.684937218623375, 37.184479225176659 ], [ -3.684596013384127, 37.184241840151039 ], [ -3.684462345713778, 37.184148587664922 ], [ -3.684309084804864, 37.184018896525806 ], [ -3.684226335595902, 37.183948885152773 ], [ -3.684019977359959, 37.183774024754364 ], [ -3.683591291406013, 37.183415849741699 ], [ -3.683456482215118, 37.183266878283241 ], [ -3.683290521149093, 37.183150158052094 ], [ -3.682946120434685, 37.182920736929852 ], [ -3.68278901668373, 37.182854172779237 ], [ -3.682742392542809, 37.182834700847309 ], [ -3.68251415504692, 37.182761659532773 ], [ -3.682353634679593, 37.182732243054026 ], [ -3.681997407487845, 37.182555204374282 ], [ -3.681480273023154, 37.181932952360313 ], [ -3.681397045150275, 37.181975904904057 ], [ -3.681243266592516, 37.182012033846824 ], [ -3.681118085567889, 37.18200861612155 ], [ -3.681044098520116, 37.182006760889159 ], [ -3.68094449000646, 37.182002024168277 ], [ -3.68083255062134, 37.181996592032391 ], [ -3.680753798277744, 37.181990978129896 ], [ -3.680671263441911, 37.181986927295576 ], [ -3.680317543700541, 37.181984379751029 ], [ -3.679979903744438, 37.181977213850608 ], [ -3.679615723293389, 37.181970199226619 ], [ -3.679367240001947, 37.181965557855406 ], [ -3.678424531521623, 37.181948190179945 ], [ -3.67816329651502, 37.181999091334255 ], [ -3.677995723913004, 37.182031076477841 ], [ -3.677914299926309, 37.182046685871413 ], [ -3.677765748187077, 37.18208170773763 ], [ -3.677600158736528, 37.18212134286189 ], [ -3.677284092587602, 37.182193711459661 ], [ -3.67718000203477, 37.182218193478057 ], [ -3.677141227861614, 37.182229817769013 ], [ -3.677073613640647, 37.182250296336093 ], [ -3.676994213547546, 37.1822743486468 ], [ -3.676934273066508, 37.182292511764295 ], [ -3.676909993447131, 37.182299861664987 ], [ -3.676794954704528, 37.182334708874144 ], [ -3.676758338655417, 37.182345797901526 ], [ -3.676723127040204, 37.182356464252912 ], [ -3.676635659808882, 37.182382969132675 ], [ -3.676347488024085, 37.182470770119579 ], [ -3.675921420685631, 37.182601326254108 ], [ -3.675602927704367, 37.182615392778438 ], [ -3.675244359735079, 37.18270257389694 ], [ -3.674979434427579, 37.182772283226036 ], [ -3.674894324606385, 37.182815692635295 ], [ -3.674268722839295, 37.183313644338497 ], [ -3.673770959245736, 37.183486975475731 ], [ -3.672814233777897, 37.183603464506326 ], [ -3.672677708106512, 37.183708297106691 ], [ -3.672332448339944, 37.183594715615421 ], [ -3.672105905638435, 37.183584940783767 ], [ -3.672026700503139, 37.183570300658815 ], [ -3.671900394502715, 37.183546967699449 ], [ -3.671730169335137, 37.183545994910155 ], [ -3.671606366794092, 37.183502564292255 ], [ -3.6713742879139, 37.183420950964532 ], [ -3.671195292938052, 37.183334087794854 ], [ -3.671050461551169, 37.183326750520855 ], [ -3.670936874196972, 37.183212853125752 ], [ -3.67078674778317, 37.183140509628878 ], [ -3.670580258585853, 37.18295983941892 ], [ -3.670188237965383, 37.182690358034463 ], [ -3.670144455630278, 37.1826504303543 ], [ -3.670122297478196, 37.182630211119481 ], [ -3.670103671642017, 37.182613234964705 ], [ -3.670031632355363, 37.18254751579299 ], [ -3.669885497705816, 37.182397529145966 ], [ -3.669645374484011, 37.182261657633489 ], [ -3.66963243315362, 37.182256890265556 ], [ -3.669558435782459, 37.182229617495835 ], [ -3.669282576513171, 37.182127947933175 ], [ -3.669202948521776, 37.182098345081712 ], [ -3.669121987547857, 37.182063215117438 ], [ -3.66875125041882, 37.181904093118298 ], [ -3.668608842977472, 37.181888960094092 ], [ -3.668400674648348, 37.181814642491425 ], [ -3.668113667699175, 37.181769505696309 ], [ -3.667801522329333, 37.181849191348917 ], [ -3.667466342154982, 37.181773154127441 ], [ -3.667400735292987, 37.181758272036049 ], [ -3.667171528678945, 37.181706227148467 ], [ -3.667135416873856, 37.18169664129686 ], [ -3.667024924811247, 37.181667318921868 ], [ -3.666998309554288, 37.181660248551417 ], [ -3.666937479674624, 37.181644104394231 ], [ -3.666903106947938, 37.181634986423568 ], [ -3.666809496422593, 37.181610129902218 ], [ -3.666559279613851, 37.18154390588257 ], [ -3.666488477455571, 37.181524924105076 ], [ -3.666139443988073, 37.181432285163183 ], [ -3.666099143138111, 37.181421586783365 ], [ -3.665888820100423, 37.181365755533683 ], [ -3.665000771935873, 37.181130060616248 ], [ -3.664924759656824, 37.181114225981794 ], [ -3.664839289650329, 37.18109642523472 ], [ -3.664294586966189, 37.180982956592992 ], [ -3.664261338072723, 37.180976030964693 ], [ -3.663931208181389, 37.180907256716942 ], [ -3.663014486049297, 37.18071628169745 ], [ -3.662945878243799, 37.180701990816871 ], [ -3.662532242200221, 37.180620600562655 ], [ -3.661751151412881, 37.180472205523671 ], [ -3.6598929234378, 37.17918983658997 ], [ -3.658602985899327, 37.17801843379776 ], [ -3.658079937301579, 37.177497770964102 ], [ -3.657248531522062, 37.17794477461694 ], [ -3.65724157037889, 37.17797345971276 ], [ -3.655897223934174, 37.177747482580045 ], [ -3.655489549566781, 37.177392459739863 ], [ -3.655255517898493, 37.177191453014927 ], [ -3.654886456789259, 37.176844534422358 ], [ -3.654658757829274, 37.176561112536227 ], [ -3.654441556917355, 37.176206881315579 ], [ -3.654429457377548, 37.176187162410621 ], [ -3.654268662892257, 37.175985947459537 ], [ -3.653901488504399, 37.175397962816255 ], [ -3.653892447417437, 37.175386718164724 ], [ -3.653805691712957, 37.175278803512938 ], [ -3.65375063695031, 37.175210330438105 ], [ -3.653730290472529, 37.17518520348586 ], [ -3.653699543336117, 37.175157069148526 ], [ -3.653652616631301, 37.175114141939169 ], [ -3.653607472578701, 37.175072845426037 ], [ -3.653433117457121, 37.174917107621546 ], [ -3.65341944299439, 37.174905428769513 ], [ -3.653334309345531, 37.174832686470566 ], [ -3.653084481382798, 37.174619232945318 ], [ -3.653066290418425, 37.174603684895004 ], [ -3.653011558942519, 37.174556933432768 ], [ -3.652992357983487, 37.174540516578517 ], [ -3.652735795250192, 37.174329623335204 ], [ -3.652705209332437, 37.174305742455033 ], [ -3.652679816076895, 37.174285754056676 ], [ -3.65206185923456, 37.173855050798991 ], [ -3.651806533030718, 37.173708851230906 ], [ -3.651711423224783, 37.173654614286825 ], [ -3.6516013426308, 37.173591139109291 ], [ -3.651553403070369, 37.173561187773508 ], [ -3.651481714684695, 37.17351640374217 ], [ -3.651433967710584, 37.17348656848052 ], [ -3.651426106340338, 37.173482771732587 ], [ -3.651376609881873, 37.173459084604019 ], [ -3.651339227444262, 37.173441198984492 ], [ -3.651105579602796, 37.173329465464647 ], [ -3.650748105456995, 37.173237710570447 ], [ -3.650402069716866, 37.173162216176472 ], [ -3.650284824414229, 37.173119493279358 ], [ -3.650264112137917, 37.173111945038769 ], [ -3.650221568924706, 37.173096440040844 ], [ -3.650120956850676, 37.173059773259219 ], [ -3.649869177467952, 37.172953427982947 ], [ -3.649601912621912, 37.172857875703855 ], [ -3.649478122036224, 37.172813646489153 ], [ -3.648871850957867, 37.172638148071599 ], [ -3.6489041946578, 37.172563524251117 ], [ -3.648896501159596, 37.172405460657679 ], [ -3.648903131415149, 37.172404946606456 ], [ -3.648907240135284, 37.172404626643704 ], [ -3.648939412160074, 37.172402142869863 ], [ -3.648945727261664, 37.172401657584231 ], [ -3.648950241244655, 37.172401308358509 ], [ -3.649004870695986, 37.172397097079774 ], [ -3.649009857446892, 37.172396709206332 ], [ -3.649011681092648, 37.172396573021821 ], [ -3.649029388077258, 37.172395205061143 ], [ -3.649033305466972, 37.172394904170027 ], [ -3.649051473955476, 37.172393497622203 ], [ -3.64906026553512, 37.172392818485349 ], [ -3.649095094171298, 37.172390130823274 ], [ -3.649104943924244, 37.1723893737745 ], [ -3.649127896566571, 37.172387598475161 ], [ -3.649145018218156, 37.172386278773807 ], [ -3.6491555545951, 37.172385463875244 ], [ -3.649344759329597, 37.17237086110557 ], [ -3.649381231446166, 37.172368047171076 ], [ -3.649656246851051, 37.172346826052554 ], [ -3.649847216394595, 37.172317348704269 ], [ -3.649894486182142, 37.172310040502268 ], [ -3.649940214838125, 37.172302975098781 ], [ -3.649974311624973, 37.172297704172038 ], [ -3.650140004866731, 37.172272277077461 ], [ -3.650233285329715, 37.172257964792969 ], [ -3.650473506033929, 37.172221113123356 ], [ -3.650553625643183, 37.172216833312632 ], [ -3.65063845153873, 37.172212302255957 ], [ -3.650766377253969, 37.172205479249875 ], [ -3.651075799098023, 37.172188951468691 ], [ -3.65130609612974, 37.172177121443134 ], [ -3.651358626930933, 37.172173849058289 ], [ -3.65136650091849, 37.172172570855871 ], [ -3.651423887744963, 37.172162871802193 ], [ -3.651435371804758, 37.172160924740105 ], [ -3.651496684147424, 37.172150564075601 ], [ -3.651511126452861, 37.172148122998912 ], [ -3.651568164531311, 37.172138479877013 ], [ -3.651599861106889, 37.172133122527093 ], [ -3.651656213083482, 37.172123600317839 ], [ -3.651691688903953, 37.172117600192912 ], [ -3.65173762531538, 37.172109838875343 ], [ -3.651840722919614, 37.172109397973983 ], [ -3.65221333268734, 37.172108167927775 ], [ -3.652238394851436, 37.172108084062813 ], [ -3.652365936034461, 37.172107670407328 ], [ -3.652380669166468, 37.172107616335836 ], [ -3.6525764098986, 37.172130164223162 ], [ -3.652782377455183, 37.172153881352791 ], [ -3.652913693334257, 37.172149669443272 ], [ -3.652945798822661, 37.172148645218321 ], [ -3.652964402171612, 37.172148046935412 ], [ -3.653093432041763, 37.172143910521861 ], [ -3.653124242510758, 37.172142929442231 ], [ -3.653426603446495, 37.172133240019022 ], [ -3.653468606904365, 37.172131836566301 ], [ -3.653488036071669, 37.172130341260257 ], [ -3.653638921647908, 37.172118728287998 ], [ -3.65365193446854, 37.172117728063164 ], [ -3.653673738789986, 37.172116048358426 ], [ -3.653744555054034, 37.172110600821483 ], [ -3.653772741918048, 37.172108426170908 ], [ -3.653921499886793, 37.17209697781594 ], [ -3.653969476169569, 37.172093287722184 ], [ -3.654175733502084, 37.17207741130855 ], [ -3.654221908658486, 37.172073857252293 ], [ -3.65440307462139, 37.172059912760481 ], [ -3.654419488047264, 37.172060083520002 ], [ -3.654434594731633, 37.172060243466255 ], [ -3.654441173649507, 37.172060315299376 ], [ -3.654515817319532, 37.172061128926217 ], [ -3.654524288845542, 37.172061226356711 ], [ -3.654561599339516, 37.172061624198484 ], [ -3.65456692783432, 37.172061684903909 ], [ -3.654677597786268, 37.172062885323541 ], [ -3.654705107563705, 37.172063184030172 ], [ -3.654910507199306, 37.172065420217493 ], [ -3.654970246857565, 37.172066063538288 ], [ -3.655273067447224, 37.172061405694159 ], [ -3.655287884802293, 37.172063279792908 ], [ -3.65538778356261, 37.172075914791193 ], [ -3.655490693259962, 37.172088938679458 ], [ -3.655501797298888, 37.172092563982069 ], [ -3.655571968628704, 37.172115486000337 ], [ -3.655729967105466, 37.172167082298287 ], [ -3.655798161817028, 37.172189366111567 ], [ -3.655936038050523, 37.172244336566564 ], [ -3.656042808054976, 37.172286904544805 ], [ -3.656156834810794, 37.172332361794254 ], [ -3.656193695827207, 37.172327659682978 ], [ -3.656203788772912, 37.17232637788527 ], [ -3.656288526342175, 37.172315569525317 ], [ -3.65631985144551, 37.17231157408623 ], [ -3.656448911881983, 37.172260182429319 ], [ -3.656526381474152, 37.172160563105379 ], [ -3.65650138461669, 37.172146062853606 ], [ -3.657306817596889, 37.171786716307501 ], [ -3.657269892497757, 37.171741066879946 ], [ -3.657251885548505, 37.171723373111242 ], [ -3.657231047502473, 37.171702639294239 ], [ -3.657208360150046, 37.171680374335175 ], [ -3.657190217051495, 37.171662564129846 ], [ -3.657138184447946, 37.171604928692261 ], [ -3.6571220912025, 37.171587089080241 ], [ -3.657113925261144, 37.171578048245962 ], [ -3.657109033131457, 37.171572441620953 ], [ -3.657103826270215, 37.171565610836126 ], [ -3.657099508038942, 37.171559937930127 ], [ -3.657087453475399, 37.171544104068644 ], [ -3.657077039761693, 37.171530442496717 ], [ -3.657058342674556, 37.171505883851303 ], [ -3.657045707519949, 37.171489341098187 ], [ -3.657031607896551, 37.171471481404836 ], [ -3.657027439302419, 37.171466177240674 ], [ -3.65702090205235, 37.171457902573607 ], [ -3.657017200573277, 37.17145320877151 ], [ -3.657010264651918, 37.171444422515918 ], [ -3.657003647546072, 37.171436031108499 ], [ -3.656998317350768, 37.171429264100681 ], [ -3.65699018557008, 37.171418961107122 ], [ -3.656979388695777, 37.171405274608581 ], [ -3.656971518869697, 37.171395303679546 ], [ -3.65695860403636, 37.171378978803475 ], [ -3.656949215063941, 37.171371783595525 ], [ -3.656936208826212, 37.171361814098709 ], [ -3.656920231640734, 37.171349562499159 ], [ -3.656891555237585, 37.17132767321182 ], [ -3.656863452683637, 37.171312216737533 ], [ -3.656810224201323, 37.17128293683286 ], [ -3.656750879156376, 37.171221096153801 ], [ -3.656708993347485, 37.171177457120436 ], [ -3.65669998103329, 37.17116431957384 ], [ -3.656682161419952, 37.171138304748517 ], [ -3.656630539791125, 37.17106299033312 ], [ -3.65660732526957, 37.171004491864821 ], [ -3.656567549742595, 37.170903998751214 ], [ -3.656545114251652, 37.170835283081068 ], [ -3.656485544660994, 37.170641956166229 ], [ -3.65643423184613, 37.170472064967015 ], [ -3.656432251943388, 37.170428087572226 ], [ -3.656429641714592, 37.170365932412956 ], [ -3.65642195051345, 37.170182566977253 ], [ -3.65642179511696, 37.170178926178366 ], [ -3.656421299461643, 37.170167201698128 ], [ -3.656417497708691, 37.170033707252252 ], [ -3.656411937888504, 37.16979593044988 ], [ -3.656411133208657, 37.169761501389956 ], [ -3.656410778362928, 37.169746522071257 ], [ -3.656407827941917, 37.169720560038542 ], [ -3.656401288907563, 37.169663871096439 ], [ -3.656389756303719, 37.169563780313638 ], [ -3.656368847194845, 37.169338086160892 ], [ -3.656362526732508, 37.169268893569416 ], [ -3.656324594247984, 37.168809605450321 ], [ -3.656313572289016, 37.168657825474675 ], [ -3.656292624357527, 37.168374180404697 ], [ -3.656274102680486, 37.168124910337049 ], [ -3.656258664551006, 37.167916997497045 ], [ -3.656220049765847, 37.167829351760382 ], [ -3.65600310047502, 37.167704086371174 ], [ -3.655706205607488, 37.167523033561167 ], [ -3.655564839636285, 37.16736034657265 ], [ -3.65548474758186, 37.167180698644643 ], [ -3.655426060700256, 37.167091532123926 ], [ -3.655376094546462, 37.167014414149222 ], [ -3.655215094605826, 37.16681348968936 ], [ -3.655199880561598, 37.166699005680243 ], [ -3.65492827683894, 37.166388613142473 ], [ -3.654910764373008, 37.166374494825988 ], [ -3.654775473842111, 37.166258880519059 ], [ -3.654817581056374, 37.165861264945832 ], [ -3.654835161648585, 37.165701836040249 ], [ -3.654838028556204, 37.165600709971564 ], [ -3.654884877116718, 37.165404143816559 ], [ -3.654992453342711, 37.164952695153829 ], [ -3.65511389297332, 37.164449023628684 ], [ -3.655126608043653, 37.164396717098903 ], [ -3.655232556798573, 37.164106727246185 ], [ -3.655376353965184, 37.16392565169285 ], [ -3.655846410460487, 37.163206851248262 ], [ -3.656186504786329, 37.162159342169382 ], [ -3.656315338657618, 37.161428492953661 ], [ -3.656313546254134, 37.161221180361288 ], [ -3.655929000611884, 37.161034014940192 ], [ -3.655330867786594, 37.160893099679555 ], [ -3.65429420719946, 37.160835720569885 ], [ -3.651365983938384, 37.16084281041968 ], [ -3.650218018913729, 37.160939245802204 ], [ -3.649033413256461, 37.160702351758431 ], [ -3.64852662315882, 37.160705117210888 ], [ -3.646963113787432, 37.160939004804263 ], [ -3.646276194718725, 37.160951757901628 ], [ -3.645848773875374, 37.161017186254981 ], [ -3.643684907699875, 37.160848660666858 ], [ -3.643209916494732, 37.160616865885885 ], [ -3.642845258058758, 37.160114058824576 ], [ -3.642548011755446, 37.159592857030312 ], [ -3.642397565241573, 37.159115928934099 ], [ -3.64221425052238, 37.158747347121569 ], [ -3.641998905720119, 37.158586261292122 ], [ -3.64162666004693, 37.158516155970283 ], [ -3.639881910498007, 37.158624734751207 ], [ -3.638705572975726, 37.159361208204515 ], [ -3.637934555209503, 37.160086474792585 ], [ -3.636792933888201, 37.160939924786284 ], [ -3.636478502956342, 37.161049773323043 ], [ -3.635993780426627, 37.160998291478755 ], [ -3.635576242246914, 37.160901368166165 ], [ -3.635349190502716, 37.160686248861637 ], [ -3.635257057714928, 37.160443363856785 ], [ -3.634442503013949, 37.160006039734675 ], [ -3.634183241412309, 37.159980376302919 ], [ -3.633971146679243, 37.160206861990559 ], [ -3.633860258100795, 37.160414777950862 ], [ -3.633623831526707, 37.160425056316313 ], [ -3.632089261810741, 37.160081685790772 ], [ -3.631706505673938, 37.160101754752368 ], [ -3.631079421860155, 37.160537760472486 ], [ -3.630888042513164, 37.160547793487929 ], [ -3.630571508083906, 37.160405253584287 ], [ -3.630367519744318, 37.160253100190616 ], [ -3.629500635277789, 37.160293755269585 ], [ -3.628520245620039, 37.160226837599843 ], [ -3.627527690233649, 37.160051807772795 ], [ -3.626038276463447, 37.159717133644641 ], [ -3.625226751177061, 37.159640291485623 ], [ -3.624585119708269, 37.159679721994131 ], [ -3.619995538490471, 37.160352787785136 ], [ -3.617745397996806, 37.160643955668696 ], [ -3.617093590604039, 37.160818609329439 ], [ -3.616656334828292, 37.161064255519243 ], [ -3.616454069878713, 37.161216824864795 ], [ -3.61617412494718, 37.160965536030858 ], [ -3.615820380061225, 37.160422899550113 ], [ -3.615446460068028, 37.159659630801563 ], [ -3.614703669450031, 37.158751111308369 ], [ -3.613257265437043, 37.157228181754284 ], [ -3.611483441946973, 37.156133676000813 ], [ -3.61068687776946, 37.155387291295682 ], [ -3.60931297260532, 37.153716775107689 ], [ -3.607759770999202, 37.15260636704356 ], [ -3.60670908971451, 37.152258570434782 ], [ -3.605536608666029, 37.151986068311182 ], [ -3.605814377213866, 37.15168237128966 ], [ -3.605897458946001, 37.151553496213737 ], [ -3.606479698945594, 37.150651374600308 ], [ -3.60677099055932, 37.150199180546231 ], [ -3.607144048272545, 37.148971366442098 ], [ -3.607328065854947, 37.146635780511801 ], [ -3.607445293700228, 37.145805885469393 ], [ -3.607765122682511, 37.144965946448359 ], [ -3.608764497210291, 37.143212096982239 ], [ -3.609204973450347, 37.141974914859446 ], [ -3.609564668864933, 37.140494757289581 ], [ -3.609661443555244, 37.139926381765513 ], [ -3.609859257633555, 37.139321420977133 ], [ -3.610031655950603, 37.138356027459302 ], [ -3.608803727366218, 37.138272190792094 ], [ -3.608285319078801, 37.13821174468643 ], [ -3.60783409230134, 37.138105890438396 ], [ -3.607841528992069, 37.137628106016336 ], [ -3.607702820156832, 37.137178113146298 ], [ -3.607509550046041, 37.136944737701356 ], [ -3.607283514084181, 37.136837717943358 ], [ -3.606877414239057, 37.136740642871757 ], [ -3.605469726172049, 37.136702753123963 ], [ -3.603163326835013, 37.136872240005964 ], [ -3.60283664687441, 37.136896428049383 ], [ -3.601574473553554, 37.136749591899068 ], [ -3.60114074848047, 37.138852064843867 ], [ -3.600533613571834, 37.138963311357685 ], [ -3.600117248495352, 37.138992453320256 ], [ -3.595960149213617, 37.138688884119851 ], [ -3.592545119512297, 37.138246250422554 ], [ -3.591643843274109, 37.138178630703209 ], [ -3.591238877805172, 37.138225721766638 ], [ -3.590072863806443, 37.138862500131772 ], [ -3.589557123336185, 37.139144503130744 ], [ -3.588995842626288, 37.139363622563394 ], [ -3.586096163364871, 37.140045011191084 ], [ -3.585533487626793, 37.140083839405548 ], [ -3.584733260454982, 37.139979611650752 ], [ -3.584102810895549, 37.139991734140068 ], [ -3.58346270543605, 37.140211215826618 ], [ -3.582756398912926, 37.14045240097191 ], [ -3.582034583833308, 37.140534919974108 ], [ -3.581753096723757, 37.140529333954859 ], [ -3.580828861109262, 37.140259216211724 ], [ -3.580683656549764, 37.140256060607264 ], [ -3.580518663691318, 37.140280206263007 ], [ -3.579893394626862, 37.140416810648148 ], [ -3.580994650732586, 37.142157482708299 ], [ -3.582168254627724, 37.143201225192364 ], [ -3.585484889482121, 37.145465487318553 ], [ -3.5861492031773, 37.145960240803049 ], [ -3.586696739416469, 37.146369925845129 ], [ -3.585989712069686, 37.146679893135655 ], [ -3.584597419651415, 37.147200561907653 ], [ -3.583607970915821, 37.147394724659556 ], [ -3.583067552096851, 37.147406389497704 ], [ -3.582875299132306, 37.14729916618036 ], [ -3.582431452777608, 37.146688381739295 ], [ -3.57955928298302, 37.147930602065372 ], [ -3.579120500836122, 37.14811978895159 ], [ -3.579113639384115, 37.14869672345624 ], [ -3.579209015648845, 37.149390341312007 ], [ -3.579699694706106, 37.150235265462456 ], [ -3.5796896726025, 37.150397567825394 ], [ -3.579051448757442, 37.150878433639193 ], [ -3.580448099596396, 37.15238597497649 ], [ -3.578721051891169, 37.153331866069799 ], [ -3.578159783516272, 37.153568971259865 ], [ -3.577979605984054, 37.153569841067672 ], [ -3.577460773150295, 37.153464201312239 ], [ -3.5769545724888, 37.153538770192426 ], [ -3.576718694493567, 37.153621044879785 ], [ -3.575710320751024, 37.154301993775306 ], [ -3.575035399228719, 37.154404416154208 ], [ -3.573830982002722, 37.154482357381902 ], [ -3.571773229729594, 37.154897917948418 ], [ -3.568245544377895, 37.156032593484582 ], [ -3.564028637515152, 37.156881987034453 ], [ -3.563703255362315, 37.157045779420727 ], [ -3.563558326053546, 37.157244778251531 ], [ -3.563481568246292, 37.157524579428689 ], [ -3.563951198999235, 37.15858601482595 ], [ -3.562755704002088, 37.158357313876373 ], [ -3.561514568926707, 37.158047699463005 ], [ -3.559978710372389, 37.15747804784943 ], [ -3.559962502708754, 37.158334461236016 ], [ -3.560045790596697, 37.15893801039838 ], [ -3.560030647505731, 37.159938643650754 ], [ -3.559897762945045, 37.160245749860955 ], [ -3.559529169134776, 37.160662137836106 ], [ -3.558209439078333, 37.160388907324432 ], [ -3.557431490789738, 37.160275386212305 ], [ -3.554247200795241, 37.159145498233748 ], [ -3.553367256237092, 37.158942277577601 ], [ -3.551406434821345, 37.158780131654254 ], [ -3.551090054204279, 37.158637369081085 ], [ -3.550919686748973, 37.158439851546987 ], [ -3.549994515737378, 37.158209773769791 ], [ -3.549862376783157, 37.158625034384798 ], [ -3.549396161033463, 37.159564660309144 ], [ -3.548298471431112, 37.161958455046005 ], [ -3.547687483039882, 37.163133109391687 ], [ -3.546970445731452, 37.163659228048161 ], [ -3.54680280466832, 37.163840283052984 ], [ -3.546320455823804, 37.164112920734325 ], [ -3.546075464514281, 37.164501654827347 ], [ -3.545374523496783, 37.165703744595803 ], [ -3.545019275801791, 37.166426504219494 ], [ -3.544694975797415, 37.16675250163739 ], [ -3.543935802605431, 37.167693451419964 ], [ -3.543092272786141, 37.167868578528527 ], [ -3.541888066964157, 37.168009293257754 ], [ -3.540999486675642, 37.168184611488357 ], [ -3.540213491503341, 37.168530722661956 ], [ -3.539765957992129, 37.16895642300198 ], [ -3.539000100303387, 37.170555398046261 ], [ -3.538552111600651, 37.170917997366111 ], [ -3.537642941527917, 37.171372819938377 ], [ -3.537260279717551, 37.171419616818135 ], [ -3.536480793297591, 37.171098633201574 ], [ -3.535973223226789, 37.171001775393385 ], [ -3.534588658326671, 37.171134208644872 ], [ -3.533056467241438, 37.171096031740277 ], [ -3.531838399621526, 37.170876135306415 ], [ -3.52958193803743, 37.170354384359115 ], [ -3.52489586313334, 37.168689549439762 ], [ -3.523299613533322, 37.169156317815741 ], [ -3.52304167108259, 37.169319709870791 ], [ -3.522941230976933, 37.16945536419766 ], [ -3.522666708097781, 37.170484179170167 ], [ -3.522251439758355, 37.170702347716826 ], [ -3.522042564216938, 37.171451435671514 ], [ -3.521820634357262, 37.17193917276041 ], [ -3.521170422105673, 37.172392728578693 ], [ -3.521140952338611, 37.173023851752355 ], [ -3.521245239325212, 37.173447054068305 ], [ -3.521202968926723, 37.173852872862689 ], [ -3.520968648525661, 37.174178409571368 ], [ -3.520812422549828, 37.174395433834547 ], [ -3.520577851441324, 37.174684914604917 ], [ -3.519212350159027, 37.175970893561903 ], [ -3.518956595372539, 37.176458773230635 ], [ -3.51904055460357, 37.177206581442604 ], [ -3.518918060790523, 37.17741444131061 ], [ -3.518480460677108, 37.17766875057908 ], [ -3.517752114044487, 37.178239812053747 ], [ -3.516787326514224, 37.178829928617603 ], [ -3.516542504806087, 37.179272684954142 ], [ -3.516387912476172, 37.179733084688145 ], [ -3.516175654327276, 37.179995408165212 ], [ -3.515917291963866, 37.180104702078566 ], [ -3.515444768259244, 37.180196899159455 ], [ -3.51517267746948, 37.181604275066675 ], [ -3.514825163901656, 37.181858179045193 ], [ -3.514476853247216, 37.181994902767549 ], [ -3.512754582574487, 37.182200659722881 ], [ -3.512303964030913, 37.182202608960971 ], [ -3.512100516288249, 37.18210433385606 ], [ -3.511750983210822, 37.182060764761182 ], [ -3.511299454064161, 37.181927503288037 ], [ -3.510683970876296, 37.182543104384933 ], [ -3.509977879340263, 37.183086988869697 ], [ -3.509439309937476, 37.183413811681795 ], [ -3.509422276343249, 37.184234163713775 ], [ -3.508941295674542, 37.184750031695941 ], [ -3.508336130379239, 37.185230374368395 ], [ -3.506717811943915, 37.185832215941048 ], [ -3.505706815643554, 37.18627822393497 ], [ -3.504941730940948, 37.186434716904465 ], [ -3.504482218881957, 37.186797236387527 ], [ -3.503909980328601, 37.187151210512454 ], [ -3.501742685660965, 37.188233071417045 ], [ -3.501326544678236, 37.188343001588834 ], [ -3.500841911009387, 37.188318000110471 ], [ -3.499818926598914, 37.188664845011601 ], [ -3.499156045455187, 37.188947075158566 ], [ -3.497839274913456, 37.189168943684017 ], [ -3.497445005623831, 37.189179604777998 ], [ -3.497231591733982, 37.189279655178311 ], [ -3.497086721970762, 37.189523642408183 ], [ -3.497142945574913, 37.191227070470639 ], [ -3.49708767501473, 37.191389555211678 ], [ -3.49632423145749, 37.191807402066544 ], [ -3.496326886439002, 37.192213022978684 ], [ -3.497907696272744, 37.192729222449643 ], [ -3.498032629056361, 37.192881936064921 ], [ -3.498251856636887, 37.193665244998854 ], [ -3.498546700159241, 37.193952453955731 ], [ -3.49881788471736, 37.194068504009451 ], [ -3.500239152514437, 37.194305899416896 ], [ -3.50078248258767, 37.194682202669959 ], [ -3.500965023163347, 37.195023964409103 ], [ -3.501017586649712, 37.196159519935073 ], [ -3.501132228364658, 37.196456498266599 ], [ -3.501403485426139, 37.196581556041735 ], [ -3.502023741631163, 37.196660055585518 ], [ -3.50258921455875, 37.196973158239615 ], [ -3.50334826689139, 37.197591913005887 ], [ -3.503429176367645, 37.197898046359427 ], [ -3.503296595702978, 37.198295236174488 ], [ -3.502673174232179, 37.199442665217845 ], [ -3.501940562111588, 37.201122381272086 ], [ -3.501853280242834, 37.201555424455272 ], [ -3.502014846642066, 37.202131646708743 ], [ -3.501974249871751, 37.202807870787282 ], [ -3.50166587837858, 37.203890860221698 ], [ -3.501465009677345, 37.204189173536136 ], [ -3.500700640086743, 37.204480855601368 ], [ -3.500193663209297, 37.204501016424125 ], [ -3.499574462103488, 37.204593769623692 ], [ -3.497977073753613, 37.205024145629594 ], [ -3.497887574056475, 37.205123676107512 ], [ -3.497956727192166, 37.205357750072913 ], [ -3.497893128959431, 37.205970971029224 ], [ -3.498076691443264, 37.206465979633442 ], [ -3.498360848978842, 37.206834359411637 ], [ -3.499232302912693, 37.207398582260147 ], [ -3.499741795905067, 37.207757003742138 ], [ -3.500375018342526, 37.208078844329691 ], [ -3.500477454287148, 37.208231649906345 ], [ -3.500456392454689, 37.208457089365254 ], [ -3.500278521979507, 37.208827415471646 ], [ -3.500234872227426, 37.209043936248392 ], [ -3.500292588280333, 37.209251014907792 ], [ -3.500689224549063, 37.20958286669709 ], [ -3.501177142524794, 37.210085597257688 ], [ -3.501805089996469, 37.211308853776892 ], [ -3.502031191519592, 37.211416063877671 ], [ -3.503148280670523, 37.211618664403723 ], [ -3.503782628553763, 37.21210273385617 ], [ -3.504067074981327, 37.212507154259328 ], [ -3.504327844453056, 37.212740408551099 ], [ -3.504813476119596, 37.212891587063268 ], [ -3.505603461462849, 37.213050478839584 ], [ -3.505805049571247, 37.213123983768426 ], [ -3.506089278167312, 37.21322868432307 ], [ -3.506463047572845, 37.213506530056335 ], [ -3.506951583216926, 37.214090359727592 ], [ -3.507747977238056, 37.215204694380382 ], [ -3.508077417471782, 37.215590892957223 ], [ -3.508519323919301, 37.215940542758702 ], [ -3.509470094591198, 37.216540404308134 ], [ -3.509947038398535, 37.217070187037244 ], [ -3.510223655913319, 37.216302805554818 ], [ -3.510535464934796, 37.215742593761121 ], [ -3.51078219948023, 37.215561249934332 ], [ -3.511209757034921, 37.215451237342776 ], [ -3.512516514533687, 37.215355468238577 ], [ -3.513000286872943, 37.215227177930984 ], [ -3.51333681010984, 37.214991355854515 ], [ -3.513717373458187, 37.214602103747737 ], [ -3.51401807421739, 37.214068972922874 ], [ -3.514476051514501, 37.213463046237315 ], [ -3.516178875152743, 37.211950307839274 ], [ -3.516391344255863, 37.211706003555527 ], [ -3.516653534767536, 37.210487969069476 ], [ -3.516593868126813, 37.210001463749947 ], [ -3.516600774818863, 37.209361438860647 ], [ -3.516813492554512, 37.209153188703255 ], [ -3.516993188987196, 37.209062264438252 ], [ -3.517229847377145, 37.209061231305995 ], [ -3.51904239350111, 37.210432473495231 ], [ -3.519483701753045, 37.210691945165124 ], [ -3.520975266307996, 37.211262308860718 ], [ -3.521848004558852, 37.211979596638891 ], [ -3.522041320021956, 37.212231145963464 ], [ -3.522108423572508, 37.212411130295834 ], [ -3.522121700066175, 37.212447127792657 ], [ -3.524559138319059, 37.212887076814688 ], [ -3.528381209877538, 37.214708990024299 ], [ -3.529262872301592, 37.215074636678104 ], [ -3.531002291786983, 37.215607709402107 ], [ -3.531465769063589, 37.215803938610456 ], [ -3.532384437473309, 37.216620104555389 ], [ -3.532667215074525, 37.216763057100636 ], [ -3.533942313420443, 37.216973660761447 ], [ -3.534269414952782, 37.217008250741586 ], [ -3.535943266090625, 37.217820979929201 ], [ -3.536688602056691, 37.218024935830762 ], [ -3.538387869096679, 37.21764765939708 ], [ -3.538838375933638, 37.217600540809926 ], [ -3.539232079790189, 37.217490590210559 ], [ -3.539500778295339, 37.217236974897169 ], [ -3.539745468075567, 37.216776146589154 ], [ -3.541097354927066, 37.216688861523387 ], [ -3.542946057148503, 37.216725489576561 ], [ -3.543250232444267, 37.216706066882828 ], [ -3.542563637448977, 37.218412857828206 ], [ -3.542565122279673, 37.21862017273245 ], [ -3.542716163397614, 37.219250468815133 ], [ -3.544578845048305, 37.219656580477483 ], [ -3.544349009339834, 37.220613119316646 ], [ -3.547443494149348, 37.221455221038177 ], [ -3.550243363402639, 37.220522829596341 ], [ -3.550711321434673, 37.21977250321946 ], [ -3.551189872663096, 37.220482381678153 ], [ -3.551428533993722, 37.220751699201458 ], [ -3.551565756497897, 37.221021479647632 ], [ -3.552166610604135, 37.221496429904228 ], [ -3.552104556492468, 37.222262907336024 ], [ -3.553056483249661, 37.222961574295731 ], [ -3.553031860504776, 37.224223654824058 ], [ -3.553124600895666, 37.224574766728665 ], [ -3.55367935178376, 37.224905700634586 ], [ -3.554131012690614, 37.22501176497299 ], [ -3.554480041033089, 37.22495604760401 ], [ -3.554999003538173, 37.225016714645271 ], [ -3.555684210788772, 37.224689007733687 ], [ -3.555910372564183, 37.224787100094609 ], [ -3.556383122392998, 37.224694740449131 ], [ -3.556663258705331, 37.224468083811345 ], [ -3.556808067359865, 37.224233030804491 ], [ -3.557391550035384, 37.223869736326328 ], [ -3.558074544676518, 37.223244555867119 ], [ -3.55830865452683, 37.222891907533764 ], [ -3.558756796620908, 37.222520221227541 ], [ -3.559000442826965, 37.221933163159143 ], [ -3.559346535769345, 37.2214808304104 ], [ -3.559928707767178, 37.220946255006986 ], [ -3.56018675526307, 37.220782783222937 ], [ -3.560364825876632, 37.220475465659931 ], [ -3.560679081321311, 37.220293698901585 ], [ -3.560812732166617, 37.220076730692213 ], [ -3.560845210448251, 37.219896297354786 ], [ -3.561012939986867, 37.219715223445895 ], [ -3.561040355301239, 37.218849751653224 ], [ -3.561195676116988, 37.218515498590001 ], [ -3.561408217575362, 37.218298155841751 ], [ -3.561472368059246, 37.217829124790491 ], [ -3.561763745699556, 37.217602393665871 ], [ -3.561794148594557, 37.217142536431737 ], [ -3.562793980374897, 37.215181755709445 ], [ -3.563195902196846, 37.214666048215413 ], [ -3.563560778785384, 37.213717844290997 ], [ -3.563795113644508, 37.213401239616395 ], [ -3.564052579115669, 37.213165650201411 ], [ -3.564329830374749, 37.212560392492996 ], [ -3.565416831808222, 37.211725930867729 ], [ -3.565695345560411, 37.211291929633234 ], [ -3.566099774850328, 37.211118731696033 ], [ -3.566492337503266, 37.210864472246492 ], [ -3.566976189389767, 37.210763003366566 ], [ -3.567810410471519, 37.210795072341739 ], [ -3.568381036328232, 37.210242482302164 ], [ -3.568975354575471, 37.209843013512021 ], [ -3.569458045053663, 37.209588311282815 ], [ -3.569627018707582, 37.2095784848376 ], [ -3.570318727524711, 37.210143046772934 ], [ -3.571129996244021, 37.21012111896944 ], [ -3.572065622221742, 37.208656337872327 ], [ -3.572368134076304, 37.208420512785658 ], [ -3.572649456664063, 37.208365078179945 ], [ -3.573982094158619, 37.208737224803428 ], [ -3.575689235089885, 37.209450077383075 ], [ -3.576857255984349, 37.21039988648343 ], [ -3.5775767998292, 37.210171039525484 ], [ -3.578205828352023, 37.209897551133004 ], [ -3.57899366849271, 37.20975850203709 ], [ -3.579972108591907, 37.209492318847225 ], [ -3.580591441712923, 37.209426186935865 ], [ -3.580917435849466, 37.209316420821615 ], [ -3.582366138235427, 37.20865129534463 ], [ -3.582760077268025, 37.208586269043543 ], [ -3.583809159260987, 37.208716321989407 ], [ -3.584597602105817, 37.208658349548656 ], [ -3.585724806682411, 37.20868885512165 ], [ -3.586355408340827, 37.208622637383137 ], [ -3.586773696721343, 37.20879184078278 ], [ -3.58723622589533, 37.208852646567252 ], [ -3.588486497454021, 37.208765324882954 ], [ -3.588947346504658, 37.208609796748533 ], [ -3.59033157875938, 37.208359546815977 ], [ -3.590714801909804, 37.208366650332842 ], [ -3.590950611706285, 37.208257306357851 ], [ -3.591345244229004, 37.208282378880604 ], [ -3.591729733981542, 37.208451733477716 ], [ -3.59250055088043, 37.209024784185864 ], [ -3.592705019725663, 37.209231082804713 ], [ -3.593001619560539, 37.2096893112898 ], [ -3.593307939917635, 37.209949191781213 ], [ -3.593771328611851, 37.210118135422547 ], [ -3.594526605701879, 37.210141397936681 ], [ -3.596647534775923, 37.210419198988141 ], [ -3.597697102195286, 37.210603210110335 ], [ -3.598070205806901, 37.21075456445061 ], [ -3.598366345814366, 37.211149692754638 ], [ -3.598604645199508, 37.211355810130506 ], [ -3.599180465589071, 37.211488117369271 ], [ -3.60038590081434, 37.211427938716831 ], [ -3.600926843443085, 37.211425195620052 ], [ -3.601705450483676, 37.211547447631276 ], [ -3.602629071533631, 37.211479663409861 ], [ -3.602294983148442, 37.211986136070308 ], [ -3.602533654229138, 37.212237322441851 ], [ -3.602648932645634, 37.212561238932629 ], [ -3.602767223744145, 37.213263726689398 ], [ -3.602749918452831, 37.213921834489497 ], [ -3.602900649109475, 37.214452900490315 ], [ -3.602892821859011, 37.214885610762167 ], [ -3.603466378855571, 37.214729452526981 ], [ -3.603971677515023, 37.214492522905594 ], [ -3.604195857287957, 37.214338142137855 ], [ -3.604803433356012, 37.21420884580521 ], [ -3.605603257457147, 37.214159698296918 ], [ -3.608056735684706, 37.21372349022171 ], [ -3.608618930652631, 37.213558360451479 ], [ -3.60988867199864, 37.213083112117964 ], [ -3.610057881030515, 37.213057452334098 ], [ -3.610372706551916, 37.213008507110096 ], [ -3.611127495907061, 37.212968568371934 ], [ -3.612582264427236, 37.213078244209704 ], [ -3.612908288276087, 37.212977404036046 ], [ -3.613692796944025, 37.212432513106577 ], [ -3.613995996123094, 37.212295732334816 ], [ -3.615067352980109, 37.212380322642467 ], [ -3.615664210238651, 37.212323138061826 ], [ -3.616260198181173, 37.212157796433637 ], [ -3.618179020505927, 37.211129228739829 ], [ -3.618729473701756, 37.210910028547502 ], [ -3.619213768545545, 37.210871441970106 ], [ -3.62016085051652, 37.210920580013955 ], [ -3.622073276301072, 37.210495927521812 ], [ -3.623075676050027, 37.210418556242438 ], [ -3.623267614359334, 37.210374730123299 ], [ -3.623953059511044, 37.210215630573202 ], [ -3.624087487171232, 37.210115777792446 ], [ -3.624835698730031, 37.209282548552359 ], [ -3.62529574180839, 37.209036743868957 ], [ -3.625552999616682, 37.208801031467843 ], [ -3.625663682257978, 37.208557069818077 ], [ -3.625672644421444, 37.208277589524158 ], [ -3.625806459568582, 37.20810561727027 ], [ -3.62626619440118, 37.207823754570242 ], [ -3.626545312362675, 37.207506789698627 ], [ -3.626754950674526, 37.206964842609366 ], [ -3.62696674850527, 37.206684288768955 ], [ -3.62713276067875, 37.20657298886222 ], [ -3.627796102024686, 37.206130053161857 ], [ -3.628288577593525, 37.205721813503679 ], [ -3.629469769090901, 37.205089080777952 ], [ -3.62954514612911, 37.205048117344532 ], [ -3.629790808962201, 37.204776392414644 ], [ -3.629978553978136, 37.204315681623619 ], [ -3.630301754357335, 37.203881300773126 ], [ -3.631222325631889, 37.203461756297919 ], [ -3.631869892116586, 37.202737195192903 ], [ -3.632641234341307, 37.201993932586959 ], [ -3.633962834129777, 37.201022381102007 ], [ -3.63490467829048, 37.200458479611051 ], [ -3.637051126489813, 37.20110499418486 ], [ -3.638203891339505, 37.201504427061636 ], [ -3.639301695907848, 37.202066396716113 ], [ -3.640570281098571, 37.202834753966386 ], [ -3.64120839019921, 37.202335533441932 ], [ -3.642068570365779, 37.201447514388541 ], [ -3.642483196807644, 37.20117484728123 ], [ -3.643381283775347, 37.200773367412033 ], [ -3.644994612567213, 37.199673912931203 ], [ -3.645360885549099, 37.199390231547262 ], [ -3.645509565233467, 37.199274493356199 ], [ -3.646123912907151, 37.198640175224234 ], [ -3.647340619131298, 37.198360869244198 ], [ -3.647405982954225, 37.198344737600763 ], [ -3.648266405147579, 37.198817781733226 ], [ -3.648396208680994, 37.199502133022769 ], [ -3.648604812571687, 37.200177038693248 ], [ -3.648902715266912, 37.200752310162258 ], [ -3.649164270994418, 37.201030310100464 ], [ -3.649402365932151, 37.20120027046444 ], [ -3.649472599823402, 37.201506360254847 ], [ -3.649499758721121, 37.202047049250723 ], [ -3.64970498033873, 37.202325365780524 ], [ -3.65069143603784, 37.20303206345767 ], [ -3.651100965610012, 37.203480511319178 ], [ -3.651330360340624, 37.203947976224185 ], [ -3.651438283714236, 37.204704555427405 ], [ -3.651612348858696, 37.205289514410659 ], [ -3.65193274346398, 37.205855630893332 ], [ -3.65236569816931, 37.206403107690747 ], [ -3.652683863278552, 37.206707829553302 ], [ -3.657157735733054, 37.204096115840329 ], [ -3.658195929332478, 37.204261625996438 ], [ -3.660386259985448, 37.204736207055895 ], [ -3.661921004291374, 37.204980040798119 ], [ -3.668990013044201, 37.20534601099142 ], [ -3.669358771770168, 37.204992392783943 ], [ -3.67206068447724, 37.205959632752723 ], [ -3.672443579269694, 37.205930417925671 ], [ -3.673305832392006, 37.205312580565554 ], [ -3.674254488365451, 37.205541556241087 ], [ -3.675328459056534, 37.205923047002671 ], [ -3.677020148453988, 37.206066636479207 ], [ -3.679865120237489, 37.20663627547615 ], [ -3.681242025569902, 37.206862736279426 ], [ -3.682730095455399, 37.206917275495542 ], [ -3.683305616201379, 37.207004096392765 ], [ -3.685124548334473, 37.207507402417832 ], [ -3.686321100275038, 37.207725833081902 ], [ -3.687641289982862, 37.207907478196972 ], [ -3.688476184020488, 37.208010795775479 ], [ -3.689516627787061, 37.208410380002341 ], [ -3.689763725189902, 37.208318802029133 ], [ -3.690111011424936, 37.208091430851404 ], [ -3.690355737111928, 37.207738461335808 ], [ -3.690786033185018, 37.206726400910767 ], [ -3.69119771525909, 37.20614710742327 ], [ -3.691533142945201, 37.205856703685413 ], [ -3.692083505130244, 37.205655182801664 ], [ -3.692488597438094, 37.20558972678117 ], [ -3.694178656835121, 37.205552801873218 ], [ -3.695020420734942, 37.205178294529041 ], [ -3.695714859210112, 37.204714516215262 ], [ -3.696040815832329, 37.204622461995108 ], [ -3.696423859046509, 37.204611196708676 ], [ -3.696828787329664, 37.20452769896302 ], [ -3.698630495539131, 37.204381886566651 ], [ -3.698522517601607, 37.203670422324116 ], [ -3.698548940285675, 37.202868026019559 ], [ -3.698510816461352, 37.20239952599686 ], [ -3.699847150252072, 37.200063788439742 ], [ -3.700027718881481, 37.199749487041849 ], [ -3.700218656470466, 37.199414842697628 ], [ -3.70036155491423, 37.199026407408276 ], [ -3.700267584186758, 37.198612312499748 ], [ -3.699960533456318, 37.197850195324385 ], [ -3.699771682624058, 37.197380332345546 ], [ -3.69915368745846, 37.196347368265755 ], [ -3.698685752451496, 37.195701124643676 ], [ -3.698166615499437, 37.194388148443508 ], [ -3.698095611571754, 37.194018994837691 ], [ -3.698924466177246, 37.193482284596435 ], [ -3.699024121871548, 37.193292403615906 ], [ -3.698904280407667, 37.193088043242632 ], [ -3.698440302940287, 37.192295298093654 ], [ -3.698414116826202, 37.191898838451678 ], [ -3.698918791832501, 37.188151869750115 ] ] ] ] } },
{ "type": "Feature", "properties": { "cod_mun": "23050", "nombre": "Jaén", "provincia": "Jaén" }, "geometry": { "type": "MultiPolygon", "coordinates": [ [ [ [ -3.868459327829147, 37.908665457625773 ], [ -3.867879488998432, 37.907723410489119 ], [ -3.870518909988864, 37.905820290270931 ], [ -3.869631230890867, 37.904817429306341 ], [ -3.869095949320943, 37.903793943135895 ], [ -3.868588408540202, 37.903193841801539 ], [ -3.864927827307946, 37.90045392507858 ], [ -3.864136647743299, 37.899909964727328 ], [ -3.864032076952607, 37.899721463622818 ], [ -3.863852632101084, 37.898965723537962 ], [ -3.863723736287994, 37.89766884395916 ], [ -3.863531359311728, 37.89677800591295 ], [ -3.862829748450774, 37.895133834637441 ], [ -3.862195666614205, 37.893426083291054 ], [ -3.861835250170406, 37.892752770924297 ], [ -3.857523759215337, 37.892658080521144 ], [ -3.856951187545254, 37.892319763442487 ], [ -3.856697661927475, 37.892033207819956 ], [ -3.855542861700747, 37.888553708979309 ], [ -3.856055103950992, 37.88663028959499 ], [ -3.856193014606333, 37.885773077221529 ], [ -3.856142322247138, 37.884340433503858 ], [ -3.856395390116199, 37.88262618222609 ], [ -3.856901086949283, 37.878179247506985 ], [ -3.856940082368841, 37.87467302326894 ], [ -3.856817719995231, 37.87196109291969 ], [ -3.858684909495392, 37.871199440807082 ], [ -3.861048817531389, 37.870136703435612 ], [ -3.862061907059765, 37.869264074428756 ], [ -3.861085521828484, 37.868405995297294 ], [ -3.860765846570178, 37.86829116589589 ], [ -3.86036785202782, 37.868285062179936 ], [ -3.859813272785324, 37.867523030356715 ], [ -3.859776655069788, 37.86730699835794 ], [ -3.859928686699926, 37.866693023119929 ], [ -3.860185867438266, 37.866321626473955 ], [ -3.86129662227307, 37.865051724561894 ], [ -3.861924924953995, 37.864335120107896 ], [ -3.861705107699267, 37.862447544388438 ], [ -3.861866539688922, 37.860887787201278 ], [ -3.861599851431243, 37.859675643640948 ], [ -3.861496889181547, 37.859323804870691 ], [ -3.861380393053174, 37.858928370637805 ], [ -3.861287696157251, 37.858709225021499 ], [ -3.860751517113763, 37.857921771406751 ], [ -3.860265481915524, 37.857236163755893 ], [ -3.860061117644286, 37.856833231361911 ], [ -3.859788367117454, 37.856272559041159 ], [ -3.859629709818968, 37.855983593240929 ], [ -3.85945934776913, 37.855641960321989 ], [ -3.859267730207958, 37.855379615240167 ], [ -3.859155377958654, 37.855257346330212 ], [ -3.858463664084854, 37.854930456494657 ], [ -3.857743574175421, 37.854559561124667 ], [ -3.857203773497956, 37.854304507250653 ], [ -3.856567348323169, 37.853962296329605 ], [ -3.856074664187109, 37.853743892297103 ], [ -3.855589697413026, 37.853519265298573 ], [ -3.854986970690447, 37.853202992270425 ], [ -3.854337782729788, 37.852905556662165 ], [ -3.853876374126502, 37.852699246015021 ], [ -3.853622022033077, 37.852439347253231 ], [ -3.852920992343984, 37.851692131339036 ], [ -3.851913236563262, 37.850657321435087 ], [ -3.851061318373024, 37.849760841719224 ], [ -3.850108856381826, 37.848793447108662 ], [ -3.849366138614856, 37.848012594700286 ], [ -3.848735969178064, 37.847332672765262 ], [ -3.848505903842897, 37.847074317965017 ], [ -3.848176497332903, 37.846842374025435 ], [ -3.847801569091151, 37.846709411981138 ], [ -3.846893954436155, 37.846246416507888 ], [ -3.846525363483875, 37.846029053137748 ], [ -3.846075375526067, 37.845729363868074 ], [ -3.845473241315236, 37.84528263843815 ], [ -3.844828283557276, 37.844818533800314 ], [ -3.844512006028724, 37.844600788689227 ], [ -3.843522334754425, 37.844284607540274 ], [ -3.84307824893491, 37.844114992532731 ], [ -3.842640606611137, 37.843974098893277 ], [ -3.842102195675509, 37.843802892860417 ], [ -3.841943700424419, 37.843687633614969 ], [ -3.841867191295986, 37.843426986845301 ], [ -3.841610593091551, 37.843350922528167 ], [ -3.840731608260714, 37.842951007934609 ], [ -3.839906295017956, 37.842601771005484 ], [ -3.839219002129639, 37.84235019091124 ], [ -3.838705906167649, 37.842097366247359 ], [ -3.838279485680419, 37.841804463868094 ], [ -3.837814721459312, 37.841423055625441 ], [ -3.837638288073243, 37.841227018283369 ], [ -3.837548907345168, 37.841010461067619 ], [ -3.837466681459215, 37.840685860275251 ], [ -3.837390613945869, 37.840132891694125 ], [ -3.837378835878899, 37.839863147087861 ], [ -3.837296142836832, 37.839497035981474 ], [ -3.837179870192408, 37.839248781943517 ], [ -3.836995005579256, 37.839006999878173 ], [ -3.83656986651808, 37.83857280460365 ], [ -3.836315193622302, 37.838275763455286 ], [ -3.835943458050616, 37.837503617051858 ], [ -3.835233058238887, 37.836412885900735 ], [ -3.834989483794251, 37.836139503015396 ], [ -3.834315076044378, 37.835383493737972 ], [ -3.833868510675963, 37.834858770141764 ], [ -3.833340557704004, 37.83406289930965 ], [ -3.83297952267794, 37.833379660593522 ], [ -3.832523556929252, 37.832721318495039 ], [ -3.831547193391859, 37.831674750226455 ], [ -3.831459345954292, 37.8313936986386 ], [ -3.831348434364757, 37.831007610953037 ], [ -3.831262989890671, 37.830625606495765 ], [ -3.831000586645387, 37.829928776469707 ], [ -3.830847409541305, 37.829407017427044 ], [ -3.830532063286574, 37.82835344047183 ], [ -3.830370801461831, 37.827943128423662 ], [ -3.830140570437577, 37.827494492598106 ], [ -3.829521438232776, 37.826478798614076 ], [ -3.828993679898279, 37.825690674457036 ], [ -3.828305557850179, 37.824569845644739 ], [ -3.827823950414079, 37.823592876744094 ], [ -3.827592621636937, 37.823043307318642 ], [ -3.827319458974616, 37.822253385799314 ], [ -3.827095094536971, 37.82161445710846 ], [ -3.82683189773875, 37.820839984520582 ], [ -3.82664824127957, 37.820173640060972 ], [ -3.826399992116637, 37.819179794499277 ], [ -3.826066601019962, 37.819016340078377 ], [ -3.826003078604781, 37.8189440330884 ], [ -3.826119818309641, 37.818875581229221 ], [ -3.826229171465095, 37.818867153194923 ], [ -3.826349694795965, 37.81888333314415 ], [ -3.826526475813531, 37.818818533483132 ], [ -3.826898473373352, 37.818815922494132 ], [ -3.827092717327968, 37.818674821991983 ], [ -3.82713014536908, 37.818519293190761 ], [ -3.827187234466186, 37.818371395456964 ], [ -3.827264515597365, 37.818277694913789 ], [ -3.827458572745087, 37.818121065815276 ], [ -3.827653495904948, 37.818042067809834 ], [ -3.827749830285043, 37.817901645155956 ], [ -3.827903511614979, 37.817636620980089 ], [ -3.827899176543833, 37.817248490967422 ], [ -3.827925606954698, 37.816984352081818 ], [ -3.828002018668438, 37.816813028656682 ], [ -3.828089251997479, 37.816734786904618 ], [ -3.828186017565742, 37.816633179600622 ], [ -3.82817396993622, 37.816431419388927 ], [ -3.82815344204407, 37.816346175070358 ], [ -3.828239807279261, 37.816190301789035 ], [ -3.82844364957833, 37.816033602242058 ], [ -3.828734733930959, 37.815798660046788 ], [ -3.82891023480845, 37.81561615674206 ], [ -3.829163361402567, 37.815490158712066 ], [ -3.829368328911254, 37.815434376622008 ], [ -3.829593391045946, 37.815425031558071 ], [ -3.829828332518488, 37.815423376610902 ], [ -3.830072805645709, 37.815398355558038 ], [ -3.830219636897461, 37.81539732072401 ], [ -3.830512441095377, 37.815317628053002 ], [ -3.830755695784984, 37.815183936070113 ], [ -3.830852716780724, 37.815105623240264 ], [ -3.831017130932728, 37.814925907906193 ], [ -3.831143430184958, 37.814689643677049 ], [ -3.831326992370214, 37.814470983041964 ], [ -3.831648634923837, 37.814344496096133 ], [ -3.831824144463332, 37.814281157580751 ], [ -3.832076303135501, 37.814069771480241 ], [ -3.832553081227495, 37.813810209492061 ], [ -3.832918063081812, 37.813683944517713 ], [ -3.833303149965247, 37.813494797058276 ], [ -3.833716254845936, 37.813338347294092 ], [ -3.83421133218697, 37.813093583541622 ], [ -3.834541842092133, 37.812970613069233 ], [ -3.834929349598525, 37.812697496562976 ], [ -3.835034210571248, 37.812535232202279 ], [ -3.835012740466569, 37.812350790216207 ], [ -3.834992136590823, 37.81224324956802 ], [ -3.835040444518705, 37.812013491526521 ], [ -3.834909001514363, 37.811702728455863 ], [ -3.834994903348183, 37.811579056744925 ], [ -3.835042086974431, 37.811463347499711 ], [ -3.834928354109334, 37.81118570764 ], [ -3.834756082539767, 37.811042342849341 ], [ -3.834676764968028, 37.810889071880794 ], [ -3.834616936435765, 37.810743359826375 ], [ -3.834615464592927, 37.810612610363769 ], [ -3.834671505301, 37.810446086564099 ], [ -3.834695289159546, 37.810276132055201 ], [ -3.834697556099823, 37.810150547550826 ], [ -3.834773928701849, 37.810042319596185 ], [ -3.834831257017465, 37.809964996781225 ], [ -3.834848915633033, 37.80981104757894 ], [ -3.834876101748367, 37.809641636721395 ], [ -3.834891628174464, 37.809547539608602 ], [ -3.834879935372781, 37.8094352760302 ], [ -3.834873463416429, 37.80938815711955 ], [ -3.83484165257443, 37.809336504020045 ], [ -3.834829108946206, 37.809278819891922 ], [ -3.834832604098239, 37.80919272142085 ], [ -3.834863235329724, 37.809140625770311 ], [ -3.834917810223361, 37.809101330043227 ], [ -3.834980371098063, 37.809043861647325 ], [ -3.83502442263436, 37.808942703450029 ], [ -3.835023867971907, 37.808893451592219 ], [ -3.835023417341377, 37.80885343727379 ], [ -3.835015381605647, 37.808828861835423 ], [ -3.834968520137611, 37.808804570624631 ], [ -3.834929220372081, 37.80876174924321 ], [ -3.834893898158305, 37.808728137934139 ], [ -3.834858518030056, 37.808688371177226 ], [ -3.834831716718484, 37.808656844540678 ], [ -3.834820615733633, 37.808637482273049 ], [ -3.834817573555513, 37.808609437494802 ], [ -3.83481706297236, 37.808564087929298 ], [ -3.834819424504472, 37.808531678636555 ], [ -3.834829844720064, 37.808490577821125 ], [ -3.834851194084031, 37.808451562655932 ], [ -3.834894172926388, 37.808399424545449 ], [ -3.834945403369093, 37.808353717258356 ], [ -3.834988528027468, 37.808314538707791 ], [ -3.835061339267565, 37.808251400560557 ], [ -3.835101676094491, 37.808205770430348 ], [ -3.835109356918623, 37.808162525900471 ], [ -3.835106119976007, 37.808117195662064 ], [ -3.835097393505134, 37.808067596148319 ], [ -3.834986853164616, 37.807923694795043 ], [ -3.83498889858139, 37.807863221395209 ], [ -3.834993756037843, 37.807811362472599 ], [ -3.835058071746483, 37.807713115993792 ], [ -3.835090108075776, 37.80765673817357 ], [ -3.835092274998484, 37.807607061428641 ], [ -3.835066759787275, 37.807513183109066 ], [ -3.835072828080269, 37.80723395477861 ], [ -3.83515899203934, 37.807055356069881 ], [ -3.835157381291188, 37.806912340889319 ], [ -3.835187637423021, 37.8067100468813 ], [ -3.835159837997347, 37.806542440750277 ], [ -3.835258068687879, 37.806445855426752 ], [ -3.835533294635259, 37.806439928868222 ], [ -3.835571413131377, 37.806417315369494 ], [ -3.835579107054532, 37.806315792926526 ], [ -3.835583988757551, 37.806215723489764 ], [ -3.835648828610126, 37.806105711045468 ], [ -3.835634986001037, 37.805943846400815 ], [ -3.835521857490396, 37.805801928673368 ], [ -3.835613166946141, 37.80571325143864 ], [ -3.835775016510438, 37.805637403839313 ], [ -3.835850324944168, 37.805480656919485 ], [ -3.83582288233911, 37.805324639047974 ], [ -3.835751748201413, 37.805088751874095 ], [ -3.835906242605243, 37.804939987362722 ], [ -3.83601814976433, 37.804743882395137 ], [ -3.836128539744165, 37.804602677007715 ], [ -3.836030150700054, 37.804195196412721 ], [ -3.835988258438274, 37.804019975334121 ], [ -3.836113407922617, 37.803858025525656 ], [ -3.836155899236337, 37.803607803547166 ], [ -3.836358059789838, 37.80342535212349 ], [ -3.836516773831761, 37.803119361780801 ], [ -3.836592150706175, 37.802880424659627 ], [ -3.836644107192467, 37.802671937371919 ], [ -3.836647807271238, 37.80248941664162 ], [ -3.836729855866817, 37.802302265574475 ], [ -3.836800204115083, 37.80214933866138 ], [ -3.836753577884125, 37.801764996609514 ], [ -3.836822341417345, 37.801447504217897 ], [ -3.836927652819245, 37.801199052803675 ], [ -3.836754929122649, 37.80079538138434 ], [ -3.83671693204072, 37.800444848656056 ], [ -3.836709739560431, 37.800076116239893 ], [ -3.836148811692087, 37.799452733370437 ], [ -3.835379055982933, 37.799485071053731 ], [ -3.835385447497933, 37.799154979873734 ], [ -3.835361119519452, 37.799045248257222 ], [ -3.835357406430839, 37.798715553172634 ], [ -3.835342967838088, 37.798459209559745 ], [ -3.83518039778833, 37.798377929591986 ], [ -3.834282548515764, 37.798272692843675 ], [ -3.834216886127652, 37.79821018421525 ], [ -3.834215083409569, 37.798049892297342 ], [ -3.834196913772433, 37.797717956093898 ], [ -3.834121775522243, 37.79745513813463 ], [ -3.833978670797698, 37.796923709997138 ], [ -3.833953214970018, 37.796586102029785 ], [ -3.833918821353878, 37.796093984816451 ], [ -3.833735291662899, 37.795667149535483 ], [ -3.835926318205137, 37.789280259328805 ], [ -3.837439312712292, 37.785908753149322 ], [ -3.837735922468531, 37.781288749102913 ], [ -3.838419891077018, 37.777840649422124 ], [ -3.839353286434244, 37.774083063682774 ], [ -3.840051234559713, 37.771159949305016 ], [ -3.842458493527554, 37.768249587637101 ], [ -3.843654672796585, 37.765035461927489 ], [ -3.844457261258248, 37.762370783484236 ], [ -3.844897624633302, 37.760971780882372 ], [ -3.850132394312456, 37.759116207844407 ], [ -3.850481196842674, 37.755352917620534 ], [ -3.846748692972479, 37.74601101621694 ], [ -3.843342679944013, 37.737412832911474 ], [ -3.839746872459361, 37.736833801498463 ], [ -3.837569952508455, 37.735724784959793 ], [ -3.836755119459035, 37.735216512149812 ], [ -3.835324809912477, 37.734372164426347 ], [ -3.834364724600924, 37.733766084827074 ], [ -3.832697768662775, 37.73286756166037 ], [ -3.830230501968428, 37.731433887820671 ], [ -3.827501943088263, 37.72996593477518 ], [ -3.816655615546408, 37.726048843227311 ], [ -3.804113284516279, 37.715229336875964 ], [ -3.803758376042894, 37.714934324354218 ], [ -3.798902099324055, 37.710677142466444 ], [ -3.797951639570374, 37.709854380857905 ], [ -3.796519992574337, 37.710711295217315 ], [ -3.796169860707689, 37.710857870138653 ], [ -3.795478335832817, 37.710907603594634 ], [ -3.794372062037398, 37.71036527104355 ], [ -3.793096228627026, 37.70987814746902 ], [ -3.792766477962942, 37.709808269203137 ], [ -3.791745785781331, 37.709842167369011 ], [ -3.790941686790728, 37.709973757272927 ], [ -3.791320105658356, 37.70715012674448 ], [ -3.791668546857519, 37.705777800616659 ], [ -3.792679941204212, 37.702742610116161 ], [ -3.792995077386068, 37.701442608274924 ], [ -3.792436044094596, 37.700076387503699 ], [ -3.787952268336601, 37.686911315175621 ], [ -3.787789875371556, 37.686569908951839 ], [ -3.786962024423289, 37.685502878850954 ], [ -3.784151606220094, 37.681402644550687 ], [ -3.778408110569711, 37.673310921245076 ], [ -3.778084792118825, 37.672754246007337 ], [ -3.777918159383852, 37.671998246233343 ], [ -3.77769846384441, 37.670503514204654 ], [ -3.777665641264533, 37.669530323685834 ], [ -3.778464727676683, 37.66678504940429 ], [ -3.777847850555279, 37.665256902327322 ], [ -3.777386936820675, 37.664547898135659 ], [ -3.777037149767259, 37.663621852096384 ], [ -3.776883848035831, 37.663055039054576 ], [ -3.776733001685129, 37.662722543918278 ], [ -3.776157138164879, 37.661861075907908 ], [ -3.775525459101775, 37.661081090777621 ], [ -3.775374424201114, 37.660730577582868 ], [ -3.775290380056088, 37.660280469539828 ], [ -3.775366285960557, 37.658855892247836 ], [ -3.775465220894499, 37.658557805853931 ], [ -3.776512951979194, 37.657919979241605 ], [ -3.776917398186233, 37.657565800722629 ], [ -3.777297675979533, 37.657067568659158 ], [ -3.777553427669547, 37.656588182704262 ], [ -3.777795594905516, 37.655892568582232 ], [ -3.777911181726161, 37.655017524415463 ], [ -3.777999235947878, 37.654764573614095 ], [ -3.778548212071827, 37.654139039567497 ], [ -3.778727702088772, 37.653957590418038 ], [ -3.778791951329431, 37.653596637530008 ], [ -3.77874854314446, 37.652695611229625 ], [ -3.778824985328038, 37.652415696738267 ], [ -3.779048211879525, 37.652080733552765 ], [ -3.779825092332393, 37.651570850917068 ], [ -3.780422472333572, 37.651242424288377 ], [ -3.780805054036899, 37.650969486918491 ], [ -3.781017309730404, 37.650670645487544 ], [ -3.781294375924838, 37.650064924885612 ], [ -3.781347463542257, 37.649722079826056 ], [ -3.781298251877482, 37.649352863633304 ], [ -3.780751740553842, 37.648040560241093 ], [ -3.780313578295817, 37.647331423525806 ], [ -3.779648437746437, 37.646596745700528 ], [ -3.779141816731301, 37.645842990649868 ], [ -3.778929053556347, 37.645006174273092 ], [ -3.778816840237242, 37.64294289387135 ], [ -3.778891484796336, 37.642491739335107 ], [ -3.779101371445094, 37.641967585760803 ], [ -3.779380211257788, 37.641533108626717 ], [ -3.77990170161842, 37.640457087120758 ], [ -3.780383531499671, 37.638840540202779 ], [ -3.781228758438736, 37.637293673075433 ], [ -3.781435782906464, 37.636499145731513 ], [ -3.781583789287232, 37.63547966882809 ], [ -3.781513837326672, 37.634209273699788 ], [ -3.781565875451379, 37.633767279918978 ], [ -3.775633440527583, 37.63110252682668 ], [ -3.774043834800388, 37.630815555917607 ], [ -3.764473699921541, 37.628110998976311 ], [ -3.763086134953362, 37.628732892261411 ], [ -3.759110716392088, 37.633427424695377 ], [ -3.755869555064002, 37.633448270315682 ], [ -3.753956372874381, 37.632541186176411 ], [ -3.751571529458563, 37.63206069963681 ], [ -3.747296545865508, 37.631826514786965 ], [ -3.743532882404119, 37.631724152716323 ], [ -3.740934366453341, 37.632542699055563 ], [ -3.737794204961903, 37.633607943995713 ], [ -3.733021986480221, 37.634683283942785 ], [ -3.729215102571698, 37.632489663436225 ], [ -3.728542694356271, 37.632106264568996 ], [ -3.727710835471548, 37.631642716876271 ], [ -3.727420671049876, 37.632104183403897 ], [ -3.724370700541429, 37.635475896381969 ], [ -3.721530851140274, 37.637160781045978 ], [ -3.720598458362704, 37.636851024105781 ], [ -3.719289219754723, 37.636246128806214 ], [ -3.714766181926252, 37.636165512617794 ], [ -3.712853956489647, 37.636501578196544 ], [ -3.709523481794155, 37.636683929676074 ], [ -3.707948340615511, 37.637910193820638 ], [ -3.707580427747219, 37.639751100625546 ], [ -3.707281154636849, 37.640464943989805 ], [ -3.707055245651861, 37.640547417616794 ], [ -3.706489478170589, 37.640649962099502 ], [ -3.7058121603566, 37.640942441076383 ], [ -3.705531197993274, 37.641196502393036 ], [ -3.70524085921454, 37.641657906383401 ], [ -3.704399631804312, 37.642600321739849 ], [ -3.703802574599128, 37.642991455942528 ], [ -3.703068553340548, 37.643284266464732 ], [ -3.702820896500149, 37.643466007609604 ], [ -3.702630747993164, 37.64373753846138 ], [ -3.702382918850426, 37.643901253164323 ], [ -3.701355637369205, 37.645556793721795 ], [ -3.70204328930627, 37.647562635388567 ], [ -3.701498799551431, 37.648728585880505 ], [ -3.701162388374505, 37.649118156329351 ], [ -3.700368906957563, 37.650330647426628 ], [ -3.70012663558695, 37.651089190691636 ], [ -3.699997366097656, 37.651811018844882 ], [ -3.700989187812557, 37.656023288966317 ], [ -3.700651896301799, 37.657530497319549 ], [ -3.69913015129901, 37.65846790058044 ], [ -3.69835719823701, 37.659463937085505 ], [ -3.693674583971739, 37.666756227567348 ], [ -3.693629819447716, 37.666819583526248 ], [ -3.693337883907576, 37.667127741219183 ], [ -3.688673169177545, 37.667867161314234 ], [ -3.68809691185241, 37.668086842442229 ], [ -3.687634210433233, 37.668323885259326 ], [ -3.684169396730879, 37.670092621782565 ], [ -3.68383197240794, 37.670392006604082 ], [ -3.683024086599417, 37.671325051792017 ], [ -3.682540487493795, 37.671760477935585 ], [ -3.68024068535041, 37.673233909573973 ], [ -3.678729372464784, 37.674134918289411 ], [ -3.687631445550894, 37.680320344539972 ], [ -3.689092468859961, 37.681339297135004 ], [ -3.690022461099476, 37.683794423485153 ], [ -3.691485007991115, 37.684966561199289 ], [ -3.693242894224294, 37.686182001601658 ], [ -3.694773668946558, 37.687362700753958 ], [ -3.699569929018313, 37.692057156610247 ], [ -3.701230948653609, 37.693795806393773 ], [ -3.705027645045082, 37.69706290183268 ], [ -3.706292869714269, 37.704887670380685 ], [ -3.706160935445932, 37.705330106373445 ], [ -3.705702922755858, 37.706080933346158 ], [ -3.705190742944174, 37.707102477754027 ], [ -3.704615177406424, 37.708620114215591 ], [ -3.7062254753778, 37.70854737845778 ], [ -3.71021583336335, 37.708225938368564 ], [ -3.71393341679887, 37.710222372662948 ], [ -3.715153772856111, 37.710890946041545 ], [ -3.71725152506907, 37.711950733307795 ], [ -3.717744825868027, 37.712515551413304 ], [ -3.723977969434206, 37.718804538993517 ], [ -3.723724145720953, 37.723042221922071 ], [ -3.723182695017837, 37.724541708221551 ], [ -3.723426565216033, 37.729785794305876 ], [ -3.724077670909722, 37.732557795721043 ], [ -3.724174686162922, 37.733197122794273 ], [ -3.72403873630168, 37.734387681577331 ], [ -3.722093241467273, 37.736229270919061 ], [ -3.720859486086948, 37.738913692704074 ], [ -3.720628138475824, 37.739636147890749 ], [ -3.719169559402292, 37.746080348297625 ], [ -3.721255180309648, 37.748122547378131 ], [ -3.722319338691851, 37.748999296646829 ], [ -3.721910045094931, 37.750101393965721 ], [ -3.721743977391737, 37.750535039968533 ], [ -3.722717667452852, 37.752611063300002 ], [ -3.726516568396613, 37.755697160856286 ], [ -3.730066095791523, 37.756477363860604 ], [ -3.73322844247348, 37.759431995412797 ], [ -3.734027086500997, 37.759832603405435 ], [ -3.734985738100298, 37.760340356061086 ], [ -3.735865562718439, 37.760911693628806 ], [ -3.74207071429236, 37.766109288647932 ], [ -3.743672931018379, 37.767379025711207 ], [ -3.743972344903637, 37.767800740818643 ], [ -3.746317952642416, 37.771859757935992 ], [ -3.747164716053075, 37.773638958866222 ], [ -3.746997759831439, 37.773973491384396 ], [ -3.746324382339041, 37.774761893975793 ], [ -3.745551516409074, 37.775821304757223 ], [ -3.745565303246739, 37.776064560906342 ], [ -3.745763670759299, 37.776595066583802 ], [ -3.746259605628124, 37.777358026925604 ], [ -3.746230705728222, 37.777871944727174 ], [ -3.745928554137749, 37.778315497280147 ], [ -3.745272508919519, 37.778572004961127 ], [ -3.74492105135289, 37.778628305718016 ], [ -3.744592393369465, 37.778693474400988 ], [ -3.74332046773439, 37.778683488132899 ], [ -3.741093113420586, 37.778517266368588 ], [ -3.738968937410541, 37.778449498969024 ], [ -3.733083184693815, 37.778089717428465 ], [ -3.731060697834879, 37.777967096306497 ], [ -3.729981272378007, 37.777901693116029 ], [ -3.727800181586442, 37.777816050687598 ], [ -3.725925221831767, 37.777683416946743 ], [ -3.725071942300631, 37.777517431623423 ], [ -3.723636764726621, 37.777066597232057 ], [ -3.721859125877907, 37.776428578439457 ], [ -3.721301700802746, 37.776323844283276 ], [ -3.714462046633638, 37.777113617125679 ], [ -3.712556953862386, 37.777386532131885 ], [ -3.709573405170231, 37.778882670725359 ], [ -3.704375653045751, 37.784006175429525 ], [ -3.70172957365258, 37.78400394747959 ], [ -3.693157762688924, 37.784253001875058 ], [ -3.689426316136175, 37.78232812626927 ], [ -3.68841274551947, 37.782018604107549 ], [ -3.687638650071321, 37.781815832691244 ], [ -3.682015928915872, 37.780424492194562 ], [ -3.679408709317894, 37.779691487145406 ], [ -3.677645200509777, 37.779323111172182 ], [ -3.675643240810814, 37.778956067238632 ], [ -3.671673700351028, 37.778248729319422 ], [ -3.668773935243794, 37.77779656089789 ], [ -3.668554304573235, 37.778627002152604 ], [ -3.667622333047129, 37.781065773977659 ], [ -3.666290797616149, 37.784543283820312 ], [ -3.665750401061941, 37.785069087987807 ], [ -3.664907719456423, 37.786083293029897 ], [ -3.665804984341985, 37.787358055572561 ], [ -3.665840832602221, 37.787556140599271 ], [ -3.659649073903732, 37.797541216697553 ], [ -3.658898726587097, 37.798744134682636 ], [ -3.657864716661439, 37.799984684347365 ], [ -3.657718565310879, 37.800156739486184 ], [ -3.657562184939758, 37.800455043353935 ], [ -3.657400994998262, 37.801492417428655 ], [ -3.657336107169253, 37.801862314788245 ], [ -3.657428148607309, 37.803276823645923 ], [ -3.657375508419337, 37.803745787135156 ], [ -3.657173893245417, 37.805351199111449 ], [ -3.656738500155839, 37.807498696737781 ], [ -3.656625744843862, 37.808878294307057 ], [ -3.656690205866275, 37.809743169203124 ], [ -3.656863557450351, 37.810075676275417 ], [ -3.65719547036838, 37.810353220295745 ], [ -3.657593547316041, 37.810405076979954 ], [ -3.658127464078492, 37.810402095208019 ], [ -3.65909594211504, 37.810721140835156 ], [ -3.660339476930271, 37.811309019043513 ], [ -3.660931405340218, 37.811440894910582 ], [ -3.661601971868763, 37.811473182718203 ], [ -3.663894944514314, 37.811261995012813 ], [ -3.6638180062457, 37.811550836811037 ], [ -3.663604503816504, 37.811813417868493 ], [ -3.663379800910076, 37.812094078671933 ], [ -3.662647741535949, 37.812810220002582 ], [ -3.66083590338705, 37.814749152101953 ], [ -3.659005559326246, 37.815895030736925 ], [ -3.658031092972127, 37.816188886618356 ], [ -3.657001560437653, 37.816681328338014 ], [ -3.655996889566479, 37.817416974489568 ], [ -3.654124868066456, 37.819004638903749 ], [ -3.652668618486132, 37.820076236656142 ], [ -3.650170527350504, 37.82155013614959 ], [ -3.649412127845765, 37.821878789086782 ], [ -3.648845620329209, 37.822062162749837 ], [ -3.644943129456472, 37.822768577167132 ], [ -3.644238761344251, 37.822781444958757 ], [ -3.642203660482091, 37.822639346186641 ], [ -3.641613858998978, 37.822759729929778 ], [ -3.641151675782555, 37.823185850131999 ], [ -3.639513187431709, 37.825556126376561 ], [ -3.638793369620305, 37.826416252094816 ], [ -3.638185231712328, 37.827050451641817 ], [ -3.637419313223672, 37.827838714442997 ], [ -3.636136803591361, 37.829341783392714 ], [ -3.634395627498987, 37.830369619504019 ], [ -3.633830867664801, 37.830769233178799 ], [ -3.632770960085199, 37.831739307777724 ], [ -3.631980440710532, 37.832320367669958 ], [ -3.630578595855086, 37.833175087559169 ], [ -3.629944528382366, 37.833448862336716 ], [ -3.629752037944245, 37.833531008948071 ], [ -3.629141774404133, 37.833930834392632 ], [ -3.628394440875449, 37.834250270940871 ], [ -3.626331360812904, 37.834865124077751 ], [ -3.624677713287437, 37.835522835234727 ], [ -3.623954741987519, 37.836040391814038 ], [ -3.623661783622249, 37.836339373157742 ], [ -3.623215174390464, 37.837288077152927 ], [ -3.622772808656199, 37.838741476732288 ], [ -3.622592860487955, 37.840319669503572 ], [ -3.622633773052468, 37.841130606232348 ], [ -3.622785746933447, 37.841634513207495 ], [ -3.623466967543801, 37.84290171591077 ], [ -3.62373511788038, 37.843702435582031 ], [ -3.623742393651593, 37.844567618588613 ], [ -3.623340755128937, 37.845462014700907 ], [ -3.623262638703626, 37.845633675245459 ], [ -3.622858475692462, 37.846230653853851 ], [ -3.623402214401965, 37.847363387880591 ], [ -3.623486695375538, 37.84794876764569 ], [ -3.623376452099039, 37.848354927284767 ], [ -3.623061242412189, 37.848717106467952 ], [ -3.622680335246625, 37.849377061172298 ], [ -3.622716858735758, 37.849665274969581 ], [ -3.623741103304177, 37.851164979487869 ], [ -3.624055968820762, 37.852109657644206 ], [ -3.624154030932556, 37.852956341237906 ], [ -3.624196793248846, 37.853983568583672 ], [ -3.624173700203397, 37.855290538488063 ], [ -3.623972514708517, 37.85569718024275 ], [ -3.623354542138919, 37.85655666917043 ], [ -3.623031029618408, 37.857288415291926 ], [ -3.622992008400717, 37.858054707526485 ], [ -3.623290903218513, 37.859801599521305 ], [ -3.624202764634016, 37.861437095499063 ], [ -3.624976967133843, 37.862920084975286 ], [ -3.625130233300957, 37.863568196635264 ], [ -3.625136084089141, 37.864262146657033 ], [ -3.6248949989647, 37.8666788401597 ], [ -3.625197707821197, 37.868867330688161 ], [ -3.624313741528896, 37.869205501172075 ], [ -3.623124612062916, 37.869761573715124 ], [ -3.622016197060447, 37.870452411373378 ], [ -3.620826058364734, 37.87089130649067 ], [ -3.619455719781443, 37.871538427064849 ], [ -3.615846799836924, 37.873711413896764 ], [ -3.614954722502218, 37.874455130978376 ], [ -3.61405298923417, 37.87540617175258 ], [ -3.612061740281196, 37.877985180794049 ], [ -3.611770645489802, 37.878536466323709 ], [ -3.611821644254888, 37.879203151205949 ], [ -3.612779932140347, 37.88232558141037 ], [ -3.61338190574466, 37.88361126245313 ], [ -3.613796806837601, 37.884276040168302 ], [ -3.614929916639693, 37.885153377581652 ], [ -3.616895351368055, 37.886287702474306 ], [ -3.618368250644938, 37.886991979195017 ], [ -3.62002282558855, 37.887659228783022 ], [ -3.62100353158697, 37.887978516133678 ], [ -3.622089702548397, 37.888666750463742 ], [ -3.623220459252576, 37.889246592338459 ], [ -3.624382393238777, 37.889474762344904 ], [ -3.626567982726244, 37.889715502508871 ], [ -3.627671542637743, 37.889763691961257 ], [ -3.628590631730415, 37.889515447441283 ], [ -3.630829863499317, 37.890711165826907 ], [ -3.632998551664559, 37.89162783768419 ], [ -3.633447174039544, 37.892220259691726 ], [ -3.634285632306375, 37.893180100946566 ], [ -3.637785911297908, 37.894188643130896 ], [ -3.641526357187967, 37.895339960727199 ], [ -3.642813701413903, 37.895585299292044 ], [ -3.643303055977734, 37.895618677563526 ], [ -3.64494602538786, 37.894906697240678 ], [ -3.645764168010738, 37.894821104420664 ], [ -3.648698300825257, 37.894795958040731 ], [ -3.648955060517663, 37.895542596902345 ], [ -3.649520337009555, 37.896449756549075 ], [ -3.649911462079583, 37.896952311869548 ], [ -3.650469543809745, 37.897039358285923 ], [ -3.653097559866184, 37.897114935224565 ], [ -3.653849470257796, 37.897254967449705 ], [ -3.654967564950838, 37.89764531034043 ], [ -3.655218017944031, 37.897670955183848 ], [ -3.656909520774639, 37.897310032704638 ], [ -3.658985124946859, 37.896658532051205 ], [ -3.663026222555331, 37.895770635299769 ], [ -3.665354041551677, 37.895351928235925 ], [ -3.66989840232314, 37.894794418731301 ], [ -3.672499342607765, 37.894401054580236 ], [ -3.672795691441419, 37.894471464369317 ], [ -3.673129606114629, 37.894920191695284 ], [ -3.673661710766625, 37.895899527346913 ], [ -3.674373871934621, 37.897914285722415 ], [ -3.67418015624153, 37.899123088143433 ], [ -3.674447339609866, 37.899734425660974 ], [ -3.674815562660757, 37.900200967870049 ], [ -3.675171499498921, 37.901812190196004 ], [ -3.675367491820717, 37.902099469410246 ], [ -3.675972950266119, 37.902384406389977 ], [ -3.676339723057304, 37.902688728788704 ], [ -3.676401377775377, 37.903211104290484 ], [ -3.676122466583068, 37.90380754872325 ], [ -3.675739604656422, 37.904233335347023 ], [ -3.675369359662362, 37.904794241685181 ], [ -3.6749629024781, 37.906373793022183 ], [ -3.674794834481339, 37.906654147271716 ], [ -3.674319154345994, 37.906882186744809 ], [ -3.674002799906298, 37.907118324896402 ], [ -3.67393709970516, 37.907398091638768 ], [ -3.674004732213491, 37.908578365515176 ], [ -3.674514517010826, 37.90959387400661 ], [ -3.674995730565945, 37.909969647254954 ], [ -3.675307473673572, 37.910472562360027 ], [ -3.675252739138086, 37.910707211352943 ], [ -3.673793205080397, 37.911580785927065 ], [ -3.673807375320847, 37.911887133757702 ], [ -3.674829342913073, 37.912926745396241 ], [ -3.674753555817083, 37.914594517288599 ], [ -3.675243707868404, 37.914699851548647 ], [ -3.675948849422559, 37.914677786918666 ], [ -3.676846554899218, 37.91456447298652 ], [ -3.680100969776516, 37.914644861974168 ], [ -3.680945432804347, 37.914928381890888 ], [ -3.6815383117516, 37.915069155964858 ], [ -3.681993349847188, 37.915066519937021 ], [ -3.683083190827386, 37.914816860813197 ], [ -3.684583819761972, 37.91469998688477 ], [ -3.686277152329995, 37.914509885335626 ], [ -3.689472672898932, 37.914374058653998 ], [ -3.690608317531402, 37.914160113075965 ], [ -3.692176571921458, 37.913979664480557 ], [ -3.698558975551105, 37.914005071068523 ], [ -3.701036749700044, 37.913765034212069 ], [ -3.701550111497551, 37.913915193872398 ], [ -3.702179117523948, 37.914262935365038 ], [ -3.703588885361197, 37.915363070762993 ], [ -3.704622263237723, 37.916357297753464 ], [ -3.705154616685032, 37.916110770993072 ], [ -3.705798401626784, 37.915620235379919 ], [ -3.706214757413748, 37.915140065051368 ], [ -3.706667465664758, 37.91489400935464 ], [ -3.707425868210805, 37.915682566700958 ], [ -3.70809032929826, 37.916165256077676 ], [ -3.711419862250355, 37.916947320260512 ], [ -3.71341617557965, 37.917503036278511 ], [ -3.715318627462174, 37.917761873688434 ], [ -3.719622109830395, 37.918069121822228 ], [ -3.720499141658327, 37.918171918852764 ], [ -3.720792023971814, 37.91787271034746 ], [ -3.722547851381675, 37.918258499537593 ], [ -3.726290368488475, 37.919362058752348 ], [ -3.729042069143409, 37.920354473631676 ], [ -3.729806174956171, 37.920539007175876 ], [ -3.730939828563143, 37.920126402496507 ], [ -3.73197760111745, 37.920372311720378 ], [ -3.732740819934594, 37.920466703292611 ], [ -3.734044925389688, 37.920034990664973 ], [ -3.734378164729191, 37.918077179093125 ], [ -3.735450467170559, 37.916078698357992 ], [ -3.736684640581715, 37.913204975017216 ], [ -3.737403460213043, 37.911136584667773 ], [ -3.737784018550248, 37.910512330862701 ], [ -3.738147031614934, 37.910410913278405 ], [ -3.739784684156163, 37.910364588374151 ], [ -3.74105905502035, 37.910392622481567 ], [ -3.741606416139285, 37.910524367458159 ], [ -3.742649160530661, 37.911274853580736 ], [ -3.743420600759621, 37.911062696632918 ], [ -3.744133515346129, 37.910688673413134 ], [ -3.744587884419544, 37.910622709735875 ], [ -3.75023517465798, 37.911100578321708 ], [ -3.755092023387806, 37.911033475210679 ], [ -3.756947753190173, 37.911174772751302 ], [ -3.758975772498289, 37.911477152157936 ], [ -3.760456230236246, 37.911629826619063 ], [ -3.763485752641596, 37.913070264885761 ], [ -3.76854754237379, 37.916290878303975 ], [ -3.772526279825405, 37.91925702224335 ], [ -3.774328149085155, 37.920750293896859 ], [ -3.775221388696754, 37.921303198751325 ], [ -3.775633031379594, 37.921498759280311 ], [ -3.776020123448741, 37.921523245755125 ], [ -3.776233060142528, 37.921215414640407 ], [ -3.776582324874289, 37.920888657938875 ], [ -3.776990187451718, 37.920723744026787 ], [ -3.77812651603098, 37.92059005646999 ], [ -3.779136854158975, 37.920376085838193 ], [ -3.779817066442231, 37.920146268963414 ], [ -3.780314108574728, 37.919809509060464 ], [ -3.780616997017074, 37.919401932557065 ], [ -3.781015169898245, 37.919399290694415 ], [ -3.782018771236319, 37.919626959080254 ], [ -3.783031843960563, 37.91967429954348 ], [ -3.7841237028782, 37.91963999101101 ], [ -3.785043179114059, 37.919444600774575 ], [ -3.791097152365168, 37.917439320487276 ], [ -3.791512098193135, 37.917941238963195 ], [ -3.791874988658218, 37.918894128781503 ], [ -3.79207072229656, 37.920172603642463 ], [ -3.792419302893073, 37.921909692914447 ], [ -3.792580853366433, 37.924242876455672 ], [ -3.793422187652374, 37.924183130048888 ], [ -3.794307660186029, 37.923996909484316 ], [ -3.795066913642002, 37.92371239428433 ], [ -3.795997312411625, 37.923471771658448 ], [ -3.797122766497043, 37.923383047247647 ], [ -3.798386580626826, 37.923464607675321 ], [ -3.800074285324257, 37.923813648293496 ], [ -3.802289462212377, 37.924537607144075 ], [ -3.803557616121794, 37.92501563634989 ], [ -3.804140796236625, 37.925282036495041 ], [ -3.804599714545121, 37.925630389560702 ], [ -3.807473553928595, 37.929350940659234 ], [ -3.807725739563064, 37.929520452825116 ], [ -3.808900236860011, 37.929746708342783 ], [ -3.809936711773799, 37.929838719424829 ], [ -3.810717547870334, 37.927372905497293 ], [ -3.811456392908083, 37.927304732352262 ], [ -3.813325093647754, 37.92754418930425 ], [ -3.814372334872912, 37.927582010324116 ], [ -3.816181074949326, 37.927542440431601 ], [ -3.817843790307726, 37.927675100630935 ], [ -3.818168261478023, 37.929232029508363 ], [ -3.819161127909884, 37.929495496344053 ], [ -3.819245073011611, 37.929882461504107 ], [ -3.819522944053972, 37.930313131008567 ], [ -3.820051635080675, 37.930787115982405 ], [ -3.821332790458609, 37.931391040359145 ], [ -3.822696136232599, 37.932219686375745 ], [ -3.823359591529401, 37.932530492951017 ], [ -3.824328254134922, 37.93265890252102 ], [ -3.826649951645693, 37.932687678674135 ], [ -3.830969240790151, 37.933270123398529 ], [ -3.840038142202548, 37.934233183843965 ], [ -3.844365954188686, 37.933553315469773 ], [ -3.846886172293784, 37.93303049802654 ], [ -3.848135412839972, 37.932814215749453 ], [ -3.853703496983124, 37.932143083689269 ], [ -3.854295367982863, 37.932156813564021 ], [ -3.855284649533378, 37.932095550438277 ], [ -3.856601384402872, 37.931815598514746 ], [ -3.862152901297258, 37.929738224998388 ], [ -3.865717296967334, 37.929009078272614 ], [ -3.867330386935624, 37.928780902410764 ], [ -3.868649665516625, 37.928726116086352 ], [ -3.869319986004343, 37.92864005106567 ], [ -3.869750751232292, 37.928501676599218 ], [ -3.870949018156213, 37.927834900681411 ], [ -3.87081057997032, 37.92670934892945 ], [ -3.871051216928308, 37.924923078101557 ], [ -3.871246432023471, 37.924110502663005 ], [ -3.872096287892985, 37.921887104403297 ], [ -3.872643086372267, 37.920981792648121 ], [ -3.87296896365569, 37.9206368996715 ], [ -3.87310217628494, 37.92035652473578 ], [ -3.873117683576464, 37.919743550723744 ], [ -3.873001152169104, 37.919510083373794 ], [ -3.872457957496594, 37.918793108515544 ], [ -3.871587952615977, 37.917375555973898 ], [ -3.871296328496979, 37.9167648651405 ], [ -3.87107476956061, 37.916306853993447 ], [ -3.870558946285198, 37.915012858727081 ], [ -3.870326910502217, 37.912698327778905 ], [ -3.870353935724507, 37.911129940578519 ], [ -3.870301641602993, 37.910553518411596 ], [ -3.870207671222996, 37.910301855424649 ], [ -3.869665739730987, 37.909683988365551 ], [ -3.868873895900234, 37.909095011353372 ], [ -3.868459327829147, 37.908665457625773 ] ] ], [ [ [ -3.630288639537453, 37.953615827060595 ], [ -3.63049944594766, 37.953775847036916 ], [ -3.630651086270596, 37.953737459761726 ], [ -3.631678361483907, 37.952740572610082 ], [ -3.632271519872897, 37.950231889079802 ], [ -3.632694366263001, 37.949103037696936 ], [ -3.632891575956829, 37.948209732542068 ], [ -3.633147334024162, 37.946180529289151 ], [ -3.633313648945845, 37.945665910883541 ], [ -3.633678843249137, 37.944456258914002 ], [ -3.635342437624548, 37.940716075005746 ], [ -3.636655757872535, 37.937284189764597 ], [ -3.637074020375678, 37.935641630417223 ], [ -3.637026492590689, 37.935407562338142 ], [ -3.63602897029714, 37.934538737776165 ], [ -3.633887785754164, 37.933000115041558 ], [ -3.630228797882818, 37.930937841074524 ], [ -3.628848187318345, 37.929160732321513 ], [ -3.628435732113704, 37.928829468366295 ], [ -3.628001444256417, 37.928606473965345 ], [ -3.625752777300886, 37.927771269552537 ], [ -3.624726008698163, 37.927452279383665 ], [ -3.62483124655208, 37.92644230512493 ], [ -3.625196806100091, 37.925268715992864 ], [ -3.625577079910903, 37.924491614197436 ], [ -3.626219637627708, 37.923785209744068 ], [ -3.627097138242593, 37.922608888992627 ], [ -3.627658033655885, 37.921668576644969 ], [ -3.628071562604292, 37.920792147335582 ], [ -3.628180042709231, 37.920169697058384 ], [ -3.628066691054024, 37.918881494858702 ], [ -3.627612750367418, 37.91767622512041 ], [ -3.62655632852285, 37.916528239792129 ], [ -3.625938277156074, 37.916089905734985 ], [ -3.625889106664731, 37.915657566245358 ], [ -3.62610143429814, 37.915205801023063 ], [ -3.62618869943668, 37.914763713775265 ], [ -3.626059973099445, 37.914340810424555 ], [ -3.625209924751097, 37.913371963123105 ], [ -3.624771774430621, 37.91268031453491 ], [ -3.62491480730804, 37.91075986087651 ], [ -3.625311147190971, 37.907855680978543 ], [ -3.623840695265502, 37.908845873187992 ], [ -3.621907902561971, 37.910325169894747 ], [ -3.62058781137874, 37.911620947504282 ], [ -3.618272101834057, 37.913579877654008 ], [ -3.617369489274159, 37.914476875288521 ], [ -3.616527033961218, 37.915770100421504 ], [ -3.616225214654698, 37.916411579035582 ], [ -3.613038793635376, 37.917671973465673 ], [ -3.611497184498638, 37.91835595215224 ], [ -3.611991669740885, 37.91899327949136 ], [ -3.616899572172632, 37.923600137123437 ], [ -3.618220499603789, 37.925089299334722 ], [ -3.61731924324228, 37.927527446210235 ], [ -3.616898764960057, 37.928953650450659 ], [ -3.616289663381078, 37.930957647088057 ], [ -3.615089679223034, 37.934433792537817 ], [ -3.615836426416357, 37.936646980818622 ], [ -3.616053280519189, 37.938087868473588 ], [ -3.616107074825641, 37.93907897503572 ], [ -3.615894885709478, 37.940927668921361 ], [ -3.615983240615122, 37.943333577110153 ], [ -3.615757376616263, 37.946272869519696 ], [ -3.615899858518217, 37.948345025833099 ], [ -3.616353363764855, 37.949496259731895 ], [ -3.616435142106674, 37.94974818205408 ], [ -3.616450578775805, 37.95023478598231 ], [ -3.616362990236588, 37.950649817851385 ], [ -3.61689801574546, 37.951426922398831 ], [ -3.617667342594493, 37.951413783014701 ], [ -3.618302642080951, 37.951380072721172 ], [ -3.618530976683369, 37.951367426208527 ], [ -3.618650462958645, 37.951350664980829 ], [ -3.618853549368564, 37.951326884545523 ], [ -3.61897408178183, 37.951312731211978 ], [ -3.619215606345023, 37.951312091190495 ], [ -3.619432936050896, 37.951330865549231 ], [ -3.619777934253429, 37.95130426332063 ], [ -3.619922016450596, 37.951302332554484 ], [ -3.620057359745099, 37.951303421907348 ], [ -3.620226510411625, 37.951304783529416 ], [ -3.620610168536696, 37.95130059729231 ], [ -3.620720777883517, 37.951311099579875 ], [ -3.62082621946782, 37.951248534861783 ], [ -3.620921125969154, 37.951205493394376 ], [ -3.620974192614699, 37.951181509536248 ], [ -3.621118559802339, 37.951145867761731 ], [ -3.62115763299937, 37.951136197990188 ], [ -3.621469989952, 37.951085788964932 ], [ -3.62172041607187, 37.951047513220431 ], [ -3.621895754180933, 37.950999809872229 ], [ -3.622038645151285, 37.950937677009776 ], [ -3.622243199771265, 37.950818346811516 ], [ -3.622533875472134, 37.950640247491236 ], [ -3.622838649180705, 37.950460450508039 ], [ -3.623014828808061, 37.950350912921571 ], [ -3.623064423365424, 37.95032027700195 ], [ -3.623094035501013, 37.950309034379373 ], [ -3.623126085704824, 37.950303456929191 ], [ -3.623158981332658, 37.95030364321341 ], [ -3.623190902872093, 37.950309783125846 ], [ -3.623208482942353, 37.950315908868781 ], [ -3.62320951413121, 37.950316714562653 ], [ -3.623328394412188, 37.950376741240575 ], [ -3.623492941827163, 37.950426251153374 ], [ -3.623630959630995, 37.95044769125635 ], [ -3.623738518208711, 37.950447481596512 ], [ -3.623876349127025, 37.950419892526547 ], [ -3.624039510112653, 37.950359272062279 ], [ -3.624134840968234, 37.950339839408706 ], [ -3.624250378067492, 37.950327509744163 ], [ -3.624348934814727, 37.95035303389627 ], [ -3.624405532096794, 37.950369857943038 ], [ -3.624537780933807, 37.950435851050379 ], [ -3.624567276018412, 37.950424248165369 ], [ -3.624618632025459, 37.950413520628516 ], [ -3.624671289589875, 37.950408644507633 ], [ -3.624724338964711, 37.95040971476007 ], [ -3.62477664124653, 37.950416647304756 ], [ -3.624827285161675, 37.950429356853732 ], [ -3.624867818613281, 37.950444373290104 ], [ -3.624869853548496, 37.950442740170352 ], [ -3.62500824051481, 37.950521137870481 ], [ -3.625313560203371, 37.950742222894263 ], [ -3.625523220849407, 37.950876751674258 ], [ -3.625738973291617, 37.951004758428546 ], [ -3.626074405628082, 37.951138977739035 ], [ -3.626501462980989, 37.951313085748922 ], [ -3.626867678832145, 37.951506623609944 ], [ -3.627215740559227, 37.951746853491166 ], [ -3.627350144622195, 37.951838157998218 ], [ -3.62765496669119, 37.951972535978314 ], [ -3.627947437473978, 37.952073180933667 ], [ -3.628290906105939, 37.952241149126841 ], [ -3.628549124086295, 37.952409301403534 ], [ -3.629199867861337, 37.952851417779279 ], [ -3.629881120086496, 37.953306345647846 ], [ -3.630288639537453, 37.953615827060595 ] ] ] ] } },
{ "type": "Feature", "properties": { "cod_mun": "41091", "nombre": "Sevilla", "provincia": "Sevilla" }, "geometry": { "type": "MultiPolygon", "coordinates": [ [ [ [ -6.027741607199703, 37.442802464556124 ], [ -6.028063906907204, 37.442668062978143 ], [ -6.028740521735574, 37.442632689612665 ], [ -6.028339909241718, 37.440264242374766 ], [ -6.028257260563225, 37.437653367586854 ], [ -6.0281182179933, 37.43728751356236 ], [ -6.027913262427246, 37.436968392644609 ], [ -6.026653941407878, 37.435721199852168 ], [ -6.026380543758029, 37.435385818224361 ], [ -6.025766809717824, 37.434455455658252 ], [ -6.025049267687322, 37.433753001185352 ], [ -6.024338064716762, 37.432365602393304 ], [ -6.02403890507267, 37.431670455861983 ], [ -6.023843213173554, 37.430738387044983 ], [ -6.023846229575478, 37.430251753532019 ], [ -6.023937731169294, 37.429717802010266 ], [ -6.023185347509476, 37.427495718571919 ], [ -6.023223712405406, 37.426573451621508 ], [ -6.023250869472335, 37.425563601320533 ], [ -6.023129741054459, 37.425080145259734 ], [ -6.022891052955968, 37.424482552798743 ], [ -6.022757684965644, 37.423413737414123 ], [ -6.022359673464953, 37.422225547439659 ], [ -6.021999029588757, 37.421685145341769 ], [ -6.021563722523388, 37.421254768923795 ], [ -6.021008981703107, 37.420944582037336 ], [ -6.020491800905015, 37.42044422069376 ], [ -6.020095432336867, 37.420138989528787 ], [ -6.019543237908714, 37.419891803752222 ], [ -6.017994303509828, 37.419579974515862 ], [ -6.017222912919269, 37.419500558276333 ], [ -6.016389218892394, 37.419557885562867 ], [ -6.015247482124061, 37.419821302351089 ], [ -6.013819154628036, 37.42026320298023 ], [ -6.013279145682117, 37.420601350209132 ], [ -6.012617765565176, 37.421293991517658 ], [ -6.012368184191231, 37.42183196800756 ], [ -6.012198335185444, 37.422385922548308 ], [ -6.012023933424072, 37.423390518066803 ], [ -6.012014646745715, 37.424850438063132 ], [ -6.01300897804186, 37.431898205581419 ], [ -6.013141147862395, 37.432940032239642 ], [ -6.013303665638755, 37.433611663217341 ], [ -6.013690682232902, 37.434809183716247 ], [ -6.014077951174237, 37.438547597992866 ], [ -6.0140652077302, 37.439638182333624 ], [ -6.013724264999936, 37.44099842884124 ], [ -6.013416756570675, 37.441501834722978 ], [ -6.012952992371114, 37.442054288188714 ], [ -6.012364329097576, 37.442591896177682 ], [ -6.011555011526349, 37.442981950757549 ], [ -6.011331393040607, 37.443041716413731 ], [ -6.01081977731145, 37.442964648319524 ], [ -6.010334089777104, 37.44268869536409 ], [ -6.010005010582406, 37.442372706568186 ], [ -6.009809227496007, 37.441999265491546 ], [ -6.009324185600402, 37.439200390855376 ], [ -6.009090074009417, 37.437305178830513 ], [ -6.008922775854423, 37.436795843487616 ], [ -6.007851677369794, 37.434597563713865 ], [ -6.007444115155862, 37.434013259542326 ], [ -6.00619033475369, 37.432612520783465 ], [ -6.005273183662246, 37.431716791769411 ], [ -6.004467701994424, 37.431070508566009 ], [ -6.00353844362859, 37.430436378040426 ], [ -6.000825886961032, 37.429000576358106 ], [ -5.997416865345524, 37.427663464861659 ], [ -5.992343949838966, 37.425395291359365 ], [ -5.991231047673821, 37.424684617916867 ], [ -5.990879556091137, 37.424369139739554 ], [ -5.991280141400463, 37.424214835173018 ], [ -5.99468540508137, 37.422912173136979 ], [ -5.995245938951411, 37.422519525676343 ], [ -5.995762569688692, 37.421875703139115 ], [ -5.995901564673248, 37.421394628015193 ], [ -5.995847418618475, 37.420603091961532 ], [ -5.996009342130212, 37.420130445655012 ], [ -5.997807390685317, 37.420174946288881 ], [ -5.998977166614292, 37.420046143400917 ], [ -6.000006127460727, 37.419785756746428 ], [ -6.001309815400244, 37.419049842008569 ], [ -6.002831781411358, 37.417839825658739 ], [ -6.004135766901439, 37.417112883545187 ], [ -6.00517199278512, 37.416753152183176 ], [ -6.00678159759021, 37.416324754008031 ], [ -6.010109395652798, 37.41592467061335 ], [ -6.012306375556697, 37.415778574237649 ], [ -6.01310911370316, 37.41466785471804 ], [ -6.012396216859601, 37.414073332536454 ], [ -6.012592562454217, 37.413392572578914 ], [ -6.013106589719658, 37.41241768828381 ], [ -6.013458018549668, 37.41105001907642 ], [ -6.013844178910255, 37.409479726285142 ], [ -6.014457024154412, 37.408388205953578 ], [ -6.015657674464816, 37.404836098309403 ], [ -6.015265450898676, 37.403496966103951 ], [ -6.015562778450761, 37.400549875139426 ], [ -6.017045186944694, 37.400007165082258 ], [ -6.017976123873663, 37.400073400804196 ], [ -6.018705625102776, 37.39812110534168 ], [ -6.019855273845949, 37.396600482630298 ], [ -6.02297330790589, 37.39412096781885 ], [ -6.023602642692093, 37.393555221435875 ], [ -6.024098422633116, 37.392994170079433 ], [ -6.024462058786292, 37.39248911212546 ], [ -6.024854604125266, 37.391793767865245 ], [ -6.025009842009712, 37.390652486633897 ], [ -6.024951515925889, 37.388871719024429 ], [ -6.02500833752, 37.388237888402351 ], [ -6.025075154090779, 37.387055980619984 ], [ -6.025014230056831, 37.386109039744234 ], [ -6.024761200752779, 37.385604801945483 ], [ -6.024495523152955, 37.385166447816971 ], [ -6.024388114366081, 37.384812849397548 ], [ -6.024247018481877, 37.384387794714506 ], [ -6.023656718076783, 37.382306371122446 ], [ -6.023579075366925, 37.382049242488094 ], [ -6.023501215561563, 37.381783325069939 ], [ -6.023162662008009, 37.381333154229686 ], [ -6.022755678196418, 37.38087377621207 ], [ -6.022545061139231, 37.380229298121812 ], [ -6.022441131172079, 37.379591659674368 ], [ -6.022220573740129, 37.379316010734449 ], [ -6.022913830882088, 37.378210101916224 ], [ -6.023054165169853, 37.37789950481055 ], [ -6.022875440976851, 37.377506019232342 ], [ -6.02219720832491, 37.376995486927335 ], [ -6.022033325188483, 37.37671722542958 ], [ -6.02205015430922, 37.376539683992732 ], [ -6.022277405793155, 37.376514444817232 ], [ -6.023203458997425, 37.375481250671065 ], [ -6.02272468965763, 37.375262199060622 ], [ -6.022509449046916, 37.375064076067673 ], [ -6.022271250484077, 37.374864972038679 ], [ -6.022361721340823, 37.374741556397701 ], [ -6.022671202768713, 37.374207686115348 ], [ -6.022171145242488, 37.374210637524897 ], [ -6.021997783432538, 37.373879474068431 ], [ -6.021620697924335, 37.373538391410861 ], [ -6.02170281788249, 37.373061607362963 ], [ -6.021312390608832, 37.372801743351026 ], [ -6.021034273526407, 37.372925639822277 ], [ -6.02084314218219, 37.372888807493986 ], [ -6.020626418454871, 37.372696188102459 ], [ -6.020619741474131, 37.372513787241431 ], [ -6.020420908555516, 37.372164323152056 ], [ -6.020543667612216, 37.371766298269741 ], [ -6.019979987559673, 37.370932237243558 ], [ -6.021725659945476, 37.368987097435031 ], [ -6.022334004029902, 37.366725635145777 ], [ -6.022345760869806, 37.365621515952284 ], [ -6.022404273253283, 37.365254867149652 ], [ -6.022467452581725, 37.364889468548114 ], [ -6.022539585091608, 37.36430900250506 ], [ -6.022537291869623, 37.363776114484679 ], [ -6.022490759719056, 37.36306807561521 ], [ -6.022526745402478, 37.362062163946852 ], [ -6.022478998633079, 37.361347713427314 ], [ -6.022499580108591, 37.360433562508092 ], [ -6.02249864115832, 37.359380073117329 ], [ -6.022540469491278, 37.35859758137682 ], [ -6.022567432077927, 37.357843231280846 ], [ -6.022540109500168, 37.356686668854081 ], [ -6.022546459848108, 37.355885873750161 ], [ -6.022506656989501, 37.355369163320042 ], [ -6.022468065029424, 37.354882886551145 ], [ -6.022456020907557, 37.354106610863724 ], [ -6.022456869210234, 37.353517695274022 ], [ -6.02245287985596, 37.352840005205337 ], [ -6.022542117824282, 37.351997101076989 ], [ -6.022628326477912, 37.351270843900494 ], [ -6.022681974190609, 37.350106731300095 ], [ -6.022714864537845, 37.34851366102766 ], [ -6.022805612438566, 37.346954981786112 ], [ -6.022907863906005, 37.345496268578906 ], [ -6.02290929056684, 37.344037682934598 ], [ -6.022875901526747, 37.343160493236674 ], [ -6.022728756502474, 37.342255207282911 ], [ -6.02260026664057, 37.341469104283235 ], [ -6.022496431996355, 37.340813942898826 ], [ -6.022350302470322, 37.340320566364419 ], [ -6.022173306781025, 37.339775618354999 ], [ -6.0219860097201, 37.339215453204929 ], [ -6.021521006041006, 37.338265029575446 ], [ -6.021099423841638, 37.337286921800811 ], [ -6.020647091275117, 37.336397216892379 ], [ -6.01990603656574, 37.334892588816508 ], [ -6.018973078562587, 37.333595288415864 ], [ -6.018186030015225, 37.332632917420575 ], [ -6.017479267404517, 37.331649451897171 ], [ -6.016818385845081, 37.330854141359254 ], [ -6.016245706216475, 37.330218839072778 ], [ -6.015315556589779, 37.329335850567112 ], [ -6.014335653766301, 37.328529802953675 ], [ -6.013346255023937, 37.327819879644878 ], [ -6.012592483804795, 37.327327676453386 ], [ -6.011840035250216, 37.326897139184489 ], [ -6.010238918668944, 37.326213251707898 ], [ -6.009413828938595, 37.325803857903367 ], [ -6.008463823021955, 37.32526612720207 ], [ -6.007303406611686, 37.324709827154926 ], [ -6.006255034292124, 37.32430035963057 ], [ -6.005250110631549, 37.323869900602332 ], [ -6.00431275366067, 37.323342725655777 ], [ -6.003544877079629, 37.322887223857222 ], [ -6.003013968315585, 37.322531149105579 ], [ -6.002428641273839, 37.322051070937171 ], [ -6.001931836797496, 37.321533951850036 ], [ -6.001619594353234, 37.321109991188287 ], [ -6.001315873089665, 37.320608060480531 ], [ -6.001260685465184, 37.319727464059525 ], [ -5.999685312500372, 37.319462976957247 ], [ -5.968986495666146, 37.313417247748177 ], [ -5.968628533741127, 37.313907048063456 ], [ -5.968374843377195, 37.31430656422669 ], [ -5.968241130879022, 37.314515744023431 ], [ -5.968052169059887, 37.314793377434377 ], [ -5.967895464422075, 37.315015785096755 ], [ -5.9676898706591, 37.315312334465133 ], [ -5.96743154708929, 37.315668019729237 ], [ -5.967181380387296, 37.316020039629592 ], [ -5.96681961588533, 37.316544828681415 ], [ -5.966538306850264, 37.316931301819722 ], [ -5.966226047246677, 37.317370236328692 ], [ -5.965872069863869, 37.317882212245053 ], [ -5.965531814531278, 37.318364828442306 ], [ -5.96534020950987, 37.318659788571559 ], [ -5.965076728223353, 37.319105795611264 ], [ -5.964952677015511, 37.319340175846378 ], [ -5.964842819912662, 37.319582345693306 ], [ -5.964725741342108, 37.3198466106059 ], [ -5.964607116501248, 37.320145605453767 ], [ -5.964518348659849, 37.320403672722144 ], [ -5.964403264227681, 37.320792766890058 ], [ -5.964301764140948, 37.321232403872777 ], [ -5.964233166975674, 37.321635109841289 ], [ -5.964186274740699, 37.321990109460835 ], [ -5.964156442242859, 37.322341104067988 ], [ -5.964132730104173, 37.3229175375361 ], [ -5.964159266937464, 37.324272480476644 ], [ -5.963984919028728, 37.324243151709531 ], [ -5.963068968734841, 37.324753547306472 ], [ -5.962119059397595, 37.325336431095302 ], [ -5.961481603560149, 37.325728563042432 ], [ -5.961174449327128, 37.325948603733245 ], [ -5.960884908010622, 37.326278430672595 ], [ -5.960466532214173, 37.326794509095471 ], [ -5.960067155483294, 37.327304920210324 ], [ -5.959659556063261, 37.327825889219419 ], [ -5.959147121652161, 37.328462025042626 ], [ -5.958871375675169, 37.328817488872446 ], [ -5.958739646688651, 37.329096874431855 ], [ -5.958622911485224, 37.32953808660988 ], [ -5.958407328357542, 37.330228305808077 ], [ -5.958229322015462, 37.330760779715867 ], [ -5.957979154892251, 37.331669751850939 ], [ -5.95756181098387, 37.333055689712651 ], [ -5.957294400870564, 37.333960982939793 ], [ -5.957248798650395, 37.334452180786421 ], [ -5.957234234536323, 37.334747087535348 ], [ -5.957147855693858, 37.334970119188498 ], [ -5.956772035754671, 37.335310826331472 ], [ -5.956408500655074, 37.335633960539248 ], [ -5.955781620204847, 37.336210320334132 ], [ -5.95534011240686, 37.33658044564519 ], [ -5.954238068562848, 37.337864907768363 ], [ -5.953440775266601, 37.338869883509844 ], [ -5.953068456630646, 37.33952316394786 ], [ -5.952883072096362, 37.339824419209272 ], [ -5.952784185278616, 37.340305575129683 ], [ -5.952561986342531, 37.340674852403808 ], [ -5.952221754843806, 37.341106782360896 ], [ -5.951209146302483, 37.342561187752615 ], [ -5.950705310978869, 37.343313321466717 ], [ -5.949961366560442, 37.344503032558393 ], [ -5.949362052991569, 37.345515349526487 ], [ -5.949076976715656, 37.345947949026161 ], [ -5.94881840190078, 37.346373444040388 ], [ -5.94820066451515, 37.347119038057755 ], [ -5.946835632411185, 37.348653346528287 ], [ -5.946080738978287, 37.349479310058591 ], [ -5.944925113976371, 37.350765952971557 ], [ -5.944601364734821, 37.351124230144649 ], [ -5.943776738768908, 37.352172075979148 ], [ -5.943221958629517, 37.352772959608487 ], [ -5.940472371700474, 37.35928136864095 ], [ -5.938700787349445, 37.362035410503331 ], [ -5.939316787303849, 37.362858809747422 ], [ -5.939861994671134, 37.364303183480999 ], [ -5.943126499340837, 37.364927647843821 ], [ -5.94807361580675, 37.365693425344148 ], [ -5.948119359174486, 37.366088935388348 ], [ -5.945067258666667, 37.367358325021485 ], [ -5.941868738586473, 37.367515485589585 ], [ -5.9394537006736, 37.368161188447189 ], [ -5.9378623584708, 37.368414314984278 ], [ -5.934416213849133, 37.369322257178723 ], [ -5.930431984155831, 37.369855352248599 ], [ -5.925867976292531, 37.371652640667136 ], [ -5.923634986269867, 37.372777573729628 ], [ -5.91637699801162, 37.374029832248524 ], [ -5.911908687336599, 37.375035875537833 ], [ -5.909342514335557, 37.376034942812701 ], [ -5.908944041428232, 37.377264361226139 ], [ -5.907573360265602, 37.376930005783052 ], [ -5.904548876605848, 37.376940590618673 ], [ -5.903945312423271, 37.377056255489627 ], [ -5.900926092069133, 37.379169015777912 ], [ -5.898921253737702, 37.380064961749497 ], [ -5.898741218872421, 37.380154620545632 ], [ -5.895264226570271, 37.38242120005193 ], [ -5.892680908237778, 37.38398828293861 ], [ -5.891676217000444, 37.384328523151218 ], [ -5.889476338421424, 37.385903724361079 ], [ -5.888398162002161, 37.386151661446696 ], [ -5.887477351693171, 37.386459026148636 ], [ -5.88562460927914, 37.386555352577325 ], [ -5.884437343344095, 37.386741679835211 ], [ -5.877994698055484, 37.387077340142639 ], [ -5.874301514294491, 37.387295219664608 ], [ -5.870252384816991, 37.387191807037688 ], [ -5.867518244366136, 37.387092753358374 ], [ -5.863281742780417, 37.387059517429378 ], [ -5.860837837132822, 37.387298445199391 ], [ -5.859364044576902, 37.387272232849419 ], [ -5.857946571951672, 37.387650056882549 ], [ -5.857236606116899, 37.387734340071297 ], [ -5.855486535434922, 37.387620938665215 ], [ -5.854330813655451, 37.387559961700525 ], [ -5.853950554571441, 37.38728058261416 ], [ -5.852611916369462, 37.387364900768951 ], [ -5.850867801873217, 37.387324274888982 ], [ -5.849560630445793, 37.387579096210651 ], [ -5.845434714267886, 37.38786496208229 ], [ -5.843165422556699, 37.38731874154292 ], [ -5.840900772623503, 37.386807868081519 ], [ -5.837668950602485, 37.387342379420232 ], [ -5.834432549418257, 37.387948459447202 ], [ -5.831840615086502, 37.38833022455934 ], [ -5.830620293975961, 37.388532024203961 ], [ -5.829184269963282, 37.388666618562681 ], [ -5.826548823598444, 37.389208839571374 ], [ -5.825938406215316, 37.389261790789384 ], [ -5.821760622123708, 37.38996742285881 ], [ -5.821395946885472, 37.389858340195339 ], [ -5.820253282797595, 37.38992527662942 ], [ -5.819041362385559, 37.390094885117001 ], [ -5.818905970054935, 37.39152977441227 ], [ -5.818699581617551, 37.392555998676663 ], [ -5.818672607549167, 37.393475668361909 ], [ -5.818603986891616, 37.394522664870088 ], [ -5.818508339144959, 37.396367413813159 ], [ -5.818495975577248, 37.397511197031712 ], [ -5.818405182527933, 37.398710421063797 ], [ -5.819173372758377, 37.398168341799575 ], [ -5.819305134819334, 37.398079765025209 ], [ -5.819422926113803, 37.397991512486684 ], [ -5.819682463748718, 37.397908095045167 ], [ -5.822813447692206, 37.397423982450782 ], [ -5.823387025915493, 37.397708935398313 ], [ -5.824067659546472, 37.397826408610683 ], [ -5.824604950359031, 37.397770204126495 ], [ -5.825452013106098, 37.397188506468282 ], [ -5.825898577110149, 37.397014953912844 ], [ -5.826716272817825, 37.397104686914794 ], [ -5.827629098894966, 37.39717328667362 ], [ -5.82921311511347, 37.397323478157524 ], [ -5.829986395571004, 37.397329143813558 ], [ -5.831145494128594, 37.397153946984687 ], [ -5.834767385569227, 37.396900003516834 ], [ -5.837929936636606, 37.396260323541782 ], [ -5.83856788837012, 37.396124126113108 ], [ -5.840738182715442, 37.395780362783931 ], [ -5.84138960015225, 37.396190364236055 ], [ -5.842630971247631, 37.396575932901214 ], [ -5.844806187378929, 37.396945305172054 ], [ -5.846107368812063, 37.397381010860421 ], [ -5.847272371426327, 37.397652201221803 ], [ -5.848858629145375, 37.398009513226206 ], [ -5.850769615941429, 37.398505305174034 ], [ -5.851853875768032, 37.398902837965387 ], [ -5.852073419684044, 37.399951070984592 ], [ -5.855939619683761, 37.39977662267286 ], [ -5.857758884465722, 37.399884671157267 ], [ -5.858151929344963, 37.399983635904 ], [ -5.859331490404754, 37.399996039238367 ], [ -5.860776828891986, 37.400609362698155 ], [ -5.862488484473212, 37.401086342334629 ], [ -5.864464047654799, 37.401598672556496 ], [ -5.865357539593201, 37.40186527128153 ], [ -5.865678818744838, 37.401938594210414 ], [ -5.865992615051657, 37.402071316995162 ], [ -5.866236864456545, 37.402208366407947 ], [ -5.866316475879642, 37.40229380397431 ], [ -5.866366249964544, 37.402467343477198 ], [ -5.866387217499627, 37.402585957991754 ], [ -5.866441238021545, 37.402638000456868 ], [ -5.866545090655714, 37.402632516069552 ], [ -5.866709937941287, 37.402667055456298 ], [ -5.866833270342848, 37.4027826182352 ], [ -5.866931386463942, 37.402890619982671 ], [ -5.867821390787451, 37.403372832294437 ], [ -5.869125562428112, 37.404298521879745 ], [ -5.870223742003593, 37.405419906336661 ], [ -5.871350877654676, 37.406540251654931 ], [ -5.872356551563684, 37.407604770225916 ], [ -5.872778982011285, 37.408361769304356 ], [ -5.873049585492724, 37.409315750214461 ], [ -5.87362196820901, 37.410039363098399 ], [ -5.874407008215537, 37.411670539492576 ], [ -5.874799227437763, 37.412398754913553 ], [ -5.875249550102776, 37.41338556135797 ], [ -5.875069900056228, 37.414265612866657 ], [ -5.876798581168668, 37.415567000261461 ], [ -5.877044729382679, 37.415709169915353 ], [ -5.877485641923109, 37.416085660245606 ], [ -5.87801953945019, 37.41657437450948 ], [ -5.87852835457641, 37.416959316406519 ], [ -5.878819534274678, 37.417250810988094 ], [ -5.879304588177276, 37.417676723816335 ], [ -5.879627492007144, 37.417948340102285 ], [ -5.879879538992193, 37.41813412516391 ], [ -5.880262963319494, 37.418552419458088 ], [ -5.880641006631078, 37.419013536742341 ], [ -5.881131737526341, 37.419254861372977 ], [ -5.881356709928441, 37.419452071374998 ], [ -5.881504523361102, 37.419643161634035 ], [ -5.881547691910011, 37.41972212430634 ], [ -5.881766168288385, 37.419983783879097 ], [ -5.882200677970013, 37.420488941516773 ], [ -5.882395147753278, 37.420776722149277 ], [ -5.882646614960824, 37.421040016809059 ], [ -5.882884301895634, 37.421195869294344 ], [ -5.883434283120841, 37.42169050850508 ], [ -5.883985827620856, 37.422477632644465 ], [ -5.884302882074369, 37.422882232980804 ], [ -5.884700026374263, 37.423419082867447 ], [ -5.884995396336004, 37.423819858544526 ], [ -5.885182904191664, 37.424177078974076 ], [ -5.885764498558878, 37.425494608642431 ], [ -5.88636692024629, 37.426545835343255 ], [ -5.886704145741413, 37.427030257513977 ], [ -5.887402140162228, 37.42760594219893 ], [ -5.888129984050051, 37.428127801223532 ], [ -5.890623184579283, 37.430475555049213 ], [ -5.894713986718243, 37.433941707746833 ], [ -5.89505582207503, 37.43428426114869 ], [ -5.896542717152083, 37.435418676659751 ], [ -5.899317578502626, 37.437748973809626 ], [ -5.90110243796777, 37.439505340300329 ], [ -5.903004352665571, 37.441295474133433 ], [ -5.904606321577332, 37.442830155764547 ], [ -5.90552587062504, 37.443916257510452 ], [ -5.906090626523714, 37.444168212800889 ], [ -5.908489839642774, 37.444833075385361 ], [ -5.914754939753454, 37.446183605004023 ], [ -5.914754985265843, 37.446183612891346 ], [ -5.917582978805648, 37.447688662684712 ], [ -5.920317702497361, 37.44808183372357 ], [ -5.924822141391309, 37.448745277304049 ], [ -5.929439538928648, 37.448404715786552 ], [ -5.935078307973851, 37.449564155853366 ], [ -5.942526877191993, 37.451928280927433 ], [ -5.949256947399662, 37.452942443256973 ], [ -5.951532704978741, 37.45276617134347 ], [ -5.953499534286008, 37.452606864145999 ], [ -5.961678270362842, 37.451653966695751 ], [ -5.967226405349607, 37.4509686192538 ], [ -5.974848248091254, 37.450044646615126 ], [ -5.976922002803573, 37.45015815951615 ], [ -5.97775836559419, 37.449719900714527 ], [ -5.979035133374694, 37.449497889147061 ], [ -5.979479939709627, 37.449483341490634 ], [ -5.985728860017179, 37.449716637760154 ], [ -5.986441156261622, 37.449582172680614 ], [ -5.98712196766308, 37.449261540401956 ], [ -5.98855468123739, 37.448086033152279 ], [ -5.989141763053674, 37.447778313046797 ], [ -5.99072780400645, 37.447259261943628 ], [ -5.991647981908426, 37.44713532309315 ], [ -5.992339792579241, 37.447209656102267 ], [ -5.993627075224333, 37.447334306419087 ], [ -5.994191485382204, 37.447506612847135 ], [ -5.995611525744503, 37.447668980869366 ], [ -5.996698650172148, 37.4478961687146 ], [ -5.99795497906442, 37.448148866352767 ], [ -5.999285109362534, 37.448326735859759 ], [ -6.000670629432508, 37.448189545224395 ], [ -6.001623879335198, 37.447680120082794 ], [ -6.002242008821336, 37.447549674953081 ], [ -6.002649461835904, 37.447187770174111 ], [ -6.002903334218372, 37.447198136876516 ], [ -6.004077845643699, 37.446599691187998 ], [ -6.004805283444119, 37.446169240826841 ], [ -6.005674091003722, 37.445486462174784 ], [ -6.006654135217962, 37.444346139711591 ], [ -6.008560341213938, 37.44302103693979 ], [ -6.009594363246428, 37.442788437824987 ], [ -6.011275572200908, 37.443340476786766 ], [ -6.015067125024244, 37.443766371416011 ], [ -6.017961787030229, 37.444088913626764 ], [ -6.019849553696558, 37.444383066968612 ], [ -6.020192569106903, 37.444482419770587 ], [ -6.020528291353941, 37.444681073172355 ], [ -6.020999779821294, 37.445164586922232 ], [ -6.021522649644341, 37.445520637497992 ], [ -6.022331376487633, 37.445959473949955 ], [ -6.022686427856209, 37.446076532122028 ], [ -6.023243956788415, 37.4461703844186 ], [ -6.023650008777921, 37.446150986092256 ], [ -6.02497823480398, 37.445738546520275 ], [ -6.025595924187243, 37.445362312212957 ], [ -6.026133504229574, 37.44496109643439 ], [ -6.026620801519426, 37.444714344706313 ], [ -6.026913636661504, 37.444409502857361 ], [ -6.027527805056584, 37.443105282071343 ], [ -6.027741607199703, 37.442802464556124 ] ] ], [ [ [ -6.019775638552586, 37.310911804187711 ], [ -6.017676676347077, 37.312725699800779 ], [ -6.015120581924433, 37.314402200907004 ], [ -6.015931683959699, 37.315305290022543 ], [ -6.016082533133579, 37.315434294283925 ], [ -6.016369846960133, 37.315623143314852 ], [ -6.016823584210692, 37.316062033477614 ], [ -6.01719045124074, 37.316433090314725 ], [ -6.017540912973201, 37.316797248037915 ], [ -6.017874338968621, 37.317045161161708 ], [ -6.017852440110668, 37.317093350228653 ], [ -6.018765796690791, 37.316816626776685 ], [ -6.019774830172055, 37.316669872393582 ], [ -6.021811420114448, 37.316247679715389 ], [ -6.023088544843767, 37.315375548629333 ], [ -6.024181040644272, 37.314275761763369 ], [ -6.024905325498362, 37.313798052936555 ], [ -6.026156895578105, 37.313070316622884 ], [ -6.026550457658197, 37.31274771005836 ], [ -6.027458022739745, 37.31197862214988 ], [ -6.028841188223055, 37.310700275377798 ], [ -6.030511123277956, 37.310066478932804 ], [ -6.031525548768085, 37.309764839109818 ], [ -6.033420120996871, 37.301596907431168 ], [ -6.03276092657407, 37.300451892159046 ], [ -6.0315027395326, 37.300910285305264 ], [ -6.030002002105671, 37.301848622149123 ], [ -6.028444098654555, 37.302982060459478 ], [ -6.026894699340735, 37.30432863222488 ], [ -6.025312947187272, 37.305702683634358 ], [ -6.02376876483644, 37.307182439417041 ], [ -6.021835795507096, 37.308965498489435 ], [ -6.019775638552586, 37.310911804187711 ] ] ] ] } },
{ "type": "Feature", "properties": { "cod_mun": "21041", "nombre": "Huelva", "provincia": "Huelva" }, "geometry": { "type": "MultiPolygon", "coordinates": [ [ [ [ -7.005898420910706, 37.232549181843773 ], [ -7.004516999266682, 37.232247857402854 ], [ -7.00314255401662, 37.23156472221379 ], [ -7.002393175026448, 37.231346231825 ], [ -7.001520854163894, 37.231033618394321 ], [ -7.000942734678368, 37.230630771872164 ], [ -7.000582610194199, 37.230237049699092 ], [ -6.99944262674637, 37.229283006130373 ], [ -6.998907479249644, 37.228383958203246 ], [ -6.998251454112836, 37.227882768745374 ], [ -6.997548129970223, 37.227541493008481 ], [ -6.996783385673116, 37.227177039110579 ], [ -6.995924371298578, 37.226923863910478 ], [ -6.994519728289235, 37.226671189748416 ], [ -6.993491496685899, 37.226485517941136 ], [ -6.991343584525862, 37.226369363987025 ], [ -6.990087016824816, 37.226296972397911 ], [ -6.989101718772507, 37.226119181592502 ], [ -6.988187482413791, 37.225692098065743 ], [ -6.987345753773131, 37.225324115192279 ], [ -6.986556440130665, 37.224644864230939 ], [ -6.9858236329079, 37.224015175789702 ], [ -6.985008787948661, 37.223087751424828 ], [ -6.984600645021916, 37.222599207544235 ], [ -6.984264621806602, 37.222004808894582 ], [ -6.983813199110047, 37.220965606923663 ], [ -6.983388641649737, 37.219646414380847 ], [ -6.983026254793843, 37.218561204102635 ], [ -6.982155764437223, 37.216809037233702 ], [ -6.981423527504646, 37.215599899103836 ], [ -6.980657235349883, 37.21461105415824 ], [ -6.978048663715023, 37.211051189695105 ], [ -6.977184328063238, 37.209883750009588 ], [ -6.976744159232564, 37.209222924745703 ], [ -6.975281396396618, 37.206904419364413 ], [ -6.97414574231261, 37.205600212365241 ], [ -6.973022333969241, 37.204795945536596 ], [ -6.972020707868786, 37.203846327973949 ], [ -6.970266652474519, 37.201891542058711 ], [ -6.969360772424584, 37.200970358858093 ], [ -6.968655168765034, 37.199936754094374 ], [ -6.968008959347305, 37.198994540772482 ], [ -6.96706394664728, 37.197765072419962 ], [ -6.966169629965937, 37.196649967398898 ], [ -6.965115003418525, 37.195063888726516 ], [ -6.964493107321571, 37.19358416066855 ], [ -6.963962952942939, 37.192361018192813 ], [ -6.963521618951338, 37.191081630601872 ], [ -6.963237020070267, 37.190172320261595 ], [ -6.962856227954529, 37.18912449506557 ], [ -6.962447658494185, 37.188259107003468 ], [ -6.961911104700109, 37.187236025549296 ], [ -6.961129956481141, 37.185665733766868 ], [ -6.960529314751738, 37.184981143106071 ], [ -6.958763862236383, 37.183291894976755 ], [ -6.956309518182041, 37.181352724847777 ], [ -6.953259216477528, 37.178299060069513 ], [ -6.951769833106429, 37.176196394669056 ], [ -6.949744646686125, 37.177903661040389 ], [ -6.94970538751614, 37.177826103689227 ], [ -6.949338434132947, 37.177625315867928 ], [ -6.94906149990376, 37.177521460614436 ], [ -6.94881224346372, 37.177348379548832 ], [ -6.948521452676992, 37.177126822959508 ], [ -6.948272205994733, 37.176912193841474 ], [ -6.948064500609875, 37.176683710295094 ], [ -6.947855999647391, 37.176592873498905 ], [ -6.947289472566806, 37.175019190119166 ], [ -6.946869814094276, 37.174074972223025 ], [ -6.94670195639114, 37.173277638990562 ], [ -6.946114448839122, 37.172312442314336 ], [ -6.944834514784663, 37.17050795180478 ], [ -6.941561248362835, 37.168640508306687 ], [ -6.938392894597675, 37.166458327681852 ], [ -6.936735269563806, 37.165094472449404 ], [ -6.934553097715654, 37.163835516828442 ], [ -6.934280320957411, 37.164108290165956 ], [ -6.921688978824397, 37.158161351364804 ], [ -6.915900391970464, 37.155427522325844 ], [ -6.910195005859146, 37.153014620805443 ], [ -6.903847764832292, 37.150221361508379 ], [ -6.897080019502567, 37.147493926685051 ], [ -6.891276871860835, 37.145338950708947 ], [ -6.888603476587655, 37.144343193048492 ], [ -6.885811026738677, 37.143390730442867 ], [ -6.882352067278909, 37.142292551411046 ], [ -6.881300976788124, 37.141909298835238 ], [ -6.880746969518189, 37.141708179278389 ], [ -6.880052813138748, 37.141475203064786 ], [ -6.87891761974211, 37.141063128768607 ], [ -6.878098352682663, 37.140736777200495 ], [ -6.877013110444163, 37.14022830391302 ], [ -6.875054712765808, 37.139346844417268 ], [ -6.873695114774772, 37.138732507240071 ], [ -6.872521821281954, 37.138183631590721 ], [ -6.871252862269009, 37.13758439781099 ], [ -6.870286040301635, 37.13717652277559 ], [ -6.869314177191193, 37.136708212407356 ], [ -6.868392673311178, 37.136255012842639 ], [ -6.867163988812354, 37.135721242987223 ], [ -6.865849716352685, 37.135111943371271 ], [ -6.863770024046251, 37.134165254036276 ], [ -6.862682346710702, 37.133651633460389 ], [ -6.861332818310006, 37.133037297268828 ], [ -6.859490421680531, 37.13221184595448 ], [ -6.855321195185738, 37.130338948788292 ], [ -6.854040155246262, 37.129660748102772 ], [ -6.852834460578453, 37.128995106936905 ], [ -6.850527723285165, 37.127648301087113 ], [ -6.849322811357587, 37.126865970526381 ], [ -6.847552556899038, 37.125678181447867 ], [ -6.84686158413669, 37.125209926270024 ], [ -6.845765168957552, 37.124347637700147 ], [ -6.844862906942738, 37.123656665759533 ], [ -6.843806474047219, 37.122760123323438 ], [ -6.842807131188851, 37.12187499631618 ], [ -6.841922005872497, 37.121015566820539 ], [ -6.841088272478105, 37.120184686837945 ], [ -6.840414434924502, 37.119502283965772 ], [ -6.839863377072189, 37.118942656063389 ], [ -6.838649894773014, 37.117549300301278 ], [ -6.837779050928241, 37.116495713426332 ], [ -6.836962447776983, 37.115367895287733 ], [ -6.836265768357078, 37.114457069792209 ], [ -6.835294986549952, 37.113000893646621 ], [ -6.834641133597189, 37.11192731451191 ], [ -6.833904474860459, 37.110642455231748 ], [ -6.833219222191265, 37.109300495449439 ], [ -6.832885152285122, 37.10864663716233 ], [ -6.83283376370705, 37.108323995084668 ], [ -6.832619617214696, 37.107955668334171 ], [ -6.832471424173243, 37.107889458544058 ], [ -6.832356934375794, 37.107861444753425 ], [ -6.832217031330203, 37.107907134172009 ], [ -6.83211709704651, 37.107975655177789 ], [ -6.832079972156739, 37.108118420217131 ], [ -6.832138558575527, 37.108273032860417 ], [ -6.832205605446052, 37.108426786049939 ], [ -6.832376923511572, 37.108563840092231 ], [ -6.832625325191869, 37.108746577320879 ], [ -6.832790639433666, 37.109126142219381 ], [ -6.834130513316998, 37.111717426741123 ], [ -6.835002710870581, 37.113120511528706 ], [ -6.83621618080176, 37.114915455150268 ], [ -6.836810290458305, 37.115775003203552 ], [ -6.837619275087728, 37.116824152868254 ], [ -6.839041067814672, 37.118434424338332 ], [ -6.83970062831764, 37.119153946180923 ], [ -6.840020949098287, 37.119567127799769 ], [ -6.841310270243533, 37.120869090968704 ], [ -6.842544454929506, 37.122060589119314 ], [ -6.843370657740178, 37.122790426464505 ], [ -6.844622055150749, 37.123839581420057 ], [ -6.845683852673637, 37.124673853672633 ], [ -6.846669802310561, 37.125457555370211 ], [ -6.847004349326884, 37.125678188699084 ], [ -6.847453509189259, 37.125937896110933 ], [ -6.849408467277669, 37.127259990344534 ], [ -6.850299297314689, 37.127853886261029 ], [ -6.85215419332018, 37.128923863377679 ], [ -6.852526091501367, 37.130546463763494 ], [ -6.852774212327924, 37.131568402699074 ], [ -6.852997734727701, 37.131883736205253 ], [ -6.874094074746123, 37.141479223611952 ], [ -6.874330794265823, 37.141540336419752 ], [ -6.874566598002834, 37.141551571109474 ], [ -6.874847301675091, 37.141506653150863 ], [ -6.877710560446495, 37.140900314183376 ], [ -6.878086706712705, 37.140911546992506 ], [ -6.878513386596035, 37.141085583284514 ], [ -6.878541458291727, 37.141147345071623 ], [ -6.878642515458563, 37.141209102270885 ], [ -6.878760422314777, 37.141209102855527 ], [ -6.880268855218985, 37.141901702998638 ], [ -6.881393486008141, 37.142416159296459 ], [ -6.881472083608625, 37.142528440925751 ], [ -6.881769638581988, 37.14258457954142 ], [ -6.883088983562555, 37.143174078997504 ], [ -6.883723389601166, 37.143443563318378 ], [ -6.883886197663922, 37.143544611703994 ], [ -6.883998485203363, 37.143640056949224 ], [ -6.884251128805828, 37.143690582308516 ], [ -6.887069465130455, 37.144970629724448 ], [ -6.887142450444681, 37.145066065439785 ], [ -6.88725473817755, 37.145116599761813 ], [ -6.887378242126715, 37.145105372252935 ], [ -6.889180411611709, 37.145925045256305 ], [ -6.889724986222354, 37.14622821237851 ], [ -6.889747446159224, 37.146312424769576 ], [ -6.889842883382779, 37.146385410144759 ], [ -6.890033773771494, 37.14643032225927 ], [ -6.890999420299651, 37.146997366169124 ], [ -6.89265561020702, 37.147991080800068 ], [ -6.89267806910425, 37.148052834279021 ], [ -6.892795962581983, 37.14812581716992 ], [ -6.892902644124152, 37.148131433572807 ], [ -6.895473953600202, 37.149680960237532 ], [ -6.895535710730127, 37.149793245549958 ], [ -6.895603081492628, 37.149832539119394 ], [ -6.895760275339449, 37.149866227217316 ], [ -6.898743670631643, 37.15172096915235 ], [ -6.898949481993069, 37.151970111289451 ], [ -6.899424509853423, 37.154402243464268 ], [ -6.899494591434447, 37.154555168765555 ], [ -6.899628401829236, 37.15467622978445 ], [ -6.899857795229218, 37.154829156713483 ], [ -6.900093544679186, 37.154940659756548 ], [ -6.90037709392865, 37.155074477374349 ], [ -6.900437629732481, 37.155084030969896 ], [ -6.900517282697202, 37.155045803867679 ], [ -6.900507717831536, 37.154978897653784 ], [ -6.900421701008628, 37.154918367032444 ], [ -6.900033012231995, 37.154688975143372 ], [ -6.899797261395524, 37.154542419885921 ], [ -6.899679383401948, 37.154402240448178 ], [ -6.899625223234115, 37.154230206028572 ], [ -6.899577430681073, 37.153994442723949 ], [ -6.899650701186965, 37.154007189507951 ], [ -6.900890034293447, 37.15474950551414 ], [ -6.902387415894134, 37.15565112665508 ], [ -6.903451518494162, 37.156288307315691 ], [ -6.903598068491567, 37.156326542601938 ], [ -6.903935779756686, 37.156307429075333 ], [ -6.905216513735711, 37.156148130875224 ], [ -6.906159548594884, 37.156058927359062 ], [ -6.907287367465861, 37.156727967166177 ], [ -6.907306483138282, 37.156849031621967 ], [ -6.907402063642349, 37.156963724545811 ], [ -6.907593216544493, 37.157059307362289 ], [ -6.907733398291732, 37.157129394518869 ], [ -6.907822606643844, 37.157097531264512 ], [ -6.907918179396959, 37.15721860200356 ], [ -6.908096588295127, 37.157301434438565 ], [ -6.908345096312202, 37.157390635496128 ], [ -6.90944104974595, 37.158295440085837 ], [ -6.909454654674938, 37.158375481363528 ], [ -6.909539573573007, 37.1584391673155 ], [ -6.909640412838668, 37.158460401730274 ], [ -6.91180051429424, 37.160148141117588 ], [ -6.912771761269601, 37.160923025192957 ], [ -6.912994672393053, 37.161177773222548 ], [ -6.913732257672502, 37.16186576869903 ], [ -6.914013688573539, 37.162069410820706 ], [ -6.914252524868429, 37.162159639427649 ], [ -6.91453381381295, 37.162228635462164 ], [ -6.915367072522821, 37.16270629631515 ], [ -6.91565366961381, 37.162897367731254 ], [ -6.915807587849772, 37.163051273344635 ], [ -6.915924343092656, 37.163252955350643 ], [ -6.916019878337442, 37.163523632625385 ], [ -6.916057034375217, 37.163815538063211 ], [ -6.916141950734531, 37.165068082854447 ], [ -6.91663553468055, 37.165758044191627 ], [ -6.917203421689527, 37.16664967476094 ], [ -6.917628017936245, 37.167769537348214 ], [ -6.917930529341302, 37.168178206123244 ], [ -6.918349821571275, 37.168475418756564 ], [ -6.918641715546807, 37.168581564229484 ], [ -6.918970776741148, 37.168586871530174 ], [ -6.919230841630078, 37.168560330427759 ], [ -6.919421900872244, 37.168777933335925 ], [ -6.919512135061265, 37.168969004013839 ], [ -6.91986772458772, 37.169144148907328 ], [ -6.920101254844458, 37.169356442877117 ], [ -6.920674444218712, 37.169600577810712 ], [ -6.920966350216881, 37.169791648469456 ], [ -6.921608546129274, 37.169977405292464 ], [ -6.919575163600588, 37.172604388951292 ], [ -6.918693840577129, 37.173729657967357 ], [ -6.919435393144647, 37.174308875568983 ], [ -6.924195102247953, 37.177745512959703 ], [ -6.92504386935239, 37.178483090033701 ], [ -6.926469395281775, 37.179922192602454 ], [ -6.928887653787799, 37.181832790837873 ], [ -6.93011436292698, 37.182909103957748 ], [ -6.932770054768683, 37.185919761000086 ], [ -6.933927952339901, 37.187619897226298 ], [ -6.935313458804621, 37.18979890116929 ], [ -6.93637825010455, 37.191655249686157 ], [ -6.937539047908126, 37.19427410251626 ], [ -6.939467070919635, 37.198218654102085 ], [ -6.94052221298333, 37.201183298360384 ], [ -6.941074873447483, 37.203146731189136 ], [ -6.941506230275137, 37.204943044310291 ], [ -6.941917479913441, 37.207001267248167 ], [ -6.941507113918997, 37.207339235286263 ], [ -6.940854082329276, 37.207775371484203 ], [ -6.939438842284093, 37.20871432859677 ], [ -6.937854448810055, 37.209649893354225 ], [ -6.93772327322729, 37.209726327729683 ], [ -6.93670197144784, 37.210444953537355 ], [ -6.936669644846167, 37.210473054641241 ], [ -6.935339058890865, 37.211742456253937 ], [ -6.934119912043583, 37.213206320773253 ], [ -6.933090957516725, 37.214429640059628 ], [ -6.928753266380502, 37.218960843926638 ], [ -6.92432095670859, 37.223197753139509 ], [ -6.92100193125927, 37.22588420471574 ], [ -6.918898440636183, 37.227683518776239 ], [ -6.911785103356415, 37.234341945891344 ], [ -6.91137110733505, 37.234833078040339 ], [ -6.907173021527783, 37.240367854164482 ], [ -6.906519878865612, 37.24102902456184 ], [ -6.905044354641933, 37.24234793650232 ], [ -6.900588045747795, 37.246170404387833 ], [ -6.896016084861379, 37.249690066089876 ], [ -6.895426254875827, 37.250088027521961 ], [ -6.89528417926434, 37.250173784661143 ], [ -6.894711700595102, 37.250435864121613 ], [ -6.893103775403167, 37.250723024464094 ], [ -6.890762178089409, 37.251863079245389 ], [ -6.890198468343367, 37.252296009522702 ], [ -6.888376600996412, 37.253463958106458 ], [ -6.887771565870056, 37.253970304214185 ], [ -6.887046785981908, 37.254777863891569 ], [ -6.886380704617207, 37.255412328929935 ], [ -6.885631691768961, 37.255968430991608 ], [ -6.883844025560953, 37.257585621338428 ], [ -6.882688846567619, 37.258353235062621 ], [ -6.880422637412964, 37.260310379411173 ], [ -6.878863077926194, 37.262278953708751 ], [ -6.879045905254914, 37.263093942581847 ], [ -6.87979743258856, 37.263681856223108 ], [ -6.879804363434893, 37.263816755925546 ], [ -6.879256497590277, 37.264780617240319 ], [ -6.878338968560018, 37.266008833457057 ], [ -6.877139863199993, 37.267076712173491 ], [ -6.873898979679429, 37.269582070604457 ], [ -6.872296920922612, 37.271053391602337 ], [ -6.871719408202544, 37.271683724550336 ], [ -6.870413794364304, 37.272799628246702 ], [ -6.869864022095086, 37.273069857484636 ], [ -6.869178740358565, 37.273335511496725 ], [ -6.868279171362482, 37.273599166039176 ], [ -6.863581642347669, 37.274761702589984 ], [ -6.863050655605106, 37.274959227717368 ], [ -6.862478790885089, 37.275239153945336 ], [ -6.860847494231855, 37.276224191130446 ], [ -6.859883603832992, 37.276927869336916 ], [ -6.857415991851092, 37.278462329569521 ], [ -6.857052274054507, 37.278686376905732 ], [ -6.856513726370003, 37.279058489403326 ], [ -6.855996145637453, 37.279416105457848 ], [ -6.855506012697214, 37.279754770913215 ], [ -6.854381754662678, 37.28085013934011 ], [ -6.852944411933436, 37.281694024062219 ], [ -6.85141019172825, 37.282779991358467 ], [ -6.850878161245926, 37.283400890097624 ], [ -6.850684489089232, 37.283803575961173 ], [ -6.850727610763347, 37.28519586482787 ], [ -6.850760561418731, 37.286179343896109 ], [ -6.85092563111281, 37.287426143845963 ], [ -6.851174092769337, 37.288760320363558 ], [ -6.851611211097882, 37.2905682506562 ], [ -6.852015130414403, 37.29198498401383 ], [ -6.852398652687261, 37.292831734889162 ], [ -6.853871505416737, 37.294979516515554 ], [ -6.854368142731822, 37.295890044944834 ], [ -6.854824442125165, 37.296218656969252 ], [ -6.856371772913973, 37.297332994316989 ], [ -6.857276880379037, 37.298025307506961 ], [ -6.857672752948008, 37.298331647241696 ], [ -6.857928932186081, 37.298710650381409 ], [ -6.858030266846664, 37.299148759226391 ], [ -6.857992829304197, 37.299519330373514 ], [ -6.857856831108732, 37.299947161164383 ], [ -6.85729351566909, 37.300839366186651 ], [ -6.856529137539252, 37.301801361320457 ], [ -6.855685728292761, 37.302729725296409 ], [ -6.854847108901739, 37.303531799154136 ], [ -6.854370586536279, 37.303916683072721 ], [ -6.85262185417569, 37.304784448735305 ], [ -6.853179242450553, 37.305982434216091 ], [ -6.85435955543786, 37.308556410174297 ], [ -6.855283269435734, 37.309859544881569 ], [ -6.855680801937146, 37.310576263172834 ], [ -6.856157159670809, 37.311290416498473 ], [ -6.856287915263296, 37.311421276848783 ], [ -6.856672583533672, 37.311886172995038 ], [ -6.859229340863999, 37.314244024200903 ], [ -6.860451504536173, 37.315645467558376 ], [ -6.86366628341337, 37.316972782578056 ], [ -6.86394396713524, 37.317549253091173 ], [ -6.866735757847079, 37.32360171450248 ], [ -6.876129213026514, 37.333419480550234 ], [ -6.881356301345718, 37.33962586057455 ], [ -6.883086666546799, 37.341676977577386 ], [ -6.885010809154299, 37.343982936925215 ], [ -6.886082216466591, 37.344848542157521 ], [ -6.887443257869618, 37.345641555492641 ], [ -6.88972727993142, 37.348575181553443 ], [ -6.890226405697639, 37.349937025552954 ], [ -6.890448670693176, 37.350308056681023 ], [ -6.891892462694667, 37.352044168058903 ], [ -6.892041582917057, 37.352309505473094 ], [ -6.892265876621082, 37.353374110302738 ], [ -6.892241871683061, 37.35443787986862 ], [ -6.892297153817617, 37.354634242163762 ], [ -6.892626530721733, 37.354893647128762 ], [ -6.89775244860452, 37.357562290406811 ], [ -6.89883509531764, 37.358202190765518 ], [ -6.900951082894168, 37.359618722842278 ], [ -6.902354189036834, 37.360779495823394 ], [ -6.903111045407518, 37.361664335691074 ], [ -6.904065302236557, 37.363308352696862 ], [ -6.905762393776146, 37.365999785867942 ], [ -6.90610120536082, 37.366439004902603 ], [ -6.906691156182895, 37.36693297340296 ], [ -6.90713517660038, 37.367224566659701 ], [ -6.907454384082599, 37.367286080814743 ], [ -6.907799919087831, 37.3672025808727 ], [ -6.908640807332793, 37.366877496184699 ], [ -6.909339346913484, 37.366854383171365 ], [ -6.910609703453766, 37.366758291281783 ], [ -6.912183429711036, 37.366201730137483 ], [ -6.912567006479464, 37.365981840679041 ], [ -6.912778793224464, 37.365713583138096 ], [ -6.912828154698022, 37.365360632939201 ], [ -6.912748915092091, 37.364921851559103 ], [ -6.912372544051556, 37.364411830246155 ], [ -6.912186253287027, 37.364084694389526 ], [ -6.912085888943881, 37.363673637095182 ], [ -6.912144282410898, 37.362842947723912 ], [ -6.912549137906383, 37.361946730952361 ], [ -6.913726266185251, 37.360493442357267 ], [ -6.914086353943386, 37.360256310414968 ], [ -6.914465190289325, 37.360162688811691 ], [ -6.914929893956452, 37.360201335119797 ], [ -6.916108982969259, 37.360522593578182 ], [ -6.916516423104872, 37.360545124749912 ], [ -6.916814990000501, 37.360427123629925 ], [ -6.917007949064355, 37.360231558838755 ], [ -6.917010831812915, 37.359853114900318 ], [ -6.916744845466154, 37.358862015700005 ], [ -6.916750070354743, 37.358528535494273 ], [ -6.916868888660359, 37.358209304629526 ], [ -6.917264145432921, 37.357998021911115 ], [ -6.918219405089019, 37.357705111511486 ], [ -6.91940698209704, 37.357539608387043 ], [ -6.920166472670915, 37.357388294414676 ], [ -6.92053214609792, 37.357259057529397 ], [ -6.920858867978276, 37.357032021531793 ], [ -6.921947427837215, 37.356482424144872 ], [ -6.922137551181916, 37.356232886889913 ], [ -6.922537027779257, 37.355886322655948 ], [ -6.922781583233431, 37.355815142224763 ], [ -6.923097011605909, 37.355804674106452 ], [ -6.923809070196616, 37.355609871317952 ], [ -6.924280323725291, 37.355558189881769 ], [ -6.925429787115903, 37.356177613160142 ], [ -6.925804345302216, 37.356219213072485 ], [ -6.926251204635743, 37.356132301461074 ], [ -6.926537522717084, 37.355996676051248 ], [ -6.926863750139805, 37.355760623066097 ], [ -6.927129426914097, 37.355445517200408 ], [ -6.927566909979549, 37.354746350307792 ], [ -6.927631228879749, 37.354464955097534 ], [ -6.927360906965579, 37.353392952056531 ], [ -6.927236108091531, 37.352298092876438 ], [ -6.927440284201352, 37.352102138985551 ], [ -6.927685749336051, 37.352048935023987 ], [ -6.927958916691463, 37.352093900226002 ], [ -6.928217054380216, 37.352067307525424 ], [ -6.928764339219467, 37.35109423671242 ], [ -6.929038441854615, 37.350940995510904 ], [ -6.929140301648095, 37.350730416888574 ], [ -6.929207426566001, 37.35007058038817 ], [ -6.92935292312157, 37.349831534144137 ], [ -6.929678177097664, 37.349577489920399 ], [ -6.93056240508368, 37.348791391466939 ], [ -6.930718689144097, 37.348542967407916 ], [ -6.930757178403656, 37.348199381487561 ], [ -6.930789096124228, 37.346865096143738 ], [ -6.93103407863014, 37.346154307389256 ], [ -6.93115139589697, 37.344727105991588 ], [ -6.9310673927536, 37.344414612429169 ], [ -6.931133097719354, 37.34351159905259 ], [ -6.93100732975121, 37.343263553225263 ], [ -6.930974474420222, 37.343066464767716 ], [ -6.931114323886675, 37.342935694783066 ], [ -6.931952944705758, 37.342574493922072 ], [ -6.932421302182733, 37.342468828701016 ], [ -6.933018238616824, 37.34244896305227 ], [ -6.933232227736188, 37.34222563939209 ], [ -6.933254743266476, 37.342008691370339 ], [ -6.932975517594576, 37.341630633628789 ], [ -6.933080162770646, 37.341474008815332 ], [ -6.933662997536488, 37.341184361793239 ], [ -6.933779854449448, 37.341045346246403 ], [ -6.933825363923628, 37.340836640632077 ], [ -6.934104574907349, 37.340566111107591 ], [ -6.934702841965562, 37.339276037395663 ], [ -6.943267299963003, 37.341242617691755 ], [ -6.946994572483045, 37.340244385273301 ], [ -6.949717092171173, 37.33751401834482 ], [ -6.951668203635223, 37.33556608187255 ], [ -6.953104618640421, 37.334130783058285 ], [ -6.954015190433406, 37.333424709676599 ], [ -6.955912131206514, 37.331523552503988 ], [ -6.960550901541421, 37.326846086181348 ], [ -6.972826147511852, 37.314480272099622 ], [ -6.973066723261361, 37.314337068685319 ], [ -6.973667219053858, 37.313533171991374 ], [ -6.974513948097361, 37.312693964974436 ], [ -6.975434372352439, 37.311969387768421 ], [ -6.975838113435388, 37.311712590797569 ], [ -6.975870464469298, 37.311684477663498 ], [ -6.976106755999916, 37.311460330048376 ], [ -6.977229900975476, 37.310089337769469 ], [ -6.97950499271145, 37.307895850975257 ], [ -6.97798886601868, 37.305235440020077 ], [ -6.977832918407989, 37.304844322038669 ], [ -6.977689881707808, 37.30405641895954 ], [ -6.977626583084686, 37.303283847686068 ], [ -6.977716003733746, 37.301344090913396 ], [ -6.97769277241768, 37.300903472806908 ], [ -6.977565747676605, 37.300205111751467 ], [ -6.976950676127802, 37.298162943651043 ], [ -6.976605062172361, 37.297381846958238 ], [ -6.976407677287209, 37.296631802782969 ], [ -6.976019667894183, 37.295473796218189 ], [ -6.976356263980856, 37.295228257675944 ], [ -6.976557803883053, 37.294987272163048 ], [ -6.976750796744055, 37.294584417822705 ], [ -6.976851983167505, 37.29436481636246 ], [ -6.977034670051974, 37.292268780629136 ], [ -6.977020685641036, 37.291575621750603 ], [ -6.976943924890436, 37.290974657253244 ], [ -6.976369367343674, 37.289057233307823 ], [ -6.976098571950013, 37.287769166682004 ], [ -6.975999433083244, 37.286529373045518 ], [ -6.975925639853653, 37.286198552956876 ], [ -6.9760158017041, 37.285555938553863 ], [ -6.97648859825796, 37.284900458896139 ], [ -6.976898239076306, 37.284544372778477 ], [ -6.977788349849767, 37.283892860783119 ], [ -6.978084978744348, 37.283531566351265 ], [ -6.978570770180925, 37.282695477973938 ], [ -6.978951718209377, 37.282223244789876 ], [ -6.979788362559978, 37.281627567761113 ], [ -6.980317618825717, 37.281402564996242 ], [ -6.980865583521733, 37.281104864371038 ], [ -6.981319722013633, 37.280738256724035 ], [ -6.981769585424302, 37.280290708906335 ], [ -6.982126448352113, 37.279576056977263 ], [ -6.982526633327643, 37.278400527593931 ], [ -6.982591992538953, 37.277929900317005 ], [ -6.982599710630433, 37.275938843417663 ], [ -6.982412851319665, 37.27474704381796 ], [ -6.982025976408402, 37.273823228676001 ], [ -6.981483822111863, 37.272733478469924 ], [ -6.981013583148293, 37.271938581994853 ], [ -6.980806187194907, 37.271639280189866 ], [ -6.980260044459945, 37.270900976784439 ], [ -6.979848111816961, 37.270356340610896 ], [ -6.978373698365835, 37.268685395151003 ], [ -6.97716650306988, 37.267807167685127 ], [ -6.976655347305154, 37.267518078316371 ], [ -6.974694948978697, 37.266890358390569 ], [ -6.972874695921977, 37.266140787907275 ], [ -6.972502366540486, 37.265919088282438 ], [ -6.972049388354172, 37.265664055717018 ], [ -6.972651550954951, 37.265112343794932 ], [ -6.974296301037116, 37.26359775186765 ], [ -6.974897889812276, 37.263892819651659 ], [ -6.976075862707833, 37.264645941055029 ], [ -6.977780268235167, 37.266192072904964 ], [ -6.978461232543467, 37.266709655110688 ], [ -6.98125770571066, 37.268444193374094 ], [ -6.982068526030094, 37.268858289518079 ], [ -6.982974452035791, 37.269152077742135 ], [ -6.983213106597989, 37.269189076244466 ], [ -6.984088944335337, 37.269339738877207 ], [ -6.984925819892715, 37.26939260961737 ], [ -6.985744798028617, 37.26931996355281 ], [ -6.986687870385715, 37.269035938470552 ], [ -6.98749023037648, 37.268648564200923 ], [ -6.988227299162427, 37.268092223650264 ], [ -6.988748694767105, 37.267507124447178 ], [ -6.990271810405488, 37.264762294120466 ], [ -6.991156999326442, 37.263597398639384 ], [ -6.991456341550631, 37.263290021686359 ], [ -6.992162292851923, 37.261932983223382 ], [ -6.992486331920014, 37.261453623845654 ], [ -6.992775350127605, 37.261164608832146 ], [ -6.993891008888159, 37.260523390284717 ], [ -6.994429898064509, 37.260270978359785 ], [ -6.994495495905563, 37.260232729050266 ], [ -6.995663569130175, 37.259517657942403 ], [ -6.996049704302806, 37.259360483695183 ], [ -6.999319041212887, 37.258529310550067 ], [ -7.000186507433196, 37.258310796475833 ], [ -7.000488184176151, 37.256345831124626 ], [ -7.001429873299289, 37.250080347280367 ], [ -7.001586278394003, 37.248777881388975 ], [ -7.002824849695983, 37.244078762048943 ], [ -7.005898420910706, 37.232549181843773 ] ] ] ] } },
{ "type": "Feature", "properties": { "cod_mun": "04013", "nombre": "Almería", "provincia": "Almería" }, "geometry": { "type": "MultiPolygon", "coordinates": [ [ [ [ -2.533167916278833, 36.882097737885239 ], [ -2.533742266614776, 36.879918477338805 ], [ -2.536051470467117, 36.871048188273384 ], [ -2.542674110379662, 36.864925978711142 ], [ -2.54444521366815, 36.863292149051233 ], [ -2.544389923650859, 36.863156709754151 ], [ -2.542541188330306, 36.859002884276158 ], [ -2.541812719218668, 36.85700785077433 ], [ -2.541245370796447, 36.854337332495909 ], [ -2.541332735659482, 36.852859280047788 ], [ -2.541662076587719, 36.85030941696094 ], [ -2.542325496974207, 36.848157488982622 ], [ -2.54121217880267, 36.8467649432013 ], [ -2.54047877527549, 36.845617249652477 ], [ -2.540296587165052, 36.844201246673293 ], [ -2.539553357014753, 36.842828144387617 ], [ -2.53870910667418, 36.841472665452287 ], [ -2.536990331144279, 36.840077719284253 ], [ -2.536355164617441, 36.837542125751469 ], [ -2.535371600197966, 36.83698838679274 ], [ -2.534165452060807, 36.836154315358343 ], [ -2.532770438786501, 36.835031013522872 ], [ -2.531793635174052, 36.833377481641918 ], [ -2.530445502416065, 36.831938825900586 ], [ -2.529818332542039, 36.829971155422278 ], [ -2.529176015185343, 36.82865247262373 ], [ -2.528158079178018, 36.828242771235985 ], [ -2.528383288228206, 36.828090416460583 ], [ -2.528518899971551, 36.827919676794352 ], [ -2.528330319898104, 36.827585388481971 ], [ -2.52796189720417, 36.827322502866359 ], [ -2.527648811772763, 36.82717701681004 ], [ -2.527055507310235, 36.827012395466838 ], [ -2.52697779153444, 36.826885872826189 ], [ -2.527248239851859, 36.826670606896357 ], [ -2.527260229434973, 36.826544450077861 ], [ -2.526947592447267, 36.826326847100873 ], [ -2.526734986892181, 36.826253884213706 ], [ -2.526545807690988, 36.826018751307011 ], [ -2.526356462960561, 36.825810661255844 ], [ -2.525964839829524, 36.82567387249037 ], [ -2.52575190323863, 36.825654994169419 ], [ -2.525618014500247, 36.825546284792743 ], [ -2.525186554788, 36.824541750625926 ], [ -2.525180088149598, 36.824543022906767 ], [ -2.52513078002489, 36.824552724036515 ], [ -2.524973632542583, 36.824579140161859 ], [ -2.524872549391888, 36.824605780117004 ], [ -2.524782623320188, 36.824641479185203 ], [ -2.524681595777804, 36.824659104591248 ], [ -2.524591836908704, 36.82466775134354 ], [ -2.524513290861635, 36.824676451881807 ], [ -2.524389893203863, 36.824684972973998 ], [ -2.524311291319318, 36.824702687763399 ], [ -2.524232689399065, 36.824720402500525 ], [ -2.524154087443105, 36.824738117185376 ], [ -2.524075541277671, 36.824746817433493 ], [ -2.523851283146002, 36.824745919615303 ], [ -2.523739154083893, 36.824745470547619 ], [ -2.523638182108471, 36.824754071665801 ], [ -2.523492246633255, 36.824780530746828 ], [ -2.523402375631852, 36.82480721438052 ], [ -2.523323717486993, 36.824833942897563 ], [ -2.523211476449538, 36.824851522097831 ], [ -2.523132874131218, 36.824869236104561 ], [ -2.523043114799195, 36.824877890698787 ], [ -2.522897234856346, 36.824895334663076 ], [ -2.522796206564955, 36.824912958460899 ], [ -2.522740085937132, 36.824921747824391 ], [ -2.522627900696234, 36.824930303074915 ], [ -2.5225045584541, 36.82492980782353 ], [ -2.522448493799581, 36.824929582666968 ], [ -2.522336308461805, 36.824938146656436 ], [ -2.522224179143975, 36.824937696158131 ], [ -2.522123262760059, 36.82493729061926 ], [ -2.522044772240632, 36.824936975140915 ], [ -2.521842939482001, 36.824936163673016 ], [ -2.521742023105715, 36.824935757810593 ], [ -2.521618624812089, 36.824944267006785 ], [ -2.521506495497083, 36.824943815831645 ], [ -2.521383209395879, 36.824934305036244 ], [ -2.521215183938193, 36.824906584759724 ], [ -2.521114323783896, 36.824897163984488 ], [ -2.521035945683134, 36.824878819079942 ], [ -2.520957455235901, 36.824878502884289 ], [ -2.520923872669344, 36.824869352975888 ], [ -2.520879020991321, 36.824869172256776 ], [ -2.520800530611953, 36.824868846943247 ], [ -2.520677244726467, 36.824859335417209 ], [ -2.520587653856874, 36.82484094501666 ], [ -2.520509275942908, 36.824822599766094 ], [ -2.520431066828323, 36.824777211325262 ], [ -2.520364014443413, 36.824740882443763 ], [ -2.520285760440558, 36.824704508332786 ], [ -2.520173912916035, 36.824658984006142 ], [ -2.520106748173827, 36.824640683739339 ], [ -2.520050796346065, 36.824622428695044 ], [ -2.519983687971695, 36.824595113979754 ], [ -2.519927792519261, 36.824567844498588 ], [ -2.519871840787792, 36.824549589370548 ], [ -2.519759712133653, 36.824549127537971 ], [ -2.519681222037823, 36.824548810502314 ], [ -2.519580418908275, 36.824530374051193 ], [ -2.519434877108206, 36.824493727495074 ], [ -2.519367712690658, 36.824475426812633 ], [ -2.519244653198871, 36.824429856291978 ], [ -2.519166332434971, 36.824402495781719 ], [ -2.51907674247108, 36.824384104247777 ], [ -2.518998252608084, 36.824383777748132 ], [ -2.518930862677387, 36.824401534333106 ], [ -2.518863529152831, 36.82441027650151 ], [ -2.518796195613373, 36.824419018631666 ], [ -2.518684010653151, 36.824427579178348 ], [ -2.518616733545114, 36.824427306828802 ], [ -2.518527087212186, 36.824417929259255 ], [ -2.518437440901883, 36.824408551622227 ], [ -2.518347907608875, 36.824381145162874 ], [ -2.518269587220328, 36.824353784064378 ], [ -2.518135315753364, 36.824308166972912 ], [ -2.51804572621119, 36.824289765650043 ], [ -2.517956080113036, 36.824280387651427 ], [ -2.517832682440894, 36.824288901938431 ], [ -2.517765292331745, 36.824306657861726 ], [ -2.517686802506569, 36.824306339511352 ], [ -2.517630738346484, 36.824306112086518 ], [ -2.517563348176826, 36.824323867894869 ], [ -2.517518383650284, 36.82434171466334 ], [ -2.517473305903272, 36.824377590167266 ], [ -2.517428228114176, 36.824413465653564 ], [ -2.517360611351623, 36.824467278850001 ], [ -2.517304433837036, 36.824485080022392 ], [ -2.517237043436657, 36.824502835643578 ], [ -2.51716965300552, 36.824520591226296 ], [ -2.517079780167362, 36.824547270068578 ], [ -2.517045914967209, 36.824583190946186 ], [ -2.517000780259566, 36.824628071627821 ], [ -2.516955588781209, 36.824681975681152 ], [ -2.516932823026208, 36.824735970826232 ], [ -2.516910057238836, 36.824789965966225 ], [ -2.516875795155077, 36.824888987416188 ], [ -2.516875398457254, 36.824952088039019 ], [ -2.516863845496732, 36.8250061287265 ], [ -2.516841079578871, 36.825060123849894 ], [ -2.516796001093363, 36.825095999087338 ], [ -2.516750979251935, 36.825122859932961 ], [ -2.516683418083858, 36.825167658355795 ], [ -2.51660458717113, 36.825221425528426 ], [ -2.516548352221994, 36.82524824070984 ], [ -2.516480847544216, 36.825284024641327 ], [ -2.516413399529962, 36.825310794160352 ], [ -2.516323582245168, 36.825328458045504 ], [ -2.516245034647151, 36.825337153109146 ], [ -2.516110410913092, 36.825345619927987 ], [ -2.516020707065029, 36.825345254837565 ], [ -2.515930946435777, 36.825353904052243 ], [ -2.515807490040464, 36.825371430594416 ], [ -2.515717672607336, 36.825389085005774 ], [ -2.515627911895306, 36.825397733991018 ], [ -2.515526995005115, 36.825397322849525 ], [ -2.515448447252427, 36.825406017385667 ], [ -2.515358743342647, 36.825405651795357 ], [ -2.515257883307947, 36.825396226053549 ], [ -2.515190605385931, 36.825395951759397 ], [ -2.515134597327923, 36.825386708780186 ], [ -2.515045120991923, 36.825350285466975 ], [ -2.515022979478353, 36.825305122141778 ], [ -2.514978355162699, 36.825268881708595 ], [ -2.514933673989579, 36.825241655630371 ], [ -2.51476610570024, 36.825141802266955 ], [ -2.514676629825884, 36.825105378678302 ], [ -2.51457588415753, 36.825077923618167 ], [ -2.514519876408094, 36.825068680351151 ], [ -2.514463868672419, 36.825059437057845 ], [ -2.514407860950502, 36.825050193738228 ], [ -2.514351853242346, 36.825040950392321 ], [ -2.514195043129856, 36.82501326600967 ], [ -2.514094240761062, 36.824994824914072 ], [ -2.513993438441565, 36.824976383733315 ], [ -2.513903906112002, 36.824948973936976 ], [ -2.513803103900028, 36.824930532595495 ], [ -2.51374709641193, 36.824921279951319 ], [ -2.513635024311749, 36.824911806983238 ], [ -2.513545321002971, 36.824911440029055 ], [ -2.513455674768061, 36.824902058637072 ], [ -2.513366028555792, 36.824892677177637 ], [ -2.51311940164348, 36.824882652963474 ], [ -2.512951208017555, 36.824881964139998 ], [ -2.512861504752732, 36.824881596670203 ], [ -2.512760531428018, 36.82489019755505 ], [ -2.512603493588284, 36.824898559541303 ], [ -2.512547371859602, 36.82490734408551 ], [ -2.512435185556589, 36.824915898725394 ], [ -2.512379120995435, 36.824915668821212 ], [ -2.512222083010623, 36.824924039317366 ], [ -2.512154748307445, 36.824932777676928 ], [ -2.51206504499395, 36.824932409605864 ], [ -2.511919162607924, 36.824949840082112 ], [ -2.511829344751447, 36.824967500568938 ], [ -2.511739526854414, 36.824985160987559 ], [ -2.511615955626737, 36.825020702896822 ], [ -2.511526137620176, 36.825038363153283 ], [ -2.511447475196025, 36.825065083780743 ], [ -2.51139112396045, 36.825109925245577 ], [ -2.511334829980638, 36.825145752315954 ], [ -2.511289691570701, 36.825190639812902 ], [ -2.51124466777245, 36.825217498558601 ], [ -2.511188488323547, 36.825235296824715 ], [ -2.511121210583131, 36.825235020229123 ], [ -2.511053875488976, 36.825243757961871 ], [ -2.510941745912035, 36.825243296821029 ], [ -2.510852042252319, 36.825242927832221 ], [ -2.510773608938944, 36.825233590545459 ], [ -2.510650381229864, 36.825215054262323 ], [ -2.51046004821187, 36.825169188770836 ], [ -2.510370459514449, 36.825150790688042 ], [ -2.510303239298758, 36.825141499264596 ], [ -2.510157700897764, 36.825104841380558 ], [ -2.510012162637459, 36.825068183319168 ], [ -2.509922574168601, 36.825049784900258 ], [ -2.509832985743363, 36.825031386414089 ], [ -2.509743339853825, 36.825022002225687 ], [ -2.509665021942876, 36.824994635480074 ], [ -2.50957543370319, 36.824976227786266 ], [ -2.509452436876891, 36.824921632806884 ], [ -2.509351750919236, 36.824885158970318 ], [ -2.509251065057937, 36.824848685048977 ], [ -2.509161592184667, 36.824812257330166 ], [ -2.509072061810632, 36.824784843908866 ], [ -2.50897143381358, 36.824739355387663 ], [ -2.508837224928193, 36.824684713470603 ], [ -2.508736482009996, 36.824657244465911 ], [ -2.508646951971239, 36.824629830726259 ], [ -2.508423155987606, 36.824556788901774 ], [ -2.50833362617995, 36.824529374927423 ], [ -2.508232883591974, 36.824501914512531 ], [ -2.508176877058656, 36.824492668265535 ], [ -2.508120928236208, 36.824474407628657 ], [ -2.508020128089274, 36.824455961397902 ], [ -2.507885747211611, 36.824428361503308 ], [ -2.507796160014366, 36.824409961489529 ], [ -2.507706515172958, 36.824400566757319 ], [ -2.507605657468838, 36.824391134539532 ], [ -2.507527167676102, 36.824390809482267 ], [ -2.507448677884625, 36.824390484373218 ], [ -2.507325336786276, 36.824389973382893 ], [ -2.507224421344485, 36.824389555204725 ], [ -2.507123505904776, 36.82438913694093 ], [ -2.50702259046715, 36.824388718591486 ], [ -2.506910462205564, 36.824388253658327 ], [ -2.506809604680904, 36.824378811751757 ], [ -2.506675050788972, 36.824378253578402 ], [ -2.506596561020389, 36.824377927906959 ], [ -2.506517955483222, 36.824395630906871 ], [ -2.506427963394827, 36.824440330395085 ], [ -2.506304274774589, 36.82449390451238 ], [ -2.506236881896258, 36.824511653880108 ], [ -2.506169431061071, 36.824538417570238 ], [ -2.506102096047379, 36.824547152500131 ], [ -2.506012277376237, 36.824564808587553 ], [ -2.505944942322548, 36.824573543428109 ], [ -2.505877607253979, 36.824582278230409 ], [ -2.505787904434063, 36.824581905426903 ], [ -2.505720569399311, 36.824590631125695 ], [ -2.505653292278502, 36.82459035144052 ], [ -2.5055971700185, 36.82459913270047 ], [ -2.505541105745938, 36.8245988995739 ], [ -2.505473828619714, 36.824598619787125 ], [ -2.505395280623225, 36.824607307680829 ], [ -2.505339158322739, 36.824616088818658 ], [ -2.505271823151934, 36.824624823277041 ], [ -2.505182004206275, 36.824642478734951 ], [ -2.505137094718245, 36.824651306438319 ], [ -2.505069759494889, 36.824660040781815 ], [ -2.504935205145905, 36.824659480636043 ], [ -2.504867927972808, 36.824659200506069 ], [ -2.504778225076792, 36.824658826940208 ], [ -2.504710947905864, 36.824658546721416 ], [ -2.504654825551525, 36.82466731852093 ], [ -2.504565064534332, 36.824675959152735 ], [ -2.504497612982965, 36.824702721888322 ], [ -2.504385368034481, 36.824720283287128 ], [ -2.504272890439739, 36.824773902011366 ], [ -2.504216709739532, 36.824791696975133 ], [ -2.504138045082968, 36.824818412750936 ], [ -2.504070709605954, 36.824827146526481 ], [ -2.50398100652473, 36.82482677235776 ], [ -2.503902574522645, 36.824817430547277 ], [ -2.503835471823191, 36.824790106760148 ], [ -2.50376842738001, 36.824753768578127 ], [ -2.503678957263284, 36.824717336753295 ], [ -2.503611854790017, 36.824690003826404 ], [ -2.503522326585896, 36.824662586241558 ], [ -2.503455107669244, 36.824653290955169 ], [ -2.503399101626666, 36.824644042461415 ], [ -2.503331824482738, 36.824643761462433 ], [ -2.503253334482667, 36.824643433582153 ], [ -2.50319727019768, 36.824643199350248 ], [ -2.503051561351806, 36.82463357586709 ], [ -2.502984342520515, 36.824624280315149 ], [ -2.502917123705912, 36.824614984725294 ], [ -2.502849846592344, 36.824614703453797 ], [ -2.502771414952555, 36.824605360899476 ], [ -2.502692924998382, 36.824605032649572 ], [ -2.502580679858511, 36.824622583328633 ], [ -2.502513286031382, 36.824640330578191 ], [ -2.502457105031357, 36.824658124708641 ], [ -2.502412078498784, 36.824684980091455 ], [ -2.502355897443116, 36.824702774173531 ], [ -2.502299541220311, 36.824747611294683 ], [ -2.502254456194721, 36.824783480971774 ], [ -2.502220584008012, 36.824819397573087 ], [ -2.502175557298673, 36.824846252864283 ], [ -2.502107987974193, 36.824891042945808 ], [ -2.502062902775108, 36.824926912548108 ], [ -2.502017875947926, 36.824953767778204 ], [ -2.501961566551747, 36.824989590333004 ], [ -2.50191648122661, 36.825025459878233 ], [ -2.50187145429076, 36.825052315051622 ], [ -2.501803767729644, 36.825115133664198 ], [ -2.501769895185794, 36.825151050132433 ], [ -2.501713538292512, 36.825195886967435 ], [ -2.501679724124979, 36.825222789055225 ], [ -2.501634638531444, 36.825258658490164 ], [ -2.50157833994661, 36.825294480905619 ], [ -2.501533312735354, 36.82532133594767 ], [ -2.501477072535845, 36.825348143960838 ], [ -2.501420890782187, 36.825365937593872 ], [ -2.501330953126364, 36.825401618833368 ], [ -2.501274712856793, 36.825428417735132 ], [ -2.50122968546174, 36.825455272660214 ], [ -2.501150843557248, 36.825509029501632 ], [ -2.501094603088286, 36.825535837331024 ], [ -2.5010270910614, 36.825571612431531 ], [ -2.50097085050389, 36.825598420201437 ], [ -2.500914844086388, 36.825589170536055 ], [ -2.500858837682664, 36.825579920844397 ], [ -2.500791501186253, 36.825588652753943 ], [ -2.500735201969468, 36.825624474763416 ], [ -2.500701211562573, 36.825678419622086 ], [ -2.500656125246806, 36.825714288677801 ], [ -2.500588905777207, 36.825704991768404 ], [ -2.500521627733234, 36.82570470917247 ], [ -2.500476541318867, 36.825740578159191 ], [ -2.500420183241722, 36.825785414367793 ], [ -2.50037509673266, 36.825821283314845 ], [ -2.500318797152357, 36.825857105123013 ], [ -2.500273651933389, 36.825901988381261 ], [ -2.500228565287545, 36.825937857271015 ], [ -2.500172441451486, 36.82594663595642 ], [ -2.500116434939804, 36.825937376899965 ], [ -2.500060135154662, 36.825973198583398 ], [ -2.499992563612596, 36.826017987437574 ], [ -2.499936263710895, 36.826053809061001 ], [ -2.499857361622722, 36.826116579377754 ], [ -2.499801002909398, 36.826161415285242 ], [ -2.499744644130313, 36.826206251165182 ], [ -2.499710770143968, 36.826242167029378 ], [ -2.499654528641001, 36.826268974166474 ], [ -2.499598110996927, 36.826322824324109 ], [ -2.499553023789526, 36.826358692950919 ], [ -2.499507877828564, 36.82640357590904 ], [ -2.499462673097867, 36.826457473198047 ], [ -2.499417644470361, 36.826484327422968 ], [ -2.499350189565606, 36.826511087204906 ], [ -2.499282793352375, 36.826528832599692 ], [ -2.499204183980574, 36.826546530728869 ], [ -2.499148059587755, 36.826555308925592 ], [ -2.499058237027357, 36.826572959724267 ], [ -2.498979745107957, 36.826572629008282 ], [ -2.498923679510807, 36.826572383736497 ], [ -2.498867672642475, 36.826563133104841 ], [ -2.498777967605925, 36.826562754995805 ], [ -2.498699475700316, 36.826562424094888 ], [ -2.498643351240994, 36.82657120205284 ], [ -2.49857607245867, 36.826570918350427 ], [ -2.498508676019158, 36.826588663304491 ], [ -2.498430066413674, 36.826606360919882 ], [ -2.498351339077267, 36.8266420871769 ], [ -2.498295037958893, 36.826677908010218 ], [ -2.498249949938724, 36.826713776134596 ], [ -2.498204920741529, 36.826740629894751 ], [ -2.498126075415119, 36.826794384692931 ], [ -2.498081046127616, 36.826821238405117 ], [ -2.498013708244522, 36.826829968729115 ], [ -2.497957819150651, 36.826802679961972 ], [ -2.497879327009841, 36.826802348517816 ], [ -2.497811812387749, 36.826838121765356 ], [ -2.497744297703047, 36.826873894973865 ], [ -2.497631812377871, 36.826927507337651 ], [ -2.497575451778007, 36.826972342169803 ], [ -2.497519150058457, 36.827008162629156 ], [ -2.497462848286533, 36.82704398306123 ], [ -2.497372847891299, 36.827088675612963 ], [ -2.497316487022456, 36.827133510319101 ], [ -2.49724891287118, 36.82717829758549 ], [ -2.497192669833989, 36.827205103542205 ], [ -2.497147639982056, 36.827231956894749 ], [ -2.497080124644377, 36.827267729718805 ], [ -2.497012609244089, 36.827303502503817 ], [ -2.496922667301998, 36.827339180364582 ], [ -2.496855151766283, 36.827374953058722 ], [ -2.496720238588447, 36.827428469642939 ], [ -2.496675090349591, 36.827473351500103 ], [ -2.496618787904532, 36.827509162509799 ], [ -2.496562485348051, 36.827544982506545 ], [ -2.496506241805303, 36.827571788133049 ], [ -2.496461152428689, 36.827607655563405 ], [ -2.496404967883127, 36.827625446798322 ], [ -2.496315320728963, 36.827616052479364 ], [ -2.49624798195939, 36.827624781795372 ], [ -2.496169193470554, 36.827669520928239 ], [ -2.496135258061958, 36.827714450089687 ], [ -2.496101204385428, 36.827777407925083 ], [ -2.49607848219753, 36.827822384589979 ], [ -2.49603339247472, 36.827858251853996 ], [ -2.495977207648568, 36.827876042883865 ], [ -2.495909868614637, 36.827884772005987 ], [ -2.495831257101283, 36.827902467884741 ], [ -2.495763847661314, 36.827920211217752 ], [ -2.495707662728775, 36.82793800211924 ], [ -2.49565135943604, 36.827973821676352 ], [ -2.495606269426059, 36.828009688775282 ], [ -2.495561061077152, 36.828063575524133 ], [ -2.495515852605409, 36.828117471269167 ], [ -2.495493189159488, 36.828153433475585 ], [ -2.495447980586831, 36.828207329193226 ], [ -2.495402949541471, 36.828234181871395 ], [ -2.495357918464727, 36.828261034532169 ], [ -2.495290460606183, 36.828287791980344 ], [ -2.495223061919214, 36.82830553504968 ], [ -2.495155663201519, 36.828323278080532 ], [ -2.495099477835711, 36.828341068690122 ], [ -2.495043292444149, 36.828358859272903 ], [ -2.494986988534704, 36.828394678508189 ], [ -2.49491947117751, 36.828430450082926 ], [ -2.49486316715818, 36.828466269258307 ], [ -2.494806922353912, 36.828493074067183 ], [ -2.494750736784672, 36.828510864509894 ], [ -2.494683337780392, 36.828528607270179 ], [ -2.494593571214511, 36.828537240325929 ], [ -2.49453744486381, 36.828546016328303 ], [ -2.494470164394917, 36.828545730289633 ], [ -2.494402883986287, 36.828545435198535 ], [ -2.494335662842117, 36.828536134745228 ], [ -2.494279655122965, 36.828526881948775 ], [ -2.494223647417599, 36.828517629126033 ], [ -2.494167580383552, 36.828517390615289 ], [ -2.494111572699211, 36.828508137739881 ], [ -2.494033197579212, 36.828489775067261 ], [ -2.493966095262925, 36.828462445729379 ], [ -2.4939214197833, 36.828435211811772 ], [ -2.493865530945168, 36.828407930144898 ], [ -2.493809642146921, 36.828380648451926 ], [ -2.493753693997868, 36.828362381070832 ], [ -2.49369780527289, 36.828335099325635 ], [ -2.493641857184086, 36.828316831892231 ], [ -2.493597122495958, 36.828298612191531 ], [ -2.493541293288975, 36.828262316035406 ], [ -2.493530377003818, 36.828217196582109 ], [ -2.493508306795039, 36.828163015023584 ], [ -2.4934636911362, 36.828126757582929 ], [ -2.493396529909731, 36.828108442263783 ], [ -2.493318155372751, 36.828090079122994 ], [ -2.493250756417497, 36.828107821072727 ], [ -2.493205843581742, 36.828116644238662 ], [ -2.493149657927012, 36.828134433925186 ], [ -2.493093650649514, 36.828125180572748 ], [ -2.493026608465962, 36.828088836370547 ], [ -2.492970720201001, 36.828061554285824 ], [ -2.49292610479708, 36.828025305659565 ], [ -2.492859003285618, 36.827997975700811 ], [ -2.492780748001655, 36.82796158353279 ], [ -2.492724859917381, 36.827934301333286 ], [ -2.492657699039634, 36.827915985598842 ], [ -2.492590419141949, 36.827915698500703 ], [ -2.492500772209434, 36.827906292292738 ], [ -2.492366331540178, 36.827887689207472 ], [ -2.492299111230617, 36.827878387608003 ], [ -2.492254496251846, 36.827842138731839 ], [ -2.492221094614695, 36.827805937727135 ], [ -2.492176479714738, 36.827769688821846 ], [ -2.492097986656163, 36.827769353553784 ], [ -2.492041801006032, 36.82778714271781 ], [ -2.491996709437899, 36.827823008436965 ], [ -2.491940523725507, 36.827840797552483 ], [ -2.491884337987364, 36.827858586641199 ], [ -2.491828092607918, 36.827885390039121 ], [ -2.491771906811645, 36.827903179074127 ], [ -2.491681902144959, 36.827947867278667 ], [ -2.491625716269803, 36.827965656243791 ], [ -2.491558257397159, 36.827992411567848 ], [ -2.491299873552546, 36.828063414097635 ], [ -2.49123247416828, 36.828081154899969 ], [ -2.491187441743066, 36.828108005971458 ], [ -2.491142289893324, 36.828152885694806 ], [ -2.49110841104617, 36.82818879905922 ], [ -2.491074472462546, 36.828233726747918 ], [ -2.491029320472579, 36.828278606426352 ], [ -2.490972955056859, 36.828323438081576 ], [ -2.490916529851813, 36.828377284043214 ], [ -2.490882591072081, 36.828422211674244 ], [ -2.490848652252462, 36.828467139294936 ], [ -2.490803440255696, 36.828521033217392 ], [ -2.490769501345729, 36.828565960814053 ], [ -2.490735562395875, 36.828610888400384 ], [ -2.490712896575123, 36.828646849674392 ], [ -2.490690170982212, 36.828691825276891 ], [ -2.490689812476889, 36.828745911275732 ], [ -2.490711880854539, 36.828800093338188 ], [ -2.490734009008918, 36.828845261063293 ], [ -2.490756196932534, 36.828881414451153 ], [ -2.490711044372997, 36.828926293999487 ], [ -2.490654917315837, 36.828935068162941 ], [ -2.490609884187375, 36.828961919006431 ], [ -2.490542424089043, 36.828988673740227 ], [ -2.490463750471084, 36.829015380381172 ], [ -2.490418657445844, 36.829051245483264 ], [ -2.490373504589689, 36.829096124899849 ], [ -2.49031719798515, 36.829131941898495 ], [ -2.490272104823107, 36.829167806943268 ], [ -2.490227011618969, 36.829203671970404 ], [ -2.490114637401856, 36.829239239457692 ], [ -2.490046997407195, 36.829293036900225 ], [ -2.490013057711109, 36.829337964269115 ], [ -2.489979117975133, 36.829382891627695 ], [ -2.489945178199269, 36.829427818975937 ], [ -2.489911178539618, 36.829481760644732 ], [ -2.489877178831893, 36.829535702302948 ], [ -2.489831905666955, 36.829598610166869 ], [ -2.489786692286374, 36.829652503681857 ], [ -2.489752692414692, 36.829706445301674 ], [ -2.489718752362021, 36.829751372580731 ], [ -2.48969590611533, 36.829814376638062 ], [ -2.489661965981218, 36.829859303899454 ], [ -2.489627906051065, 36.829922259810189 ], [ -2.489605119558511, 36.829976249517614 ], [ -2.489593546653091, 36.830030287358291 ], [ -2.489570819988674, 36.830075262728201 ], [ -2.489536759886306, 36.830138218609243 ], [ -2.489491665767304, 36.830174083344602 ], [ -2.489435537664518, 36.830182856922519 ], [ -2.489390563285433, 36.830200692960574 ], [ -2.489256059480647, 36.830191100669495 ], [ -2.489199871410896, 36.830208888464647 ], [ -2.489143683315393, 36.830226676232982 ], [ -2.489076221600678, 36.83025343011672 ], [ -2.489008759839326, 36.830280183961719 ], [ -2.488941298031335, 36.830306937767944 ], [ -2.488884989873149, 36.830342754069086 ], [ -2.488828621689709, 36.830387584670916 ], [ -2.488738492443005, 36.830450299248767 ], [ -2.488693337781092, 36.830495178002863 ], [ -2.488648243120689, 36.830531033397236 ], [ -2.488603088358456, 36.830575912115663 ], [ -2.488535386119916, 36.830638722996191 ], [ -2.488479017515254, 36.830683553426809 ], [ -2.488411435125424, 36.830728335580289 ], [ -2.488343912687545, 36.830764103367692 ], [ -2.488265116417582, 36.830808837179141 ], [ -2.48821996126808, 36.830853715747004 ], [ -2.488163641160182, 36.830889531649277 ], [ -2.488107332213643, 36.830925347572531 ], [ -2.488051023214723, 36.830961163468487 ], [ -2.487983560478933, 36.830987916721064 ], [ -2.487916217859079, 36.830996641283321 ], [ -2.487837721556045, 36.830996303177663 ], [ -2.487770378913253, 36.831005027657142 ], [ -2.487691822495831, 36.83101370378057 ], [ -2.487601932063988, 36.831040360176274 ], [ -2.487534529231175, 36.831058098846789 ], [ -2.487467066293644, 36.83108484278948 ], [ -2.487309712603817, 36.831138251880382 ], [ -2.48725352339912, 36.831156038744076 ], [ -2.487186180553711, 36.831164762890815 ], [ -2.487130051475547, 36.831173535371271 ], [ -2.486984212119411, 36.83118192077724 ], [ -2.48692814320437, 36.831181678837957 ], [ -2.486838432941695, 36.831181291680096 ], [ -2.486771150245815, 36.831181001267282 ], [ -2.486715081333317, 36.831180759227529 ], [ -2.486636584856945, 36.831180420327442 ], [ -2.486580515946054, 36.831180178224237 ], [ -2.48652450728077, 36.83117092177104 ], [ -2.486457224657535, 36.83117062216634 ], [ -2.48638994197502, 36.831170331537891 ], [ -2.486345147119837, 36.831161123441134 ], [ -2.486109476887677, 36.831187148822089 ], [ -2.485729234053574, 36.831032256825615 ], [ -2.485047007396565, 36.830758857479665 ], [ -2.485002333792869, 36.830731620235333 ], [ -2.484991180502867, 36.830722557341119 ], [ -2.484968753077877, 36.83072246019367 ], [ -2.484946386082078, 36.830713348719996 ], [ -2.484923898228218, 36.830722265886088 ], [ -2.484901470803551, 36.830722168725949 ], [ -2.484890196655568, 36.830731134466198 ], [ -2.484878982941986, 36.830731085883478 ], [ -2.484867708790084, 36.830740051621554 ], [ -2.48486764835171, 36.830749065943401 ], [ -2.484867527474882, 36.830767094587067 ], [ -2.484867346159438, 36.830794137552438 ], [ -2.484878378570464, 36.830821229101637 ], [ -2.485057375287162, 36.830885106554604 ], [ -2.485080104828581, 36.830840132075849 ], [ -2.486355095335644, 36.831350472672838 ], [ -2.486947861970056, 36.831587420188889 ], [ -2.486811007792197, 36.831929383719938 ], [ -2.487011894818104, 36.832074483959147 ], [ -2.486875341063093, 36.832371375920516 ], [ -2.486796783152698, 36.832380051439017 ], [ -2.486740833809281, 36.832361780760571 ], [ -2.486684764035343, 36.832361538699899 ], [ -2.486628634026757, 36.832370310934678 ], [ -2.486537054746017, 36.832649367507685 ], [ -2.486626465537519, 36.832694826513155 ], [ -2.486502267989865, 36.832820494317502 ], [ -2.486535669065162, 36.832856696894375 ], [ -2.486647628631272, 36.832884224098855 ], [ -2.486658360798097, 36.832956387085829 ], [ -2.486489235168651, 36.833090875459654 ], [ -2.486433164864822, 36.833090633276257 ], [ -2.48641061621848, 36.833108565036397 ], [ -2.486399221363573, 36.833135559555622 ], [ -2.486410013591883, 36.833198708240133 ], [ -2.486161977492099, 36.833395957304077 ], [ -2.486060568115871, 36.833467635629695 ], [ -2.48609390895869, 36.83351285264667 ], [ -2.486015048248055, 36.833566599233578 ], [ -2.485643352440691, 36.833808385439944 ], [ -2.485406587039441, 36.833996658059483 ], [ -2.485147562005978, 36.834157799085673 ], [ -2.48505742532766, 36.834220510775822 ], [ -2.484967953279745, 36.834184064912229 ], [ -2.484823135668357, 36.834039204232432 ], [ -2.48437299473783, 36.834271631911719 ], [ -2.483961349355371, 36.833783049687604 ], [ -2.484186358807912, 36.833675851144683 ], [ -2.484097311557909, 36.83357630441553 ], [ -2.483298551005342, 36.833951439045379 ], [ -2.483843503382048, 36.834629908476686 ], [ -2.483539687561541, 36.834781836924947 ], [ -2.481953049737714, 36.835577222331629 ], [ -2.481818780784122, 36.835531564328242 ], [ -2.480888228727277, 36.835491428604854 ], [ -2.480343368727389, 36.834803940635879 ], [ -2.481041091222354, 36.834446405152512 ], [ -2.481817610596446, 36.834044145110838 ], [ -2.482740402391737, 36.833570399776875 ], [ -2.483100467416407, 36.833391674152779 ], [ -2.483584309742157, 36.83315038305971 ], [ -2.484079484083789, 36.832891119005268 ], [ -2.484834280654826, 36.832380560794547 ], [ -2.484901866570348, 36.832335780714246 ], [ -2.48493538754606, 36.832353955097226 ], [ -2.485002731675795, 36.832345232237159 ], [ -2.485036494368186, 36.832327349313267 ], [ -2.485036675634188, 36.832300306354149 ], [ -2.484992061571556, 36.832264054786336 ], [ -2.48496987541536, 36.832227900356742 ], [ -2.484936535786491, 36.832182683024236 ], [ -2.48492544273045, 36.832164605804735 ], [ -2.484936777520083, 36.832146625745089 ], [ -2.484970600569095, 36.832119728518876 ], [ -2.484981935341464, 36.832101748454654 ], [ -2.485004423594426, 36.832092831282715 ], [ -2.485082860566778, 36.832102185587608 ], [ -2.485116623133299, 36.832084302639259 ], [ -2.485128199509067, 36.832030265279755 ], [ -2.485106315420125, 36.831949039272558 ], [ -2.485039455015938, 36.831885647632227 ], [ -2.484994659912675, 36.831876439025777 ], [ -2.484972171722244, 36.831885356196665 ], [ -2.484859730692367, 36.831929941986488 ], [ -2.484161201349482, 36.83241370080458 ], [ -2.483733072042721, 36.832709314695343 ], [ -2.483024152495218, 36.833066817492629 ], [ -2.482765379661462, 36.833191896127254 ], [ -2.482405132672851, 36.833397654672474 ], [ -2.482393918574465, 36.833397605852348 ], [ -2.482022698558446, 36.833567266154596 ], [ -2.481471381352475, 36.833835291310017 ], [ -2.480874826763311, 36.834157212847963 ], [ -2.480345990763523, 36.834416325326046 ], [ -2.479659601829789, 36.834755868158432 ], [ -2.479592132880909, 36.834782616583574 ], [ -2.478990412618516, 36.834212053968827 ], [ -2.477829537945635, 36.833413669428182 ], [ -2.476690735822664, 36.832669449132801 ], [ -2.475997570635905, 36.832359900551026 ], [ -2.474345864756681, 36.831189711002487 ], [ -2.473319327795039, 36.830436940067912 ], [ -2.472582877790103, 36.829901815337806 ], [ -2.471957953529462, 36.829457318173702 ], [ -2.470674238213911, 36.82860422152725 ], [ -2.468755322455748, 36.827180355969105 ], [ -2.468542771061529, 36.827107289451853 ], [ -2.467524810211093, 36.826751157359503 ], [ -2.467446505919952, 36.826723762917837 ], [ -2.467401778486988, 36.826705533413083 ], [ -2.467379414778523, 36.826696418654443 ], [ -2.467368201685162, 36.826696368424926 ], [ -2.467032621739906, 36.826577666103049 ], [ -2.467021408664507, 36.826577615840975 ], [ -2.46699904503909, 36.826568501011252 ], [ -2.466965530875575, 36.826550321607641 ], [ -2.466943104733029, 36.826550221069844 ], [ -2.46457133599169, 36.82576429229541 ], [ -2.464369879847061, 36.825709297456676 ], [ -2.464324965234943, 36.825718109701441 ], [ -2.464279799243242, 36.825762979127809 ], [ -2.464245971912474, 36.825789861446857 ], [ -2.464234696109343, 36.825798825222442 ], [ -2.464178254199705, 36.825852658383113 ], [ -2.464122189378059, 36.825852405720553 ], [ -2.464053779946316, 36.826014359873298 ], [ -2.464434393234303, 36.826106229691703 ], [ -2.464491023609355, 36.826025353513216 ], [ -2.468328598441167, 36.827268594447297 ], [ -2.469332804273705, 36.827994256128221 ], [ -2.471385816824557, 36.82949082518175 ], [ -2.472278377873537, 36.830152863441121 ], [ -2.472311894873413, 36.830171041358703 ], [ -2.47181539765044, 36.830619565732043 ], [ -2.471737211826269, 36.830574145483844 ], [ -2.471635792899245, 36.83064581146288 ], [ -2.472137931136436, 36.831008624976491 ], [ -2.472595404557594, 36.831344203527784 ], [ -2.472974818074954, 36.831616323269756 ], [ -2.47324259004163, 36.831815839628256 ], [ -2.474146520162835, 36.832459884971726 ], [ -2.474570554041644, 36.83276825525548 ], [ -2.475106177350757, 36.833158256919248 ], [ -2.475339948686046, 36.833411696870087 ], [ -2.476790708839946, 36.834454784215858 ], [ -2.47696014996851, 36.83427523825091 ], [ -2.479058936857866, 36.835681738977122 ], [ -2.478763252461042, 36.836284419435302 ], [ -2.478875091826748, 36.836329982570213 ], [ -2.478817979495084, 36.836482979956145 ], [ -2.478717170959917, 36.836464508851769 ], [ -2.478523831183503, 36.836860302160872 ], [ -2.477627705696284, 36.836703111454312 ], [ -2.477582418261959, 36.836766014466448 ], [ -2.477369831869194, 36.836692963571728 ], [ -2.476900293264228, 36.836474539859601 ], [ -2.476923090638906, 36.83642055273112 ], [ -2.477572184602109, 36.836621736349464 ], [ -2.47781050921707, 36.836208113032164 ], [ -2.4776427320144, 36.836144273997448 ], [ -2.477495092954222, 36.83641406241145 ], [ -2.477226435083388, 36.836340755806603 ], [ -2.477385718714715, 36.836007916904045 ], [ -2.477095001557982, 36.835880434611376 ], [ -2.476857215445789, 36.836212927727196 ], [ -2.476600153065798, 36.836085592311989 ], [ -2.476724924677872, 36.835878806368108 ], [ -2.476602118561397, 36.835797125629448 ], [ -2.476421212973515, 36.836012678826009 ], [ -2.476298222543994, 36.835958049695719 ], [ -2.476445607929175, 36.83572431993327 ], [ -2.47628915905108, 36.835642499730362 ], [ -2.475916192873137, 36.836064541147955 ], [ -2.47601508280535, 36.836362457896421 ], [ -2.475519058944744, 36.836738882728504 ], [ -2.475374069838464, 36.83662105360154 ], [ -2.475227603199192, 36.836719567478127 ], [ -2.475383868415364, 36.836828431968712 ], [ -2.475124577834162, 36.837025608084105 ], [ -2.474956974824831, 36.836934713312694 ], [ -2.47500263415473, 36.836817725529485 ], [ -2.469294981766991, 36.83508857677591 ], [ -2.469397716289862, 36.834827612753607 ], [ -2.468882918816396, 36.834672057432819 ], [ -2.468362820760255, 36.835282723708787 ], [ -2.465123664471571, 36.833402143244115 ], [ -2.465080189047914, 36.83320362707174 ], [ -2.4650691633094, 36.833176533749288 ], [ -2.465058325882319, 36.83312239755702 ], [ -2.465363562374774, 36.832772202194775 ], [ -2.466075743767603, 36.831955085365024 ], [ -2.466267944943282, 36.831730583966021 ], [ -2.466369683318477, 36.831613851161642 ], [ -2.466607050793209, 36.83134447902583 ], [ -2.466867094264335, 36.831039149775926 ], [ -2.467081968307109, 36.830778690367538 ], [ -2.467183704175636, 36.830661956827896 ], [ -2.467262824851542, 36.830572174614176 ], [ -2.467262887354957, 36.830563160317453 ], [ -2.467274163514489, 36.830554196264643 ], [ -2.467274226016534, 36.830545181967885 ], [ -2.467285502172092, 36.830536217913924 ], [ -2.467285564672766, 36.830527203617123 ], [ -2.467296903323652, 36.830509225265196 ], [ -2.467319966801807, 36.830419182826105 ], [ -2.467264586212811, 36.83031976533676 ], [ -2.467197617034124, 36.830274392368416 ], [ -2.467074517368082, 36.830237782363646 ], [ -2.466984734743146, 36.830246394481527 ], [ -2.466939755219329, 36.830264221985189 ], [ -2.466861510126569, 36.830227812850666 ], [ -2.466805629756864, 36.830200518538035 ], [ -2.46668177955157, 36.830272079686182 ], [ -2.465471951577664, 36.831699955293374 ], [ -2.465189974600864, 36.831933066181719 ], [ -2.464954358126773, 36.831950035258195 ], [ -2.463899563969502, 36.832044435159681 ], [ -2.463854771406419, 36.832035218608169 ], [ -2.463798702076491, 36.832034965756904 ], [ -2.46375390953149, 36.832025749167514 ], [ -2.463709117060357, 36.83201652354704 ], [ -2.463675538398895, 36.832007357509056 ], [ -2.463630745885304, 36.83199814087348 ], [ -2.463597104304733, 36.831997989102639 ], [ -2.463597167241477, 36.831988974813477 ], [ -2.464207807625403, 36.831261556706224 ], [ -2.464062594752166, 36.831179771063383 ], [ -2.463373141922363, 36.831951905609486 ], [ -2.463283368125706, 36.831960514960898 ], [ -2.46321614798296, 36.831951196924727 ], [ -2.463160141708129, 36.831941929484209 ], [ -2.463014613665154, 36.831905214012053 ], [ -2.462958733472093, 36.831877917900258 ], [ -2.462925280993729, 36.831850723074623 ], [ -2.462902979354642, 36.831832593185659 ], [ -2.462880929807432, 36.831778406138973 ], [ -2.462836515678652, 36.83171510347502 ], [ -2.463154470799235, 36.831148621402839 ], [ -2.463143320051933, 36.831139556479911 ], [ -2.463120955574595, 36.831130440920717 ], [ -2.463109741841958, 36.831130390284436 ], [ -2.46265595982622, 36.831876540898243 ], [ -2.462655896779304, 36.831885555186197 ], [ -2.462633469095347, 36.831885453823062 ], [ -2.462275635630237, 36.831739602838084 ], [ -2.462673351999741, 36.830993191291917 ], [ -2.46265098762166, 36.830984075644892 ], [ -2.462253271084112, 36.831730487116019 ], [ -2.462018412112016, 36.831639278925692 ], [ -2.46242728106341, 36.830901933233939 ], [ -2.462404916741534, 36.830892817540942 ], [ -2.461984833822572, 36.83163011241259 ], [ -2.461638153475853, 36.831493315538061 ], [ -2.462080540007318, 36.830774160956118 ], [ -2.462058175827519, 36.830765036184033 ], [ -2.461615725910144, 36.831493213983883 ], [ -2.461224318164307, 36.831338193230089 ], [ -2.461792204846869, 36.830313103791184 ], [ -2.463393673787547, 36.830617841312794 ], [ -2.463404509708471, 36.830671977667244 ], [ -2.463606229840349, 36.830690917030886 ], [ -2.463662361113783, 36.83068215567382 ], [ -2.463718366535701, 36.830691422872782 ], [ -2.463740793875107, 36.830691524028481 ], [ -2.463752070460435, 36.830682560313363 ], [ -2.463785900200636, 36.830655669161395 ], [ -2.463797302595776, 36.830628676858836 ], [ -2.463819981546969, 36.830592720833138 ], [ -2.463820233176334, 36.83055666366657 ], [ -2.463809522794064, 36.830484498763226 ], [ -2.463775944787571, 36.830475332756571 ], [ -2.463686424450853, 36.830447885262124 ], [ -2.462981099719273, 36.830282430273527 ], [ -2.462230608213834, 36.830161848719158 ], [ -2.461973011337761, 36.830115601449648 ], [ -2.46191713281457, 36.830088304853632 ], [ -2.461883681479852, 36.830061109736043 ], [ -2.461861443739104, 36.830033965362901 ], [ -2.461816715740364, 36.830015733762373 ], [ -2.461727007200766, 36.830015327668882 ], [ -2.461670876206214, 36.830024088115394 ], [ -2.461637172338613, 36.830032950086213 ], [ -2.461558235150522, 36.830095694662958 ], [ -2.461524404887592, 36.830122585179275 ], [ -2.461512622711257, 36.830203662993291 ], [ -2.461512243647505, 36.830257748725785 ], [ -2.461511927760272, 36.830302820169159 ], [ -2.461511738227596, 36.830329863035026 ], [ -2.461511422339239, 36.830374934477852 ], [ -2.461511359161483, 36.830383948766368 ], [ -2.461124900519736, 36.831121392922768 ], [ -2.461091132879349, 36.831139269019516 ], [ -2.46103493775788, 36.831157043443561 ], [ -2.460990019586629, 36.831165854391543 ], [ -2.460945164651282, 36.831165651035988 ], [ -2.460889159235285, 36.83115638253134 ], [ -2.460855644551358, 36.831138201414994 ], [ -2.460777338241578, 36.83111080258427 ], [ -2.460498007948527, 36.830965293244006 ], [ -2.460419701944709, 36.830937894179414 ], [ -2.460363696760898, 36.830928625428754 ], [ -2.460285137551911, 36.83093728341975 ], [ -2.460160900136077, 36.831062923421001 ], [ -2.460138219339633, 36.831098878730863 ], [ -2.460092921028573, 36.831161775051228 ], [ -2.460058963083838, 36.831206693708054 ], [ -2.460036282196643, 36.831242648996863 ], [ -2.460002450896378, 36.831269539066511 ], [ -2.459923701202267, 36.831305239669497 ], [ -2.459688149080498, 36.831313175018835 ], [ -2.459598502461815, 36.83130375302288 ], [ -2.459508919280744, 36.831285316675327 ], [ -2.459419336143462, 36.831266880260564 ], [ -2.459307377788855, 36.831239327454647 ], [ -2.459195494180864, 36.831202760311022 ], [ -2.458859907493035, 36.831084043968751 ], [ -2.458748151335475, 36.831029447839811 ], [ -2.458625118181698, 36.830983805816622 ], [ -2.458535662671974, 36.830947340173154 ], [ -2.458356688360154, 36.830883422968803 ], [ -2.458278446778988, 36.830847008217404 ], [ -2.458211418949317, 36.830810644513846 ], [ -2.458144391183355, 36.830774280772808 ], [ -2.458099727234397, 36.830747033496976 ], [ -2.458077427062554, 36.830728902711392 ], [ -2.45806621339784, 36.830728851599915 ], [ -2.4579768856403, 36.830674356973354 ], [ -2.458734424046071, 36.829794379772856 ], [ -2.458767937638307, 36.829812561482399 ], [ -2.459921486970157, 36.828429571248932 ], [ -2.459910463720798, 36.828402477446701 ], [ -2.459888163790898, 36.828384346995655 ], [ -2.459865737139111, 36.828384245118713 ], [ -2.45985452381326, 36.828384194178653 ], [ -2.458904785380312, 36.829488659656064 ], [ -2.458429816152549, 36.830054415348926 ], [ -2.457909985306818, 36.830619964535565 ], [ -2.457854425922942, 36.830547594627092 ], [ -2.457798484961493, 36.830529310389515 ], [ -2.457116862473897, 36.830183637281593 ], [ -2.456982618018495, 36.830137951384131 ], [ -2.456781410967558, 36.830046886550598 ], [ -2.456714384614098, 36.830010512995415 ], [ -2.456680935172957, 36.829983316428979 ], [ -2.456647485755496, 36.829956119853193 ], [ -2.45663665469808, 36.829901982916098 ], [ -2.456648378216491, 36.829829919904945 ], [ -2.45731519731952, 36.829093779253121 ], [ -2.45732660174139, 36.829066787580686 ], [ -2.457326856403895, 36.829030730443428 ], [ -2.457338451804425, 36.828976695916218 ], [ -2.457361324249236, 36.828913698279564 ], [ -2.457372792287269, 36.828877692316894 ], [ -2.457384069339033, 36.82886872920691 ], [ -2.457361833538373, 36.828841584002546 ], [ -2.457339406762504, 36.828841481648006 ], [ -2.457294298535197, 36.828877334064494 ], [ -2.457249190265797, 36.828913186463303 ], [ -2.457215231679187, 36.828958104319426 ], [ -2.457181273052663, 36.829003022165175 ], [ -2.45670686798739, 36.829487633381532 ], [ -2.4565498792558, 36.829486915935554 ], [ -2.456001631356299, 36.829313131888235 ], [ -2.455555137236361, 36.829022612818868 ], [ -2.455231343162562, 36.828822809075362 ], [ -2.454862516787706, 36.828649832699988 ], [ -2.454493948005492, 36.828440807079517 ], [ -2.454225660597547, 36.828322386417533 ], [ -2.454114039861709, 36.828249757405878 ], [ -2.453980056824144, 36.828168011023088 ], [ -2.453846586709398, 36.828014141231321 ], [ -2.453522416699577, 36.827868418555219 ], [ -2.4531870459234, 36.827722643485323 ], [ -2.452829506861588, 36.827540698140602 ], [ -2.452505737378961, 36.827340887086052 ], [ -2.452170499390279, 36.827177080611641 ], [ -2.451902541568376, 36.827013574337258 ], [ -2.451780343741528, 36.826850748618391 ], [ -2.451736070240364, 36.82676941329526 ], [ -2.451804634851126, 36.826589437909441 ], [ -2.451917933852269, 36.826427697843272 ], [ -2.452064795890645, 36.82627512691252 ], [ -2.45224542473466, 36.826104691214844 ], [ -2.452290597898688, 36.826059826421854 ], [ -2.452302260607616, 36.825996778102933 ], [ -2.452212621224122, 36.825987341573857 ], [ -2.452145022121541, 36.826032103010192 ], [ -2.451998224995872, 36.826175659770726 ], [ -2.451817326939503, 36.826382161168006 ], [ -2.45164810245098, 36.826525614082499 ], [ -2.451580695547852, 36.826543332348805 ], [ -2.451267245353683, 36.826469769579333 ], [ -2.45099864791053, 36.826396404075211 ], [ -2.450741714952814, 36.826259998829791 ], [ -2.450507208868311, 36.826123696674465 ], [ -2.450250148724896, 36.826005318932218 ], [ -2.449959439400924, 36.825886775964769 ], [ -2.449691619854467, 36.825705245206706 ], [ -2.449423866160092, 36.825514699572551 ], [ -2.449189881596268, 36.825306280617639 ], [ -2.448910982417829, 36.82510665860265 ], [ -2.448631955273593, 36.824925073508062 ], [ -2.448408917402259, 36.824752762080671 ], [ -2.448276111536579, 36.824508743313416 ], [ -2.44816579657636, 36.824255823209334 ], [ -2.448077648706521, 36.824039064204243 ], [ -2.448101498237154, 36.823840854174243 ], [ -2.448090868227656, 36.823759673624856 ], [ -2.447957546972875, 36.82358777772702 ], [ -2.447879512074731, 36.823524313354781 ], [ -2.4477901999493, 36.823469811138303 ], [ -2.447700564042432, 36.823460380246949 ], [ -2.447386222836263, 36.823512998221219 ], [ -2.447105908051948, 36.823511695127088 ], [ -2.446825646957577, 36.823501377043115 ], [ -2.446579229660523, 36.823464172086332 ], [ -2.446310582353156, 36.823399810355923 ], [ -2.446075897987915, 36.823290542362187 ], [ -2.44584140929147, 36.823154231081055 ], [ -2.445640493955878, 36.823027090445592 ], [ -2.445427976505912, 36.822953982833425 ], [ -2.445360961752541, 36.822917602930843 ], [ -2.445338862037833, 36.822872426949353 ], [ -2.445316697288931, 36.822836265239239 ], [ -2.445026267965548, 36.822681662222898 ], [ -2.444825550572123, 36.822527477395653 ], [ -2.444624768844496, 36.822382306507571 ], [ -2.444435135179509, 36.822246192931942 ], [ -2.444268252789697, 36.822065121502845 ], [ -2.444313688869157, 36.82198420262781 ], [ -2.444494194300789, 36.821831798179282 ], [ -2.444674633818547, 36.821688416737501 ], [ -2.444719743609083, 36.821652569079284 ], [ -2.444753706170483, 36.821607654770794 ], [ -2.444787864048652, 36.82153569762167 ], [ -2.444720720512559, 36.821517354930258 ], [ -2.444495301914482, 36.821678555487324 ], [ -2.444280768753094, 36.821884888398415 ], [ -2.444213168728166, 36.821929645347645 ], [ -2.444145633819867, 36.821965387982281 ], [ -2.444078359661581, 36.821965073477784 ], [ -2.443832079148319, 36.821909834320763 ], [ -2.443620088588012, 36.821764609306264 ], [ -2.443441528710878, 36.821646584133582 ], [ -2.443274323547964, 36.821510573680669 ], [ -2.443096363857474, 36.82131141957543 ], [ -2.443041543682836, 36.821139885783325 ], [ -2.44315510286064, 36.820942096853315 ], [ -2.443335542805198, 36.820798708411374 ], [ -2.443527128979432, 36.820664386434196 ], [ -2.443730068262521, 36.82051209710523 ], [ -2.443910701782608, 36.820341664931291 ], [ -2.444091399697542, 36.820162218193552 ], [ -2.444283178488914, 36.820000852124849 ], [ -2.444373526715145, 36.81991112849672 ], [ -2.444351623922971, 36.819838909485 ], [ -2.444173208929063, 36.819702856895979 ], [ -2.444061610229498, 36.819630218526044 ], [ -2.443870092801778, 36.81975552713908 ], [ -2.443711416873603, 36.819989155062309 ], [ -2.443575697392939, 36.820150782541482 ], [ -2.44340634098722, 36.820312252415469 ], [ -2.443192200610459, 36.820464497761044 ], [ -2.443000810339278, 36.820571776375893 ], [ -2.442854660275561, 36.820625179171536 ], [ -2.44278738730509, 36.820624863946442 ], [ -2.442720245054003, 36.820606520133268 ], [ -2.442441183600081, 36.82043392589393 ], [ -2.442162254185041, 36.820243311470072 ], [ -2.441849416874623, 36.820088595562346 ], [ -2.441570162791016, 36.819943042119384 ], [ -2.441279894244775, 36.819770401536729 ], [ -2.441012051023556, 36.819597865667227 ], [ -2.440755486577197, 36.81941636765707 ], [ -2.44045426124477, 36.81920760618253 ], [ -2.440164391927001, 36.8189808772579 ], [ -2.439874130188551, 36.818808233272968 ], [ -2.439550234228016, 36.818635421045528 ], [ -2.439226591507661, 36.818426559812785 ], [ -2.438925451166804, 36.81820878929269 ], [ -2.438613034996, 36.817999970344282 ], [ -2.438289342848362, 36.817800120908039 ], [ -2.437932149082012, 36.817582083074157 ], [ -2.437608647181416, 36.817355179916831 ], [ -2.437296369980229, 36.817128338008942 ], [ -2.4370065838594, 36.816892587180583 ], [ -2.43669417827029, 36.816683763234124 ], [ -2.436348139683759, 36.816474788064824 ], [ -2.436169669415464, 36.816347737794644 ], [ -2.435991210949392, 36.816220687312061 ], [ -2.435824030784585, 36.816084666470672 ], [ -2.43565671879246, 36.815966682952798 ], [ -2.435489407314646, 36.815848699201538 ], [ -2.435154852136311, 36.815603716727971 ], [ -2.434998886188813, 36.815467747989878 ], [ -2.434709102169508, 36.815231991556828 ], [ -2.434374353191684, 36.815014049718535 ], [ -2.4342071784475, 36.814878035637442 ], [ -2.434028793074389, 36.814741958950279 ], [ -2.433861553149768, 36.81461495865787 ], [ -2.433515531610939, 36.814405975318039 ], [ -2.433236767982357, 36.814197311545193 ], [ -2.432980373010196, 36.813997759350094 ], [ -2.432701756562757, 36.813771065847199 ], [ -2.432557076262095, 36.813626142160231 ], [ -2.432434818705265, 36.813481325316438 ], [ -2.432234938272495, 36.813218948123797 ], [ -2.432225058651204, 36.813038609194209 ], [ -2.432282445122594, 36.812858591407156 ], [ -2.432250409731441, 36.812642088339892 ], [ -2.43213976480126, 36.81244323007013 ], [ -2.431894322914978, 36.812279795181361 ], [ -2.431581749968939, 36.812098009747871 ], [ -2.431313821956408, 36.811943480766679 ], [ -2.431169214447342, 36.811789532113757 ], [ -2.431058295427234, 36.811626738887128 ], [ -2.430891334070886, 36.811463677368636 ], [ -2.430824402915922, 36.811418284091253 ], [ -2.43058964380322, 36.81132701435407 ], [ -2.430332463782744, 36.811235627737936 ], [ -2.429997009517133, 36.811116830656253 ], [ -2.429683765958173, 36.811025182919686 ], [ -2.429571725474081, 36.811015630955019 ], [ -2.429504260408783, 36.811042351094279 ], [ -2.42941350415609, 36.81118614911135 ], [ -2.429389677742154, 36.811375341167725 ], [ -2.429376459899701, 36.811645715418507 ], [ -2.429294437765537, 36.812123095008332 ], [ -2.429270811486723, 36.812285244205825 ], [ -2.428967581062552, 36.812355905222034 ], [ -2.428946163587165, 36.81222057454481 ], [ -2.428892050889833, 36.811958891627235 ], [ -2.428848546702588, 36.811778390923571 ], [ -2.428837335858065, 36.811778337079097 ], [ -2.428837536755423, 36.81175129427843 ], [ -2.42883760372115, 36.811742280011508 ], [ -2.428619751047301, 36.810884847514963 ], [ -2.428552687756024, 36.810857481506197 ], [ -2.428182723209, 36.810855694130176 ], [ -2.427835258334702, 36.810845008283543 ], [ -2.427487927813963, 36.810816292890074 ], [ -2.427140664795564, 36.81077855320428 ], [ -2.426804601542732, 36.810740875503171 ], [ -2.426546755697736, 36.810739632411256 ], [ -2.426344290751856, 36.810828801811297 ], [ -2.426175255653473, 36.8109451759424 ], [ -2.426118865652082, 36.81098997677374 ], [ -2.425837655203439, 36.811114814607748 ], [ -2.425578797952984, 36.811248783348127 ], [ -2.42527523145031, 36.811364506277691 ], [ -2.424971585412715, 36.811489242629165 ], [ -2.424712455680109, 36.811659257479853 ], [ -2.424453189776548, 36.811847309285064 ], [ -2.424216074318702, 36.812071526108674 ], [ -2.424012522673954, 36.812304919603648 ], [ -2.423931817390056, 36.812602009991529 ], [ -2.42390797701579, 36.812791200783941 ], [ -2.423849422629078, 36.813124456732346 ], [ -2.423824973857138, 36.813394775797498 ], [ -2.423834631128426, 36.81360215801265 ], [ -2.423765607832514, 36.813836202733931 ], [ -2.423718465871339, 36.814142470107143 ], [ -2.423638027756875, 36.814403503158708 ], [ -2.423479313103927, 36.814637112927265 ], [ -2.423253465028735, 36.814852367727021 ], [ -2.42299418472517, 36.815040416125875 ], [ -2.42274591149232, 36.815255552108184 ], [ -2.422508983605139, 36.815452722510756 ], [ -2.422261170626137, 36.815604766647283 ], [ -2.422002156469925, 36.815756755815592 ], [ -2.42170923574762, 36.815944637842399 ], [ -2.421416585051003, 36.816096453120821 ], [ -2.421146220341427, 36.816266414328545 ], [ -2.42093197988448, 36.816427633652779 ], [ -2.420673096214268, 36.816561591364412 ], [ -2.420403000101246, 36.816695493855725 ], [ -2.42011060478383, 36.81681124881662 ], [ -2.419874413683522, 36.816909257123314 ], [ -2.419851854469461, 36.816927176218002 ], [ -2.419604519157785, 36.817016115037063 ], [ -2.419278565862466, 36.817122698578601 ], [ -2.418974694234894, 36.81727446199671 ], [ -2.418670957825467, 36.817408187125331 ], [ -2.418378772993943, 36.817496904111138 ], [ -2.418041729604222, 36.817585400845061 ], [ -2.417592648207527, 36.817664324343745 ], [ -2.417356861288202, 36.817708242146296 ], [ -2.417132354150945, 36.81774320019597 ], [ -2.416784107798612, 36.817831638437781 ], [ -2.416424706234845, 36.81791099732181 ], [ -2.416188986385186, 36.817945898556715 ], [ -2.415919631157126, 36.81798063411506 ], [ -2.415638995437009, 36.818024328200671 ], [ -2.415358428036845, 36.818058998370716 ], [ -2.415111495538685, 36.818093842336282 ], [ -2.414842196748332, 36.818119561153985 ], [ -2.414561765908343, 36.818136209982477 ], [ -2.414292478082847, 36.818161918593077 ], [ -2.414068037016315, 36.818187856596737 ], [ -2.413652583429066, 36.818266939886144 ], [ -2.413359908117411, 36.81841874407305 ], [ -2.413078225756095, 36.818597645504148 ], [ -2.412684503913552, 36.818766969347621 ], [ -2.412482070840811, 36.818847100467217 ], [ -2.41227956842458, 36.818936245466936 ], [ -2.412088277410064, 36.819025445550047 ], [ -2.411885705170919, 36.819123595082672 ], [ -2.411558904360496, 36.81933832798844 ], [ -2.411265737558427, 36.819553226511211 ], [ -2.410939140448844, 36.819740914987527 ], [ -2.410624019090673, 36.819892592148271 ], [ -2.410364691095769, 36.820080612426111 ], [ -2.410127232478099, 36.820340857154655 ], [ -2.409934205395591, 36.8206554092842 ], [ -2.409741315175184, 36.820951932624993 ], [ -2.409537696033754, 36.821185300397175 ], [ -2.409333729267109, 36.821463738905479 ], [ -2.409107197957684, 36.821760085030377 ], [ -2.408982615348412, 36.821921728027078 ], [ -2.408869313852741, 36.822074412406124 ], [ -2.408654129929669, 36.822352793923017 ], [ -2.408472859122345, 36.82259528549347 ], [ -2.408291587164336, 36.8228377767675 ], [ -2.408098962752576, 36.823098240364018 ], [ -2.407985518867212, 36.82326895227186 ], [ -2.407929109242423, 36.823313744210452 ], [ -2.407872491192903, 36.823385578768395 ], [ -2.40779254500994, 36.823574486411182 ], [ -2.407667539792442, 36.823790213218821 ], [ -2.407542672922613, 36.82398790243839 ], [ -2.40740673174351, 36.824167516220591 ], [ -2.407169598062068, 36.824382683596681 ], [ -2.406932254351677, 36.824624893116997 ], [ -2.406717404152311, 36.824858199825265 ], [ -2.406491189450638, 36.825109478521888 ], [ -2.406220133354756, 36.825360532849935 ], [ -2.406028192345557, 36.825530841753761 ], [ -2.405836448295146, 36.825674116666931 ], [ -2.405655718431438, 36.82584448999107 ], [ -2.405463565663669, 36.826041849585231 ], [ -2.405249114415691, 36.826221068210558 ], [ -2.404978538931292, 36.826409020144759 ], [ -2.404696528453504, 36.826623957866531 ], [ -2.404425950272417, 36.826811899491474 ], [ -2.404234211253534, 36.826955171790694 ], [ -2.404177785517947, 36.826999961821812 ], [ -2.403907484388594, 36.827151854431641 ], [ -2.403659888140759, 36.827267802081636 ], [ -2.403445919147386, 36.827383917932394 ], [ -2.403209394529346, 36.827517949289138 ], [ -2.402995365341829, 36.827643078569416 ], [ -2.402747755007762, 36.827759015213289 ], [ -2.402534004765522, 36.82784808684427 ], [ -2.402050495935777, 36.828016932736915 ], [ -2.402005432838707, 36.828043749759964 ], [ -2.401758111612392, 36.828123636586326 ], [ -2.401488211864986, 36.828221438344656 ], [ -2.401252032568959, 36.82831038573341 ], [ -2.401004557963111, 36.82840829931127 ], [ -2.400723524564994, 36.828497028680395 ], [ -2.400498756502708, 36.828558997440012 ], [ -2.400240289202654, 36.828629810338718 ], [ -2.399981810290262, 36.828700613599587 ], [ -2.399757052264777, 36.828762581000724 ], [ -2.399554649984017, 36.828833675424455 ], [ -2.399284744994963, 36.828931472121234 ], [ -2.39905977424461, 36.829020480768946 ], [ -2.398823719509859, 36.829091403847443 ], [ -2.398598888948462, 36.829162374213901 ], [ -2.398373987324055, 36.829242367355931 ], [ -2.398160428579618, 36.829304388389566 ], [ -2.397868104705402, 36.829402068366207 ], [ -2.397598619658719, 36.829445776050378 ], [ -2.397385141723122, 36.829498772531892 ], [ -2.397115443885397, 36.829569521680838 ], [ -2.396823400765633, 36.829631142310788 ], [ -2.396542559366215, 36.829692819075099 ], [ -2.396261587075369, 36.829772523601925 ], [ -2.396014041872868, 36.829879440911043 ], [ -2.395811409465089, 36.829977562377465 ], [ -2.395597645148615, 36.830066621376019 ], [ -2.395395164732435, 36.830146722821922 ], [ -2.395158890356842, 36.83024468110186 ], [ -2.395113823573561, 36.830271495469113 ], [ -2.395057614254731, 36.830289238581528 ], [ -2.395023547956967, 36.830343152518985 ], [ -2.394731134077276, 36.830449829805637 ], [ -2.394686138043589, 36.830467629824213 ], [ -2.394618643954305, 36.830494329819707 ], [ -2.394539865273746, 36.830529986856732 ], [ -2.394483584594324, 36.830556743876777 ], [ -2.394427303875945, 36.830583500869714 ], [ -2.394371023118608, 36.830610257835524 ], [ -2.394303528796339, 36.83063695764934 ], [ -2.394236094285265, 36.830654643185056 ], [ -2.394191098018906, 36.830672443013533 ], [ -2.394134888198486, 36.830690185683892 ], [ -2.394056180188318, 36.830716828213617 ], [ -2.393999970305023, 36.83073457081948 ], [ -2.393943760396082, 36.83075231339847 ], [ -2.393876265803259, 36.830779012966616 ], [ -2.393797699860428, 36.830787626960735 ], [ -2.393741560996749, 36.830796355262088 ], [ -2.393685410907123, 36.830805083479611 ], [ -2.393618058468297, 36.830813754537957 ], [ -2.393584133224858, 36.830849639685411 ], [ -2.393583706335062, 36.83090372476957 ], [ -2.393527567363478, 36.830912452968725 ], [ -2.393460143650859, 36.830930138116862 ], [ -2.393392648736751, 36.830956837406688 ], [ -2.393325225026238, 36.830974513463374 ], [ -2.393269014789647, 36.830992255719629 ], [ -2.393224018105565, 36.831010055177238 ], [ -2.393156594239531, 36.831027740151526 ], [ -2.393100383926007, 36.831045482327184 ], [ -2.393032877574284, 36.831072181352944 ], [ -2.39296545361106, 36.831089866217759 ], [ -2.392898029617278, 36.831107551043992 ], [ -2.392841819187117, 36.831125293096086 ], [ -2.392785608731312, 36.8311430351213 ], [ -2.392706899799714, 36.831169676747244 ], [ -2.392639475678188, 36.831187361425428 ], [ -2.392572051526105, 36.831205046065051 ], [ -2.392515840951194, 36.831222787961394 ], [ -2.392459547855866, 36.831249543951813 ], [ -2.392403337223024, 36.831267285794297 ], [ -2.392347126564539, 36.831285027609916 ], [ -2.392279630959045, 36.831311726259912 ], [ -2.392223277621921, 36.831347496371777 ], [ -2.392155781919193, 36.831374194950293 ], [ -2.392099571126626, 36.831391936647307 ], [ -2.39205457394247, 36.831409735656507 ], [ -2.391987006790375, 36.831445448315087 ], [ -2.391930724635158, 36.831472195094108 ], [ -2.391885727365518, 36.831489994038385 ], [ -2.391829505213641, 36.831507735548676 ], [ -2.391762009235669, 36.831534433900366 ], [ -2.391694584582923, 36.831552118036704 ], [ -2.391638444934513, 36.831560845336568 ], [ -2.391571020231051, 36.831578529402279 ], [ -2.391514809157188, 36.831596270819617 ], [ -2.391447241593247, 36.831631983166524 ], [ -2.391368531706756, 36.8316586238954 ], [ -2.391323522986405, 36.83167642256673 ], [ -2.391267311785101, 36.831694163865578 ], [ -2.391211100558154, 36.831711905137567 ], [ -2.391121176829595, 36.831738488281793 ], [ -2.391064965537304, 36.831756229483929 ], [ -2.390997540534336, 36.831773913221042 ], [ -2.390941329188288, 36.831791654364132 ], [ -2.390862547496713, 36.831827308928965 ], [ -2.390806336081154, 36.831845050007423 ], [ -2.390750113426253, 36.831862791001562 ], [ -2.390705115659368, 36.831880589493231 ], [ -2.390570193810832, 36.831924961676343 ], [ -2.390525124456675, 36.831951774272959 ], [ -2.390480055071167, 36.831978586852081 ], [ -2.390423771936694, 36.832005341921118 ], [ -2.390356275041894, 36.832032039464039 ], [ -2.390299991825721, 36.832058794473483 ], [ -2.390243637027257, 36.832094563629056 ], [ -2.390187199412658, 36.8321393468728 ], [ -2.390130987616338, 36.8321570876275 ], [ -2.390074775794376, 36.832174828355321 ], [ -2.390018420806683, 36.832210597401705 ], [ -2.38996213734342, 36.832237352248129 ], [ -2.389905853841201, 36.832264107067424 ], [ -2.389849570300026, 36.83229086185959 ], [ -2.389793286719894, 36.832317616624636 ], [ -2.389725717730399, 36.832353327975675 ], [ -2.389669422848121, 36.832380082623423 ], [ -2.389613067522501, 36.832415851473307 ], [ -2.389556783769405, 36.832442606124239 ], [ -2.389511713760765, 36.832469418328309 ], [ -2.389444216146343, 36.832496115344696 ], [ -2.389376646839228, 36.832531826493359 ], [ -2.389286649875015, 36.832567422402697 ], [ -2.389241579699705, 36.832594234502267 ], [ -2.389174070669501, 36.83262093130525 ], [ -2.389129000423849, 36.83264774336125 ], [ -2.389072716334388, 36.832674497778854 ], [ -2.389027646022216, 36.832701309795581 ], [ -2.388948934290289, 36.832727939885864 ], [ -2.388881364551513, 36.832763650747644 ], [ -2.388836365831108, 36.832781448520507 ], [ -2.38870135833206, 36.832834841677752 ], [ -2.388645002225624, 36.832870610058826 ], [ -2.388577503962532, 36.832897306575333 ], [ -2.38851007740184, 36.8329149888839 ], [ -2.38844257905374, 36.832941685322822 ], [ -2.388386366276563, 36.832959425241157 ], [ -2.388341295559973, 36.832986236992667 ], [ -2.388273785877769, 36.833012933276628 ], [ -2.388161360117354, 36.833048412924711 ], [ -2.388082432265657, 36.833102093952348 ], [ -2.3880260756774, 36.833137862033979 ], [ -2.387981004731435, 36.833164673645967 ], [ -2.387935933754119, 36.833191485240484 ], [ -2.387879505208781, 36.833236267418428 ], [ -2.387823209044587, 36.833263021176144 ], [ -2.387778209790583, 36.833280818542057 ], [ -2.387710639027116, 36.833316528725653 ], [ -2.387665567867051, 36.833343340215286 ], [ -2.387609139053128, 36.83338812226129 ], [ -2.387597925139605, 36.83338806450034 ], [ -2.387552782035971, 36.833423890112883 ], [ -2.387473997119051, 36.833459542392646 ], [ -2.387428853915814, 36.833495367956786 ], [ -2.387361127818095, 36.833549106211919 ], [ -2.387304770567968, 36.833584873942819 ], [ -2.387248413265505, 36.83362064164632 ], [ -2.387203269862546, 36.833656467121976 ], [ -2.387124484546657, 36.833692119165036 ], [ -2.387079484953695, 36.833709907247218 ], [ -2.387023199380802, 36.833736660676024 ], [ -2.38697812773594, 36.833763471898671 ], [ -2.386899474873563, 36.833781095401996 ], [ -2.38679826134208, 36.833816631567672 ], [ -2.386741903635646, 36.833852399025943 ], [ -2.386674403859097, 36.833879094443517 ], [ -2.386618118023064, 36.833905847677343 ], [ -2.386561904128186, 36.83392358671977 ], [ -2.386483262223789, 36.833941210002735 ], [ -2.386438262267083, 36.833959006852915 ], [ -2.386370679076571, 36.833994716201751 ], [ -2.386314393051524, 36.834021469289503 ], [ -2.386269320994591, 36.834048280238321 ], [ -2.386201820884559, 36.834074975383608 ], [ -2.386123106713448, 36.834101612589009 ], [ -2.386055606506665, 36.83412830765014 ], [ -2.385999381108147, 36.834146046365326 ], [ -2.385931880820108, 36.834172741355246 ], [ -2.385875666575218, 36.834190480069132 ], [ -2.385819308168708, 36.83422624708129 ], [ -2.385751807748683, 36.834252941967385 ], [ -2.385673021157216, 36.834288593033143 ], [ -2.38560552063245, 36.834315287834919 ], [ -2.385538092234602, 36.834332959421758 ], [ -2.385459438470532, 36.834350581962269 ], [ -2.385403223989015, 36.834368320450018 ], [ -2.385324509246512, 36.834394957120033 ], [ -2.385268294702131, 36.834412695543271 ], [ -2.385200793930343, 36.834439390112401 ], [ -2.385144435029912, 36.834475156798547 ], [ -2.385088076077143, 36.834510923457266 ], [ -2.385031778019216, 36.834537675869832 ], [ -2.384964277056716, 36.834564370302338 ], [ -2.384907990131163, 36.834591122713285 ], [ -2.384840561263305, 36.834608802914119 ], [ -2.384728131617559, 36.834644279269824 ], [ -2.384671916756227, 36.834662017407368 ], [ -2.38460441556172, 36.834688711632822 ], [ -2.384548272858407, 36.83469743555149 ], [ -2.384469618502273, 36.834715057430515 ], [ -2.384424617634085, 36.834732853507688 ], [ -2.384368402639613, 36.834750591500203 ], [ -2.384312115373203, 36.834777343625014 ], [ -2.384266897677615, 36.834822182118828 ], [ -2.384210393548345, 36.834875976671036 ], [ -2.384176462127689, 36.83491185905239 ], [ -2.384131316541343, 36.834947683333525 ], [ -2.384086170912895, 36.834983507596931 ], [ -2.384041025242344, 36.835019331842574 ], [ -2.383928221959832, 36.835099878162922 ], [ -2.383883076219606, 36.835135693332425 ], [ -2.383804143253407, 36.835189371453438 ], [ -2.383747783156915, 36.835225137461869 ], [ -2.383691495328485, 36.83525188928548 ], [ -2.383635207461098, 36.83527864108197 ], [ -2.383578908340566, 36.835305392793167 ], [ -2.383522548054835, 36.835341158692366 ], [ -2.383432472780411, 36.835385764254596 ], [ -2.383353683965153, 36.835421413755789 ], [ -2.383297323490185, 36.835457179545749 ], [ -2.383229821126487, 36.835483872976255 ], [ -2.383173532930303, 36.835510624550054 ], [ -2.383117305869445, 36.835528361882531 ], [ -2.38304980338175, 36.835555055209355 ], [ -2.382982228443074, 36.83559076265297 ], [ -2.382914725854394, 36.835617455901875 ], [ -2.382836008986403, 36.835644090898775 ], [ -2.382779720537542, 36.835670842283029 ], [ -2.382723432049725, 36.835697593640155 ], [ -2.382655990507689, 36.835715272526777 ], [ -2.382577273451719, 36.835741907350162 ], [ -2.382520912383236, 36.835777672764578 ], [ -2.382430836022562, 36.835822277554485 ], [ -2.382363260564348, 36.835857984639816 ], [ -2.382295757529463, 36.835884677531901 ], [ -2.382228254520574, 36.835911361370933 ], [ -2.382160740178437, 36.83593805412697 ], [ -2.382093237004066, 36.835964746902391 ], [ -2.382003232699242, 36.836000337209128 ], [ -2.38194694370319, 36.836027088192367 ], [ -2.381879512912689, 36.836044766691479 ], [ -2.381812009548577, 36.836071459304961 ], [ -2.381699576394781, 36.836106932754973 ], [ -2.381620847398668, 36.836133566878203 ], [ -2.38156463074609, 36.836151303525241 ], [ -2.381440910468005, 36.836195732545399 ], [ -2.381384621135784, 36.836222483258354 ], [ -2.381294616206641, 36.836258073021213 ], [ -2.3812271850678, 36.83627575114636 ], [ -2.381170895603566, 36.836302501756521 ], [ -2.381103453183783, 36.836320179752342 ], [ -2.381024734981359, 36.836346813534277 ], [ -2.380968445395569, 36.836373564047136 ], [ -2.380912155770822, 36.836400314532838 ], [ -2.380855938763319, 36.836418050840628 ], [ -2.380777147711139, 36.836453698607109 ], [ -2.380720930634134, 36.836471434850239 ], [ -2.380653499252621, 36.836489103632232 ], [ -2.380597198220735, 36.836515853908061 ], [ -2.380518479646099, 36.836542487350393 ], [ -2.380462189743081, 36.836569237619692 ], [ -2.380383471067946, 36.83659587097145 ], [ -2.380327253798199, 36.836613607026173 ], [ -2.380259749404628, 36.836640298746033 ], [ -2.380203520860116, 36.83665803468309 ], [ -2.380124729263617, 36.836693682010633 ], [ -2.380057224730556, 36.836720373613836 ], [ -2.380001007296167, 36.83673810951236 ], [ -2.379922288291622, 36.836764742554898 ], [ -2.379719919739674, 36.836826788601854 ], [ -2.379663690937062, 36.836844524280593 ], [ -2.379607400519338, 36.83687127413895 ], [ -2.379539968465652, 36.836888951296643 ], [ -2.379472463561594, 36.836915642563433 ], [ -2.379404958611041, 36.836942333791328 ], [ -2.379348668105645, 36.836969074511103 ], [ -2.379292377488465, 36.836995824217858 ], [ -2.379236086832328, 36.837022573897485 ], [ -2.379191010567441, 36.837049382109846 ], [ -2.379123421327524, 36.837085087263574 ], [ -2.379067130547837, 36.837111836861645 ], [ -2.378999552410413, 36.8371475420021 ], [ -2.378943261542351, 36.8371742915404 ], [ -2.378886970635333, 36.837201041051564 ], [ -2.378808250778421, 36.837227673346327 ], [ -2.378729603775446, 36.837245291442429 ], [ -2.37867337444318, 36.837263026646539 ], [ -2.378605941836974, 36.837280703268043 ], [ -2.378549723665427, 36.83729843847167 ], [ -2.378493432532445, 36.837325187793795 ], [ -2.378392210521842, 36.837360716702037 ], [ -2.378335919289129, 36.837387465948368 ], [ -2.378290842499021, 36.837414273812847 ], [ -2.37823455119218, 36.837441023010236 ], [ -2.378178175658697, 36.837476786266464 ], [ -2.378121884267262, 36.837503535409418 ], [ -2.378076807334923, 36.837530343190878 ], [ -2.378009374360751, 36.837548019469743 ], [ -2.377941795353633, 36.837583723998122 ], [ -2.377874289293247, 36.837610414343402 ], [ -2.377784354160274, 36.837636987266265 ], [ -2.37772798948963, 36.837672750363211 ], [ -2.377671686585374, 36.837699499230631 ], [ -2.377604107289765, 36.837735203563433 ], [ -2.377525313472674, 36.837770840125962 ], [ -2.377469094698632, 36.83778857481142 ], [ -2.377401515231544, 36.837824279026904 ], [ -2.37733408184848, 36.837841954917984 ], [ -2.377266575353662, 36.837868644912923 ], [ -2.377199057597799, 36.83789533481022 ], [ -2.377052683605602, 36.837966684127821 ], [ -2.376996464581671, 36.837984418586828 ], [ -2.376928884725144, 36.838020122528796 ], [ -2.376861377935372, 36.83804681229006 ], [ -2.376793871099106, 36.838073502012449 ], [ -2.376726426146988, 36.838091177495947 ], [ -2.37664770464492, 36.838117808340527 ], [ -2.376580197673409, 36.838144497939979 ], [ -2.376490261478886, 36.838171069871414 ], [ -2.376411539814919, 36.838197700557707 ], [ -2.376321530308254, 36.838233286500476 ], [ -2.376254096325088, 36.83825096177204 ], [ -2.37618657796096, 36.838277642072015 ], [ -2.376119070691729, 36.838304331406064 ], [ -2.376062851210369, 36.838322065418218 ], [ -2.375939124318155, 36.838366488633994 ], [ -2.37587161688644, 36.838393177825587 ], [ -2.375714172629922, 36.838446438315835 ], [ -2.375635512480318, 36.838464054284174 ], [ -2.375534360960727, 36.838490566587247 ], [ -2.375466926576158, 36.838508241407716 ], [ -2.375388277523365, 36.838525857270071 ], [ -2.37533213102543, 36.838534576794757 ], [ -2.37527583788181, 36.838561324568772 ], [ -2.375219691345898, 36.83857004403994 ], [ -2.375152172275542, 36.838596732759129 ], [ -2.375039805768543, 36.838623185694615 ], [ -2.374983585810954, 36.838640919190901 ], [ -2.374916077812503, 36.838667607833287 ], [ -2.374837355106469, 36.838694237465049 ], [ -2.374747344302552, 36.838729822200655 ], [ -2.374679825004089, 36.838756501633853 ], [ -2.374601028730382, 36.83879214524363 ], [ -2.374544735147108, 36.838818892666133 ], [ -2.374488441524878, 36.838845640061493 ], [ -2.37444343596512, 36.838863432303803 ], [ -2.374364712898071, 36.838890061618294 ], [ -2.374297131036948, 36.838925764039786 ], [ -2.374240837251326, 36.838952511315867 ], [ -2.37417331751077, 36.838979199471027 ], [ -2.374105882393587, 36.838996873511029 ], [ -2.374060803197695, 36.839023679741587 ], [ -2.374004509259139, 36.839050426903867 ], [ -2.373948215281626, 36.839077174039005 ], [ -2.37388070654631, 36.839103862084478 ], [ -2.373824412487101, 36.83913060915998 ], [ -2.373768118388937, 36.839157356208347 ], [ -2.373711739535184, 36.839193117304802 ], [ -2.373666586580422, 36.839228937516843 ], [ -2.373610292355814, 36.839255684488812 ], [ -2.37355399809225, 36.839282431433645 ], [ -2.37349770378973, 36.839309178351336 ], [ -2.373385115067824, 36.839362672105267 ], [ -2.373306317579784, 36.839398314841745 ], [ -2.373249949550446, 36.839434075773177 ], [ -2.373193655032221, 36.839460822544169 ], [ -2.37312606098914, 36.839496515213376 ], [ -2.373036048465602, 36.839532098632141 ], [ -2.372968539018707, 36.839558786150846 ], [ -2.372878526350527, 36.839594369448598 ], [ -2.372810943186359, 36.839630071008628 ], [ -2.372743433576497, 36.83965675839751 ], [ -2.372664697904489, 36.839683386510302 ], [ -2.372574611315234, 36.839727983706098 ], [ -2.372507027893833, 36.839763685090126 ], [ -2.372439444409919, 36.839799386434933 ], [ -2.372360572378933, 36.839844042664623 ], [ -2.372281773928209, 36.839879684709977 ], [ -2.372225467535792, 36.839906430955004 ], [ -2.372146668959244, 36.839942072909231 ], [ -2.372079085152625, 36.839977774045025 ], [ -2.371989071588303, 36.840013356658282 ], [ -2.371865192220953, 36.840075803833294 ], [ -2.371797681896246, 36.840102490676287 ], [ -2.371718945446282, 36.8401291181533 ], [ -2.371662649892488, 36.840155864186322 ], [ -2.371595139428302, 36.840182550912601 ], [ -2.371527628991386, 36.840209228585863 ], [ -2.371437614904842, 36.840244810775204 ], [ -2.371370104285693, 36.840271497371823 ], [ -2.371212568111986, 36.840333765886662 ], [ -2.371145131144119, 36.840351438225476 ], [ -2.371066479248189, 36.840369051195971 ], [ -2.370976464764702, 36.840404633031383 ], [ -2.370920242586967, 36.840422364579581 ], [ -2.370819013064536, 36.840457886949544 ], [ -2.370751575899974, 36.840475559062831 ], [ -2.370672764851024, 36.840511199965341 ], [ -2.370605327607032, 36.840528871994771 ], [ -2.370549179131509, 36.840537589238593 ], [ -2.370493030643614, 36.840546306455742 ], [ -2.370436808253424, 36.840564037772864 ], [ -2.370369444808411, 36.840572695540871 ], [ -2.370279503678169, 36.840599262715706 ], [ -2.370212066269335, 36.840616934520185 ], [ -2.37014461761503, 36.840634606226651 ], [ -2.370065891274694, 36.840661232655236 ], [ -2.37000974264469, 36.840669949642589 ], [ -2.36995352005534, 36.840687680728841 ], [ -2.369897371467934, 36.840696388648645 ], [ -2.369818718943532, 36.840714000786534 ], [ -2.369762496279008, 36.840731731781588 ], [ -2.369638909904614, 36.840758120101221 ], [ -2.369571534990779, 36.840766777354887 ], [ -2.369492882322497, 36.840784389275591 ], [ -2.369436733541183, 36.840793105990649 ], [ -2.369301932001273, 36.840819434472557 ], [ -2.36922327921968, 36.84083704621365 ], [ -2.369155841367005, 36.840854717413961 ], [ -2.369099681283274, 36.840863433909348 ], [ -2.369009813444216, 36.840880985991205 ], [ -2.368931234602758, 36.840889583414132 ], [ -2.368818936753897, 36.840907016284056 ], [ -2.368762787810911, 36.840915732679036 ], [ -2.368706638855555, 36.840924449047364 ], [ -2.368628059938563, 36.840933046269079 ], [ -2.368549469863862, 36.840941634364988 ], [ -2.368470890913192, 36.840950231482466 ], [ -2.368392311945679, 36.840958828547819 ], [ -2.36833616291927, 36.840967544740408 ], [ -2.368246368940167, 36.840976082119795 ], [ -2.368190219885566, 36.840984798243149 ], [ -2.36811164085394, 36.84099339512229 ], [ -2.368044191401952, 36.84101106562818 ], [ -2.367943108173076, 36.841028557282506 ], [ -2.367875744059513, 36.84103721363023 ], [ -2.367785801548014, 36.841063778902956 ], [ -2.367718437387079, 36.841072435161024 ], [ -2.367617354007109, 36.841089926536704 ], [ -2.367527485579972, 36.841107477491569 ], [ -2.367448895139896, 36.8411160738709 ], [ -2.3673814566478, 36.841133744057601 ], [ -2.367302877380872, 36.841142340399628 ], [ -2.367246653837989, 36.841160070195059 ], [ -2.36716807460458, 36.841168657433421 ], [ -2.367111925293986, 36.84117737304468 ], [ -2.367010841645007, 36.841194863901698 ], [ -2.36694340298633, 36.841212533838039 ], [ -2.36686473806793, 36.841230143948806 ], [ -2.366797299345759, 36.841247813801544 ], [ -2.366707356225528, 36.841274378251498 ], [ -2.366628702406772, 36.841291988264508 ], [ -2.366527618502555, 36.841309478707814 ], [ -2.366471469020546, 36.84131819401469 ], [ -2.366415319526169, 36.841326909294906 ], [ -2.366336728747525, 36.841335504935337 ], [ -2.366269289815411, 36.841353174486194 ], [ -2.366179569569781, 36.841352696179385 ], [ -2.366112204987326, 36.8413613515227 ], [ -2.365999980259273, 36.841369767597961 ], [ -2.365921400609302, 36.841378363022706 ], [ -2.365842809801888, 36.841386949321389 ], [ -2.365775445154195, 36.841395604473178 ], [ -2.365674435380785, 36.841404080070483 ], [ -2.365595930122756, 36.841403661162431 ], [ -2.365494920321179, 36.841412136606891 ], [ -2.365416415057645, 36.841411717580222 ], [ -2.3653603398704, 36.84141141824373 ], [ -2.36530410447968, 36.841429147053603 ], [ -2.36524802928093, 36.841428847664005 ], [ -2.365124589330858, 36.841437203029827 ], [ -2.365057224564073, 36.841445857773344 ], [ -2.364944999611508, 36.841454272850278 ], [ -2.364866419767166, 36.841462867575594 ], [ -2.364810269995835, 36.841471582094741 ], [ -2.364742893951012, 36.841480236599537 ], [ -2.364664314133988, 36.841488822176643 ], [ -2.36460823889863, 36.841488522484866 ], [ -2.364540874032883, 36.841497176934737 ], [ -2.364462368696953, 36.841496757277248 ], [ -2.364395078410308, 36.841496397529589 ], [ -2.364339003172348, 36.84149609771076 ], [ -2.364271638271862, 36.841504752007708 ], [ -2.364204347980704, 36.841504392152018 ], [ -2.364137046475691, 36.841504032198259 ], [ -2.36405846649784, 36.841512626388081 ], [ -2.364002391251698, 36.841512326410388 ], [ -2.363912670859597, 36.841511846391057 ], [ -2.363845380566916, 36.841511486332138 ], [ -2.363688369888642, 36.841510646046551 ], [ -2.363621079599945, 36.841510285860679 ], [ -2.363486413102865, 36.841518579427671 ], [ -2.363430337858611, 36.841518279180107 ], [ -2.363351757793999, 36.841526872901881 ], [ -2.363284467570222, 36.841526503511261 ], [ -2.363228467060915, 36.841517189055836 ], [ -2.363105101533076, 36.841516528208658 ], [ -2.362970509746791, 36.841515807078387 ], [ -2.362880789368627, 36.841515326280302 ], [ -2.362824714133354, 36.841515025747114 ], [ -2.362746208805371, 36.841514604956224 ], [ -2.362656488432529, 36.841514123988873 ], [ -2.362600413200583, 36.841513823349899 ], [ -2.362533048103217, 36.84152247665957 ], [ -2.362454456727649, 36.841531069727061 ], [ -2.362364586660757, 36.841548616761386 ], [ -2.362297221508225, 36.841557269936821 ], [ -2.362218641287976, 36.84156586290792 ], [ -2.362140061125766, 36.8415744468128 ], [ -2.36203912563974, 36.841573905204406 ], [ -2.361971910203358, 36.841564529974249 ], [ -2.361882178570672, 36.841564048361811 ], [ -2.361814888258848, 36.841563687153197 ], [ -2.361736307982792, 36.841572279804886 ], [ -2.361646512635891, 36.841580812184453 ], [ -2.361489351997483, 36.841597997212354 ], [ -2.361433276717055, 36.841597696022298 ], [ -2.361366050123903, 36.841588320389896 ], [ -2.361310049815744, 36.841579005032649 ], [ -2.361242759498324, 36.841578643500078 ], [ -2.361186759213024, 36.841569328084958 ], [ -2.361097113792322, 36.841559831831383 ], [ -2.361041113539393, 36.841550516347915 ], [ -2.360985113300425, 36.841541200838194 ], [ -2.360929113150427, 36.841531876288087 ], [ -2.360861897895602, 36.841522500431914 ], [ -2.360805822677161, 36.841522198946429 ], [ -2.3607273061577, 36.841521776762015 ], [ -2.360615155725658, 36.841521173637666 ], [ -2.360536650425215, 36.841520751387662 ], [ -2.360424575066442, 36.841511133975835 ], [ -2.36033485473828, 36.841510651256463 ], [ -2.360256424540195, 36.841501214714107 ], [ -2.360200349343928, 36.841500912943189 ], [ -2.360099477883407, 36.841491355521448 ], [ -2.360020972621354, 36.841490932931222 ], [ -2.359920112413554, 36.84148137541797 ], [ -2.359774467239804, 36.841462562133387 ], [ -2.359696037240267, 36.841453116208285 ], [ -2.359606392156097, 36.841443618833459 ], [ -2.359539090764661, 36.841443256277337 ], [ -2.359460585560376, 36.841442833317544 ], [ -2.359404435228331, 36.841451545277629 ], [ -2.35933706985258, 36.841460196773362 ], [ -2.359269704462207, 36.841468848230761 ], [ -2.359157554139415, 36.841468243732145 ], [ -2.359079124140814, 36.841458806414828 ], [ -2.359000682947214, 36.841449368985458 ], [ -2.358922252988677, 36.84143993156497 ], [ -2.358821392998418, 36.841430373121405 ], [ -2.358742963083045, 36.841420935583002 ], [ -2.358642103142285, 36.841411376987757 ], [ -2.358586028029324, 36.841411074456062 ], [ -2.358518813185843, 36.841401697278648 ], [ -2.358440296899999, 36.841401264570912 ], [ -2.358373006776067, 36.841400901415561 ], [ -2.358305791969281, 36.841391524118031 ], [ -2.358227362161958, 36.841382086240401 ], [ -2.35817128707494, 36.841381783513278 ], [ -2.358115287327008, 36.841372466655947 ], [ -2.358048072578705, 36.841363089213189 ], [ -2.357969567479292, 36.841362665269614 ], [ -2.357902352758575, 36.841353287744724 ], [ -2.357846353065892, 36.841343970761173 ], [ -2.357756697143523, 36.841334471934189 ], [ -2.357678267467258, 36.841325033695419 ], [ -2.357599913209584, 36.841306581302106 ], [ -2.357521483582566, 36.841297142960308 ], [ -2.357409408969795, 36.841287522712285 ], [ -2.357331054817509, 36.841269070142644 ], [ -2.357252700779021, 36.841250608507551 ], [ -2.357196765475089, 36.841232277056285 ], [ -2.357152131854573, 36.84120499218173 ], [ -2.357096132366062, 36.84119567484646 ], [ -2.357028766974723, 36.841204325034163 ], [ -2.356961477041971, 36.841203961081554 ], [ -2.356894187110427, 36.841203597090853 ], [ -2.356815606701506, 36.841212186488626 ], [ -2.356737101775332, 36.841211761732708 ], [ -2.356658661144551, 36.841202322762804 ], [ -2.35658015623088, 36.841201897903332 ], [ -2.356501726845985, 36.841192458890838 ], [ -2.356423297481128, 36.841183019826758 ], [ -2.356344868136309, 36.841173580711128 ], [ -2.356255223830198, 36.841164080815929 ], [ -2.356176794527005, 36.841154641589775 ], [ -2.356075999725039, 36.841136057647972 ], [ -2.355997494888094, 36.841135632404416 ], [ -2.355896635698122, 36.841126071486308 ], [ -2.355829497060529, 36.841107678693312 ], [ -2.35577364903719, 36.841080332536947 ], [ -2.355717725435119, 36.841062000454642 ], [ -2.355639523191067, 36.84102551857562 ], [ -2.355572535976062, 36.84098909743885 ], [ -2.35551667691668, 36.840961751102149 ], [ -2.355449538516367, 36.840943358096332 ], [ -2.355359894599447, 36.840933857529308 ], [ -2.35528154131943, 36.840915403615988 ], [ -2.355214403017776, 36.840897010478166 ], [ -2.355135974125069, 36.840887570568782 ], [ -2.355046330315505, 36.840878069766227 ], [ -2.354967825758173, 36.840877643845282 ], [ -2.354878246560429, 36.84085911974244 ], [ -2.354799817750998, 36.840849679612006 ], [ -2.354721464696686, 36.840831225331421 ], [ -2.354654326607211, 36.840812831879049 ], [ -2.354553543779589, 36.840794255728241 ], [ -2.354475190843241, 36.840775801286277 ], [ -2.354407977091434, 36.840766421793852 ], [ -2.354340839136119, 36.840748028165521 ], [ -2.354251260171625, 36.840729512606856 ], [ -2.354240045258212, 36.840729451689384 ], [ -2.354184122287309, 36.84071111889056 ], [ -2.354105769527911, 36.84069266420655 ], [ -2.354027340990779, 36.840683223568803 ], [ -2.35394891247369, 36.84067378287947 ], [ -2.353870559811103, 36.840655328041237 ], [ -2.353803346243499, 36.840645948208497 ], [ -2.353724993721484, 36.840627484260743 ], [ -2.353646554086485, 36.840618043311814 ], [ -2.353568201556219, 36.840599588275374 ], [ -2.353489773185386, 36.840590147284374 ], [ -2.353389066836436, 36.840562556054557 ], [ -2.353321929311301, 36.840544161854254 ], [ -2.353232362055951, 36.840525645592898 ], [ -2.353176439480403, 36.840507312323211 ], [ -2.353109290841219, 36.840488917942608 ], [ -2.353053368322534, 36.840470584615474 ], [ -2.352986079085323, 36.840470218419007 ], [ -2.352918789849328, 36.840469852184455 ], [ -2.352840285742204, 36.840469424862704 ], [ -2.352772996508844, 36.840469058545644 ], [ -2.352705935188456, 36.840441649903788 ], [ -2.352650012803168, 36.840423316388019 ], [ -2.352527018106628, 36.840377565029058 ], [ -2.352459956955516, 36.840350156249642 ], [ -2.352359327313967, 36.840313550057822 ], [ -2.352303481124049, 36.840286202285213 ], [ -2.352214066481251, 36.840249657071041 ], [ -2.352135714683949, 36.840231201096351 ], [ -2.352046300186526, 36.84019465575706 ], [ -2.351990454196109, 36.84016730783879 ], [ -2.351867764506351, 36.840085508438925 ], [ -2.351587850768402, 36.840029895021615 ], [ -2.351520790262168, 36.840002485717044 ], [ -2.351453805996529, 36.839966053266814 ], [ -2.351386973966423, 36.839911601605245 ], [ -2.351319989767886, 36.839875178094537 ], [ -2.351219197801684, 36.839856599072704 ], [ -2.351151756824135, 36.839874260030761 ], [ -2.35106188624794, 36.839891798519091 ], [ -2.351005964665185, 36.839873464235986 ], [ -2.350938904507326, 36.839846054605815 ], [ -2.350871844397757, 36.839818644938163 ], [ -2.350759990243949, 36.839781976107304 ], [ -2.350704068814979, 36.839763641683348 ], [ -2.350648223623135, 36.839736293140298 ], [ -2.350592302254739, 36.83971795866421 ], [ -2.350536380913375, 36.839699624162016 ], [ -2.35049175057935, 36.839672336811539 ], [ -2.35040226136708, 36.839644795324936 ], [ -2.350357631113035, 36.839617507924636 ], [ -2.350301786152488, 36.839590159220421 ], [ -2.350234639024912, 36.839571763227823 ], [ -2.350178717877397, 36.839553428558808 ], [ -2.350111582027062, 36.839535032558487 ], [ -2.350021940472492, 36.839525527986488 ], [ -2.349943589959943, 36.83950707057712 ], [ -2.349842733736892, 36.839497504548412 ], [ -2.349764372082964, 36.839479046960207 ], [ -2.349686098004355, 36.839451575290319 ], [ -2.349630253407472, 36.839424226273401 ], [ -2.349540841064457, 36.839387679065545 ], [ -2.349496363957795, 36.839342363162096 ], [ -2.349463101597099, 36.83929710860928 ], [ -2.349407257192692, 36.839269759488772 ], [ -2.349328983457544, 36.839242287586117 ], [ -2.349250622191682, 36.839223829662245 ], [ -2.34914969005076, 36.839223277140768 ], [ -2.349082554743105, 36.839204880563535 ], [ -2.349004204868038, 36.83918641352539 ], [ -2.348937222447137, 36.839149988684916 ], [ -2.348859178261155, 36.839095474202836 ], [ -2.348792108348234, 36.839068063310805 ], [ -2.3487251261321, 36.839031638352104 ], [ -2.348669282187329, 36.839004288888184 ], [ -2.348568656154832, 36.838967679514326 ], [ -2.348523950495332, 36.838949405523202 ], [ -2.348467953755567, 36.838940084146323 ], [ -2.348412033500047, 36.838921748652972 ], [ -2.34835611327156, 36.838903413133515 ], [ -2.348311407701019, 36.838885139063123 ], [ -2.348233047052983, 36.838866680473366 ], [ -2.34816598878207, 36.838839269292691 ], [ -2.348054072080688, 36.838811612087788 ], [ -2.347975646265316, 36.838802167480672 ], [ -2.347897297076824, 36.838783699718384 ], [ -2.347830085924411, 36.838774316528671 ], [ -2.347762940120349, 36.838755919150266 ], [ -2.347684437845301, 36.838755488441095 ], [ -2.347617150182302, 36.838755119220544 ], [ -2.347538647910353, 36.838754688415115 ], [ -2.34738164337146, 36.838753826648762 ], [ -2.347291838679229, 36.83876234814467 ], [ -2.347213336404982, 36.838761917124373 ], [ -2.347022458132916, 36.838787912408868 ], [ -2.346966385064063, 36.83878760441528 ], [ -2.346910224135316, 36.838796310421372 ], [ -2.346820430561069, 36.838804831621708 ], [ -2.346753066201817, 36.838813475999174 ], [ -2.346696993117316, 36.838813167878342 ], [ -2.34661833743952, 36.838830764639084 ], [ -2.346539758416173, 36.838839347260404 ], [ -2.34646117945274, 36.838847920815496 ], [ -2.346393803803662, 36.838856564926893 ], [ -2.346304086824975, 36.838856071649289 ], [ -2.346225584470415, 36.838855639975854 ], [ -2.346136020970123, 36.838837118398807 ], [ -2.346068886746359, 36.838818720128884 ], [ -2.346012967168668, 36.838800383513167 ], [ -2.345956959645425, 36.838791060895687 ], [ -2.345900963350767, 36.838781738313621 ], [ -2.345845043841161, 36.83876340161946 ], [ -2.345755480544229, 36.838744879757385 ], [ -2.345688346495185, 36.838726481273987 ], [ -2.345632350282023, 36.838717158566091 ], [ -2.345565216287664, 36.838698760013607 ], [ -2.345498082325981, 36.838680361423449 ], [ -2.345442074956223, 36.838671038564677 ], [ -2.345363803286046, 36.838643564068455 ], [ -2.345285454836178, 36.838625103606191 ], [ -2.345207183270161, 36.838597629007666 ], [ -2.345151340993341, 36.838570268890571 ], [ -2.345095421821276, 36.838551931846425 ], [ -2.345017227266847, 36.8385154430391 ], [ -2.344827414160989, 36.8384152375531 ], [ -2.344760434423792, 36.838378810380682 ], [ -2.344637535856068, 36.838324045913417 ], [ -2.344559341754124, 36.838287556807963 ], [ -2.344492285328407, 36.838260143570267 ], [ -2.344402865621383, 36.838223592466527 ], [ -2.344346946884527, 36.838205255073504 ], [ -2.344291028174708, 36.83818691765439 ], [ -2.344201542902784, 36.838159380546287 ], [ -2.344145547293185, 36.838150057143039 ], [ -2.344089628672882, 36.838131719629892 ], [ -2.343955505346032, 36.838076883515726 ], [ -2.343888526322479, 36.838040455856977 ], [ -2.343810332870558, 36.8380039662635 ], [ -2.34376570594083, 36.837976676413433 ], [ -2.343698727095588, 36.837940248648906 ], [ -2.343631748314192, 36.837903820847025 ], [ -2.34356461552427, 36.837885421174015 ], [ -2.343486180035689, 36.837875973556599 ], [ -2.34340775578165, 36.837866525949529 ], [ -2.343329254483909, 36.837866092373595 ], [ -2.343250753187848, 36.837865658745834 ], [ -2.343138531395931, 36.837874053270035 ], [ -2.343059875903869, 36.8378916476806 ], [ -2.342981132057273, 36.837918256058721 ], [ -2.342913690965554, 36.837935912347163 ], [ -2.342677878326194, 36.837970666808616 ], [ -2.342610591418087, 36.837970294761305 ], [ -2.342532156047137, 36.837960837500788 ], [ -2.342453809000344, 36.837942375183843 ], [ -2.342364247514675, 36.837923850781877 ], [ -2.342319466788404, 36.837914588555719 ], [ -2.342252334314827, 36.837896188144718 ], [ -2.342196416344063, 36.837877849746576 ], [ -2.342140498400338, 36.837859511322335 ], [ -2.342084580483649, 36.837841172872011 ], [ -2.341995085214687, 36.837813634051209 ], [ -2.341927952909496, 36.837795233458351 ], [ -2.341860820636985, 36.837776832827849 ], [ -2.341793765640817, 36.837749418079625 ], [ -2.341726633441492, 36.837731017373905 ], [ -2.341659578534128, 36.837703602550661 ], [ -2.341570017526727, 36.837685077554262 ], [ -2.341502874224501, 36.837666676660994 ], [ -2.341435742169398, 36.837648275792162 ], [ -2.341346258578697, 36.837620736548679 ], [ -2.341279126602455, 36.837602335592052 ], [ -2.341133648403166, 36.837565462402502 ], [ -2.341077719732716, 36.837547123420038 ], [ -2.341021802303729, 36.837528784473626 ], [ -2.340932319004783, 36.837501244920873 ], [ -2.340887693403545, 36.837473954001169 ], [ -2.340831776074301, 36.837455614966132 ], [ -2.340775936134301, 36.837428261826282 ], [ -2.340720096234327, 36.837400908660499 ], [ -2.340664256374377, 36.83737355546873 ], [ -2.340574839558909, 36.837337001508509 ], [ -2.340507708021113, 36.837318600119694 ], [ -2.340395873801669, 36.837281921669152 ], [ -2.340026485142972, 36.837198741106128 ], [ -2.339970490768912, 36.837189415746842 ], [ -2.339869716501874, 36.837170818204363 ], [ -2.339791370924941, 36.837152354144699 ], [ -2.339690751651981, 36.83711573731086 ], [ -2.339634834876649, 36.837097397717159 ], [ -2.339578984415665, 36.837070043957993 ], [ -2.339523145209057, 36.837042690235151 ], [ -2.339478597893818, 36.837006384715011 ], [ -2.339422758769617, 36.836979030945535 ], [ -2.339344568557221, 36.836942538440056 ], [ -2.339299943850845, 36.83691524693063 ], [ -2.339244104857315, 36.836887893078128 ], [ -2.339199480218665, 36.836860601531406 ], [ -2.339143641301064, 36.836833247632228 ], [ -2.339099005515831, 36.836805955985874 ], [ -2.339020738069139, 36.836778477346193 ], [ -2.338953607403262, 36.836760075086623 ], [ -2.338841541995878, 36.836750437414935 ], [ -2.338774256208623, 36.836750063207006 ], [ -2.338695678520665, 36.836758640658928 ], [ -2.338628226366827, 36.836776285443563 ], [ -2.338515928104713, 36.836793689692129 ], [ -2.338448487016926, 36.836811343450435 ], [ -2.338358617281926, 36.836828872351269 ], [ -2.338302468089917, 36.836837574360771 ], [ -2.338111347579944, 36.836890597525517 ], [ -2.338055120636505, 36.836908313491996 ], [ -2.337998893667477, 36.836926029431559 ], [ -2.337953880997039, 36.836943807793574 ], [ -2.337875147624764, 36.836970412848395 ], [ -2.337807628530236, 36.83699708031363 ], [ -2.337740020457631, 36.837032761751267 ], [ -2.337661209195146, 36.837068380736007 ], [ -2.33761611863256, 36.837095173041618 ], [ -2.337559891428028, 36.837112888770626 ], [ -2.337492372100801, 36.837139556053842 ], [ -2.3373913651781, 36.837148007650285 ], [ -2.337301639142995, 36.83714750753655 ], [ -2.337245645156809, 36.837138180897412 ], [ -2.337189573402407, 36.837137868304673 ], [ -2.337133579437653, 36.837128541612948 ], [ -2.337021669429746, 36.837100865064301 ], [ -2.336976967664076, 36.837082586763309 ], [ -2.336920973766881, 36.837073259972009 ], [ -2.336831481299733, 36.83704571728785 ], [ -2.336764350944874, 36.83702731379578 ], [ -2.336708357115234, 36.837017986904918 ], [ -2.336618876005224, 36.836990444124417 ], [ -2.336562882221116, 36.836981117165436 ], [ -2.336506888450997, 36.836971790180201 ], [ -2.336450894694868, 36.836962463168696 ], [ -2.336394900952727, 36.836953136130965 ], [ -2.336338973891732, 36.836934794932979 ], [ -2.336283058072103, 36.836916453771508 ], [ -2.336227142279518, 36.836898112583945 ], [ -2.336171226513974, 36.836879771370292 ], [ -2.336081667851644, 36.836861242259438 ], [ -2.336025674230628, 36.836851915048825 ], [ -2.335947407868108, 36.836824434396526 ], [ -2.335869208284125, 36.836787939559748 ], [ -2.335791019989273, 36.836751444734695 ], [ -2.335467053366956, 36.836605393229036 ], [ -2.335411204775526, 36.836578037528014 ], [ -2.335355289442582, 36.836559695933886 ], [ -2.335288159877286, 36.83654129161453 ], [ -2.335220952333181, 36.83653190132749 ], [ -2.335176329352225, 36.836504608285352 ], [ -2.335143154714185, 36.836450335730703 ], [ -2.335087317566596, 36.836422979941815 ], [ -2.335020110152099, 36.836413589542332 ], [ -2.334964038951913, 36.836413275905244 ], [ -2.3348856061094, 36.836403822636655 ], [ -2.334818398738056, 36.836394432123519 ], [ -2.334751347516091, 36.836367013433886 ], [ -2.334572388397834, 36.836311915869196 ], [ -2.334516473464046, 36.83629357388368 ], [ -2.334505259242608, 36.836293511111059 ], [ -2.334270061875739, 36.836256136304272 ], [ -2.334090868863272, 36.836228089239285 ], [ -2.333922644489089, 36.83622714687521 ], [ -2.33390021606835, 36.836227021217063 ], [ -2.33382171659686, 36.836226581380224 ], [ -2.333754353154185, 36.836235218403708 ], [ -2.333395330749612, 36.836251234928561 ], [ -2.333316753027275, 36.836259808825019 ], [ -2.333238097044736, 36.836277396736065 ], [ -2.333170733496919, 36.836286033427662 ], [ -2.333092155716159, 36.836294607175006 ], [ -2.333013566782697, 36.836303171793254 ], [ -2.332912482245734, 36.836320633657678 ], [ -2.332833826112281, 36.836338221299506 ], [ -2.332755169943554, 36.836355808888896 ], [ -2.33269902050443, 36.836364508249659 ], [ -2.332642792739381, 36.836382221649224 ], [ -2.332575339501954, 36.836399872004108 ], [ -2.332496604882464, 36.836426473486178 ], [ -2.332395363386413, 36.836461963037664 ], [ -2.332327764536482, 36.83649764144306 ], [ -2.332249029733057, 36.836524242758856 ], [ -2.332192645016212, 36.836559984071641 ], [ -2.332091313613609, 36.836604487361399 ], [ -2.332023871272608, 36.836622137462498 ], [ -2.331956350506232, 36.836648801588765 ], [ -2.331877615422242, 36.836675402655054 ], [ -2.331787587594637, 36.836710954702369 ], [ -2.331731280949679, 36.83673768172843 ], [ -2.331641241768334, 36.836773233600098 ], [ -2.331562428008649, 36.836808848517599 ], [ -2.331472399959954, 36.836844391308333 ], [ -2.331404878810439, 36.836871055116504 ], [ -2.331314929009791, 36.836897592737927 ], [ -2.331225124896606, 36.836906102103399 ], [ -2.330899596035212, 36.836940328484587 ], [ -2.330843445971259, 36.836949026961676 ], [ -2.330753720288093, 36.836948521908674 ], [ -2.330686512982704, 36.836939129060838 ], [ -2.330596798528287, 36.836938623952655 ], [ -2.330540805557267, 36.836929294164925 ], [ -2.330484812600243, 36.83691996435094 ], [ -2.330395255329655, 36.83690143096976 ], [ -2.330328194071404, 36.836874009736029 ], [ -2.330193936923953, 36.836837195403035 ], [ -2.330149236975522, 36.836818914551777 ], [ -2.3300597585252, 36.836791366859423 ], [ -2.330003765809054, 36.836782027806194 ], [ -2.329947851659248, 36.836763683680871 ], [ -2.329858362133273, 36.836736135774849 ], [ -2.329802369404603, 36.836726805641398 ], [ -2.329746455344369, 36.83670846142207 ], [ -2.329690462650237, 36.836699131236209 ], [ -2.329634548637593, 36.836680786964642 ], [ -2.329578634651999, 36.836662442666984 ], [ -2.329489156594432, 36.83663489454834 ], [ -2.32943332136876, 36.836607536123644 ], [ -2.329366193232919, 36.836589128474365 ], [ -2.329321482415553, 36.836570847251309 ], [ -2.329243218805261, 36.836543362211081 ], [ -2.329019642547647, 36.836460970075223 ], [ -2.328840676164625, 36.836405872873264 ], [ -2.328762412977269, 36.836378378505124 ], [ -2.328706578200823, 36.836351019742445 ], [ -2.328639371685517, 36.836341625744168 ], [ -2.3285611085586, 36.836314140258665 ], [ -2.328505273901673, 36.836286781402336 ], [ -2.328404740095877, 36.836241141018711 ], [ -2.328337601320253, 36.83622273272988 ], [ -2.328270552617691, 36.836195310409082 ], [ -2.328214639319472, 36.836176965475282 ], [ -2.328158804887446, 36.836149606457859 ], [ -2.328091677466786, 36.836131198094634 ], [ -2.328002200575896, 36.836103648866008 ], [ -2.327935062019965, 36.836085240351608 ], [ -2.327879148884054, 36.836066895261297 ], [ -2.327823314653387, 36.836039536087831 ], [ -2.327767322693385, 36.836030205002423 ], [ -2.327621933026951, 36.835984310321294 ], [ -2.327566020041225, 36.835965965084903 ], [ -2.327510028167866, 36.835956633879064 ], [ -2.327420540559586, 36.835929075138544 ], [ -2.327353413514284, 36.835910666361528 ], [ -2.327286286501683, 36.835892257546867 ], [ -2.327230373665255, 36.835873912153815 ], [ -2.327163246715212, 36.835855503270196 ], [ -2.327107412897286, 36.835828143763678 ], [ -2.327018015694315, 36.835791579744047 ], [ -2.326973384888055, 36.835764283589853 ], [ -2.326917472221341, 36.835745938050955 ], [ -2.326738915289752, 36.835645767495258 ], [ -2.326649518477432, 36.835609203201329 ], [ -2.326191152278435, 36.835444345223856 ], [ -2.326101835123672, 36.835398757452907 ], [ -2.326034867039793, 36.835362319827993 ], [ -2.325956673745148, 36.835325818524666 ], [ -2.325900840747932, 36.835298458457302 ], [ -2.325845007790748, 36.835271098363997 ], [ -2.325778039941317, 36.835234660595994 ], [ -2.325722207074793, 36.835207300445653 ], [ -2.325666374248303, 36.835179940269356 ], [ -2.325599327427408, 36.835152516456141 ], [ -2.325543494685106, 36.835125156222738 ], [ -2.32544287381918, 36.835088527349384 ], [ -2.325386962018655, 36.835070181097315 ], [ -2.325331129412947, 36.835042820765153 ], [ -2.32528643168803, 36.835024538102324 ], [ -2.325230519972362, 36.835006191777339 ], [ -2.325163394274364, 36.834987781774409 ], [ -2.325062694574676, 36.834960166635796 ], [ -2.325006862166209, 36.834932806152842 ], [ -2.324939736587652, 36.834914396024601 ], [ -2.324850262275024, 36.834886844443972 ], [ -2.324727225375918, 36.834850078654071 ], [ -2.324671313924276, 36.834831732068189 ], [ -2.324615402499686, 36.834813385456215 ], [ -2.324559559145727, 36.834786024701536 ], [ -2.324246519291091, 36.8346760718049 ], [ -2.324179314823105, 36.83466667530309 ], [ -2.32412324502247, 36.834666356566295 ], [ -2.324078695222992, 36.834630045285053 ], [ -2.32403431531677, 36.834575705946556 ], [ -2.323978562884506, 36.834539330933239 ], [ -2.323922651842232, 36.834520983998416 ], [ -2.323889327368879, 36.834484736479055 ], [ -2.323867296192278, 36.83443953867264 ], [ -2.323811385249662, 36.834421191686211 ], [ -2.323755315632456, 36.834420872777699 ], [ -2.323687952734204, 36.834429504104449 ], [ -2.323620986654534, 36.834393065134115 ], [ -2.323565144044708, 36.834365694903063 ], [ -2.323498098698753, 36.834338269915968 ], [ -2.323442187920381, 36.834319922757231 ], [ -2.323363769962501, 36.83431046198379 ], [ -2.323274217526939, 36.834291923278499 ], [ -2.323218306837258, 36.834273576015228 ], [ -2.323151341119309, 36.834237136783052 ], [ -2.323028533109889, 36.834173336047009 ], [ -2.322950194801191, 36.834154860951635 ], [ -2.322883070410717, 36.834136449671696 ], [ -2.32282708047103, 36.834127116276811 ], [ -2.322737448915017, 36.834117591220753 ], [ -2.322681459007815, 36.83410825775757 ], [ -2.322602950668184, 36.8341078104716 ], [ -2.322524453544163, 36.834107363197703 ], [ -2.322445956421874, 36.834106915871985 ], [ -2.322344872521986, 36.834124368762438 ], [ -2.322288644094201, 36.834142077263934 ], [ -2.322232245369305, 36.834177813773678 ], [ -2.322175778270383, 36.834222564369199 ], [ -2.322119231642832, 36.834276319972027 ], [ -2.322062843954749, 36.834312056462721 ], [ -2.321747490488938, 36.834463504378576 ], [ -2.321680047751071, 36.834481148612959 ], [ -2.321612684585243, 36.834489778760812 ], [ -2.32154540101524, 36.834489394822576 ], [ -2.321466903518513, 36.83448894684652 ], [ -2.321399619951271, 36.83448856282579 ], [ -2.321321202094417, 36.834479100706126 ], [ -2.321254066612898, 36.834460688444508 ], [ -2.321153459928996, 36.834424056030421 ], [ -2.321097549665941, 36.834405707774373 ], [ -2.320996863455989, 36.834378089275901 ], [ -2.320940953264785, 36.83435974094678 ], [ -2.320885043100637, 36.83434139259159 ], [ -2.320806693945153, 36.83432291602378 ], [ -2.320739570021058, 36.834304494523799 ], [ -2.320683659946514, 36.834286146074632 ], [ -2.320549412096787, 36.834249320927256 ], [ -2.320482288220986, 36.83423090829713 ], [ -2.320426378263092, 36.834212559727924 ], [ -2.320370457118369, 36.834194211068528 ], [ -2.320314467460703, 36.83418487649309 ], [ -2.320258557577473, 36.834166527845561 ], [ -2.320191513614239, 36.834139101006663 ], [ -2.320135603794439, 36.834120752301814 ], [ -2.320079694001695, 36.834102403570895 ], [ -2.320012570370505, 36.834083990677584 ], [ -2.319755518269985, 36.833983360689899 ], [ -2.319688474649678, 36.833955933569939 ], [ -2.319599083231099, 36.833919364018421 ], [ -2.319543253559885, 36.833892000992449 ], [ -2.319487423928707, 36.83386463794055 ], [ -2.319398021499957, 36.83382806817518 ], [ -2.319342192047564, 36.833800696041735 ], [ -2.319286282681984, 36.833782346941035 ], [ -2.319230373343461, 36.833763997814259 ], [ -2.319152116292783, 36.83373650618406 ], [ -2.319051591483097, 36.833690857962445 ], [ -2.318984537160253, 36.833663430385137 ], [ -2.318895066504515, 36.833635874353561 ], [ -2.318805515984586, 36.833617332299163 ], [ -2.318727179300544, 36.833598854435586 ], [ -2.318648842654937, 36.833580376520715 ], [ -2.318548238394644, 36.833543741921112 ], [ -2.31848126435065, 36.83350730001888 ], [ -2.318403087812055, 36.833470793856414 ], [ -2.31834725889925, 36.833443430274457 ], [ -2.31829143002648, 36.833416066666572 ], [ -2.318235601193744, 36.833388703032753 ], [ -2.318213253752236, 36.833379551366569 ], [ -2.318157424974262, 36.833352187696427 ], [ -2.318101596236323, 36.833324824000357 ], [ -2.318056901268303, 36.833306538642034 ], [ -2.318000981363362, 36.833288188877887 ], [ -2.317945072699227, 36.833269839151974 ], [ -2.317866896660909, 36.833233332640582 ], [ -2.317811068114332, 36.83320596880948 ], [ -2.317744025879745, 36.833178540603498 ], [ -2.31759880790529, 36.833114605674226 ], [ -2.317542968328107, 36.833087241654184 ], [ -2.317475926294589, 36.833059813298533 ], [ -2.317420178105464, 36.833023435243511 ], [ -2.317018396837487, 36.832804779821686 ], [ -2.316940141653422, 36.832777277735197 ], [ -2.316895447285304, 36.832758991944658 ], [ -2.316839619434056, 36.832731627662312 ], [ -2.316795005279418, 36.832704327792797 ], [ -2.316716750199252, 36.832676834574713 ], [ -2.316660922472233, 36.832649470209326 ], [ -2.316593869927475, 36.832622041296979 ], [ -2.316538042284656, 36.832594676874514 ], [ -2.316482214681872, 36.8325673124261 ], [ -2.316426387119122, 36.832539947951759 ], [ -2.316370720019912, 36.83249455536933 ], [ -2.316303759148818, 36.83245811231852 ], [ -2.316225664956083, 36.832412590698468 ], [ -2.316025092750303, 36.83226720496436 ], [ -2.315969426086272, 36.832221812196437 ], [ -2.315913598959137, 36.832194447484191 ], [ -2.315857852142963, 36.832158068705375 ], [ -2.315790811531842, 36.832130639409733 ], [ -2.315712557482999, 36.832103136523699 ], [ -2.31563429219699, 36.832075642536097 ], [ -2.315589598553069, 36.832057356259909 ], [ -2.31552263843731, 36.832020912774233 ], [ -2.315455678385406, 36.831984469251275 ], [ -2.315388798722677, 36.831939011650938 ], [ -2.315098762263834, 36.831766065661803 ], [ -2.315031802637017, 36.831729621902916 ], [ -2.314964923448361, 36.83168416406707 ], [ -2.314897963957002, 36.831647720233697 ], [ -2.314831073705776, 36.831602262258862 ], [ -2.314786460926389, 36.831574961644591 ], [ -2.314730634695881, 36.831547596383082 ], [ -2.314663675435769, 36.831511152419296 ], [ -2.314596635822618, 36.83148372245752 ], [ -2.314552023196112, 36.831456421756307 ], [ -2.314496036279192, 36.831447084464244 ], [ -2.314451423710107, 36.831419783725707 ], [ -2.314384453481931, 36.831383339541738 ], [ -2.314328707983754, 36.831346960054496 ], [ -2.31423940273567, 36.831301363461662 ], [ -2.314172443925755, 36.831264919224331 ], [ -2.314094271744832, 36.831228410259477 ], [ -2.314038446015934, 36.831201044676504 ], [ -2.3139600212791, 36.831191577675426 ], [ -2.313892901702024, 36.83117316135931 ], [ -2.313837076086199, 36.831145795682673 ], [ -2.313792624948795, 36.831100466623028 ], [ -2.313748334894016, 36.831037109470259 ], [ -2.313703803351132, 36.831000794416148 ], [ -2.313648138981719, 36.830955400575348 ], [ -2.313603607533542, 36.830919085484183 ], [ -2.313547770992739, 36.830891719608779 ], [ -2.313503078542258, 36.830873432556821 ], [ -2.313424745976791, 36.830854951232944 ], [ -2.313380134135316, 36.830827650097199 ], [ -2.313313015019038, 36.830809233457302 ], [ -2.313257270448489, 36.830772853473754 ], [ -2.313201445352457, 36.830745487502156 ], [ -2.313156914238191, 36.830709172245847 ], [ -2.313101158601224, 36.83067279212522 ], [ -2.31303420088459, 36.830636347254249 ], [ -2.312978537176451, 36.830590953103979 ], [ -2.312889314151405, 36.83053635048509 ], [ -2.312844702686611, 36.830509049150834 ], [ -2.312777987197919, 36.830445553010897 ], [ -2.312510388885911, 36.830272730407948 ], [ -2.312454564422088, 36.830245364089869 ], [ -2.31240995328171, 36.830218062594518 ], [ -2.312354117680548, 36.830190696164969 ], [ -2.312298293332704, 36.830163329774344 ], [ -2.312265137626494, 36.830109050972375 ], [ -2.312220768707504, 36.830054707295986 ], [ -2.312198745659321, 36.830009507377675 ], [ -2.31216542869316, 36.829973256621976 ], [ -2.312120898516574, 36.829936940982627 ], [ -2.312076287674106, 36.829909639363741 ], [ -2.312009088964821, 36.829900236033289 ], [ -2.311941879059339, 36.829890832600128 ], [ -2.311874761115676, 36.829872415157439 ], [ -2.311807643204729, 36.829853997677134 ], [ -2.311751738552549, 36.82983564506933 ], [ -2.311707047150707, 36.829817357349789 ], [ -2.311651142549838, 36.829799004695118 ], [ -2.311595318740057, 36.829771637978169 ], [ -2.311550708182561, 36.829744336164239 ], [ -2.311271740384257, 36.829589464936397 ], [ -2.31119357130435, 36.82955295408599 ], [ -2.311148799386389, 36.829543680194568 ], [ -2.311092814298927, 36.829534341315622 ], [ -2.311014553317078, 36.829506844319241 ], [ -2.310969943121698, 36.829479542289938 ], [ -2.310902906621874, 36.829452110268051 ], [ -2.310847245035793, 36.82940671513289 ], [ -2.310791421801211, 36.829379348042622 ], [ -2.310746811759769, 36.829352045930591 ], [ -2.310679937192285, 36.829306585713937 ], [ -2.31063531601982, 36.829279283495588 ], [ -2.310579492954186, 36.829251916306951 ], [ -2.310534963949385, 36.829215600081334 ], [ -2.310479221859383, 36.829179218811163 ], [ -2.310423398922659, 36.829151851550115 ], [ -2.310345311605473, 36.829106326113227 ], [ -2.310278437490725, 36.829060865673569 ], [ -2.310222684422106, 36.829024484219552 ], [ -2.310166942619532, 36.828988102804793 ], [ -2.3101223330287, 36.82896080046131 ], [ -2.31007780440925, 36.828924484066697 ], [ -2.310010768717158, 36.828897051547578 ], [ -2.309966240187577, 36.828860735111711 ], [ -2.309910336708091, 36.828842381647085 ], [ -2.309832076862808, 36.828814883880874 ], [ -2.309765041355678, 36.828787451224613 ], [ -2.309698005977852, 36.828760009516877 ], [ -2.309619838500001, 36.828723497643239 ], [ -2.30956393520521, 36.828705144017206 ], [ -2.309463017703336, 36.828704557946388 ], [ -2.309384434081702, 36.828713116022826 ], [ -2.309305942685932, 36.828712660078786 ], [ -2.309238583310724, 36.828721283261729 ], [ -2.309148716755871, 36.828738790134771 ], [ -2.309070063223307, 36.828756362100812 ], [ -2.309002703785384, 36.82876498514937 ], [ -2.308935344332941, 36.828773608159594 ], [ -2.308845628605602, 36.828773086671752 ], [ -2.308778350221405, 36.828772695560339 ], [ -2.308677432647543, 36.828772108821852 ], [ -2.308598941203226, 36.828771652410488 ], [ -2.308531662823789, 36.828771261159503 ], [ -2.308464465574, 36.828761855838671 ], [ -2.308374831008131, 36.828752319964046 ], [ -2.308307633795498, 36.828742914554901 ], [ -2.308240436599911, 36.828733509107941 ], [ -2.308173239502532, 36.828724094609136 ], [ -2.308016407878948, 36.828705152942646 ], [ -2.307937997703904, 36.828695682064726 ], [ -2.307870800598152, 36.828686276409677 ], [ -2.307814816557095, 36.828676935996469 ], [ -2.307747538271738, 36.828676544302674 ], [ -2.307691554253676, 36.828667203831621 ], [ -2.307624275978594, 36.828666812068171 ], [ -2.307568280770479, 36.828657471473996 ], [ -2.30751229678943, 36.828648130918886 ], [ -2.307445099781168, 36.828638725024142 ], [ -2.307366689750288, 36.828629253770778 ], [ -2.307299492777651, 36.828619847794066 ], [ -2.307210032299019, 36.828592283050178 ], [ -2.307142905449045, 36.828573862890494 ], [ -2.307053526374975, 36.828537284000284 ], [ -2.306997623847465, 36.828518929174805 ], [ -2.306930589634668, 36.828491494932251 ], [ -2.306874768484558, 36.828464126020265 ], [ -2.30680781568595, 36.828427677680011 ], [ -2.30676328895812, 36.82839136006033 ], [ -2.306707538142634, 36.828354967962234 ], [ -2.306640748201054, 36.828300491470948 ], [ -2.306540400761321, 36.828236804722465 ], [ -2.30649587427067, 36.828200487003947 ], [ -2.306440053488459, 36.828173117890344 ], [ -2.306350675220642, 36.828136538477651 ], [ -2.306294843324393, 36.828109169231205 ], [ -2.306216759547012, 36.828063641111349 ], [ -2.306093986881045, 36.827999823130739 ], [ -2.306038247800281, 36.827963439802168 ], [ -2.305960001485069, 36.827935939572413 ], [ -2.305904181088484, 36.827908570209999 ], [ -2.305848430951611, 36.827872186728072 ], [ -2.305803823563023, 36.827844882781925 ], [ -2.305748084733074, 36.827808499319005 ], [ -2.305692264505437, 36.827781129858288 ], [ -2.305647820137141, 36.827735797798326 ], [ -2.305580868560821, 36.827699348775411 ], [ -2.305525048472687, 36.827671979237131 ], [ -2.305469146948173, 36.827653623700719 ], [ -2.305424447127806, 36.827635333576225 ], [ -2.305368627142719, 36.827607963965285 ], [ -2.305312970186707, 36.82756256627323 ], [ -2.305279413047948, 36.827553355700807 ], [ -2.30517914931242, 36.827480644775882 ], [ -2.305123329528062, 36.82745327505117 ], [ -2.305067580093736, 36.827416891207626 ], [ -2.305023054777052, 36.827380572944797 ], [ -2.304967398190378, 36.827335175093111 ], [ -2.304911660128698, 36.827298791242967 ], [ -2.304844790834251, 36.827253327783289 ], [ -2.304788971335368, 36.827225957903522 ], [ -2.304733233437924, 36.827189573970784 ], [ -2.304655221885762, 36.827135030745225 ], [ -2.304610778503138, 36.827089698303027 ], [ -2.30456625359224, 36.82705337987138 ], [ -2.304510597512798, 36.827007981808677 ], [ -2.304443647114917, 36.826971532153223 ], [ -2.304399203951408, 36.826926199632986 ], [ -2.304309991341145, 36.826871590650363 ], [ -2.304254242715727, 36.826835206430381 ], [ -2.304187374215262, 36.826789742605719 ], [ -2.304120342530145, 36.826762306797072 ], [ -2.304075736404097, 36.826735002210683 ], [ -2.304019917558565, 36.826707631974301 ], [ -2.303964180403146, 36.826671247685617 ], [ -2.303908443300657, 36.82663486337114 ], [ -2.303852624669822, 36.826607484043102 ], [ -2.303763319935031, 36.826561888615906 ], [ -2.303696288602663, 36.82653445257079 ], [ -2.303629339007461, 36.826498002462273 ], [ -2.30354012744594, 36.82644339290902 ], [ -2.303484472416546, 36.826397994372336 ], [ -2.303428654029002, 36.826370623861585 ], [ -2.30337298790563, 36.826325225207711 ], [ -2.303317169611089, 36.826297854645269 ], [ -2.303261433087878, 36.826261470031248 ], [ -2.303172222064203, 36.826206860205417 ], [ -2.303116485676035, 36.826170475524322 ], [ -2.303060749340796, 36.826134090817419 ], [ -2.302993789185978, 36.826097640289674 ], [ -2.30294926561645, 36.826061321260511 ], [ -2.30288231679104, 36.826024870736489 ], [ -2.302793188098717, 36.825961246604528 ], [ -2.302737452069185, 36.825924861748 ], [ -2.302681716092581, 36.825888476865678 ], [ -2.30262596895628, 36.825852091891804 ], [ -2.302570233085538, 36.825815706957883 ], [ -2.302503284655503, 36.825779256223086 ], [ -2.302425287338211, 36.825724711618918 ], [ -2.302369551655438, 36.825688326592122 ], [ -2.302313816025594, 36.825651941539526 ], [ -2.302224677025886, 36.825588316921113 ], [ -2.302168941619375, 36.825551922787461 ], [ -2.302102075476211, 36.825506457804948 ], [ -2.302046340105575, 36.825470072628569 ], [ -2.301979392227329, 36.825433621602443 ], [ -2.30192365696799, 36.825397236369291 ], [ -2.301812257294031, 36.825315451735442 ], [ -2.301745391568669, 36.825269986554915 ], [ -2.301656182780575, 36.825215375605907 ], [ -2.301600447833364, 36.825178990223172 ], [ -2.301488978097722, 36.825106219380345 ], [ -2.301422112746649, 36.825060754020335 ], [ -2.301355236262374, 36.825015288557324 ], [ -2.301266028049068, 36.824960677319282 ], [ -2.301198999018772, 36.824933239882945 ], [ -2.301132052013807, 36.82489678838558 ], [ -2.301042762110731, 36.824851191005649 ], [ -2.300987109713742, 36.824805791315498 ], [ -2.300931364169906, 36.82476940555717 ], [ -2.3008644994437, 36.824723939887583 ], [ -2.300797552863223, 36.824687479190153 ], [ -2.300730688287913, 36.824642013446251 ], [ -2.300641562988712, 36.824578387722262 ], [ -2.300585817774349, 36.824542001804012 ], [ -2.300518953451439, 36.824496535942586 ], [ -2.300463301621354, 36.824451136010531 ], [ -2.300407567796502, 36.824414750075753 ], [ -2.30034070369019, 36.824369284115406 ], [ -2.300240366639498, 36.824305592116673 ], [ -2.30018462181396, 36.824269206012751 ], [ -2.300117757966839, 36.824223739928627 ], [ -2.300050894199015, 36.824178273807405 ], [ -2.299995160768387, 36.824141887681797 ], [ -2.299917084784161, 36.824096355476122 ], [ -2.299593804694363, 36.823887117967807 ], [ -2.299526941530999, 36.823841651555711 ], [ -2.299459996277092, 36.8238051991286 ], [ -2.299393215442155, 36.823750718620211 ], [ -2.299259478540397, 36.823659776456154 ], [ -2.299136800953426, 36.82358693735754 ], [ -2.298980569005246, 36.823504885804041 ], [ -2.29891361309404, 36.823468433006951 ], [ -2.298835456197992, 36.823431914121365 ], [ -2.298768511632228, 36.823395461309637 ], [ -2.298656882656064, 36.823340715888158 ], [ -2.29859002052578, 36.823295248955908 ], [ -2.298523158474788, 36.823249781986554 ], [ -2.298144142830177, 36.823004153687876 ], [ -2.298032679541627, 36.822931379646057 ], [ -2.297965735796206, 36.822894926387924 ], [ -2.297898874464746, 36.822849459072053 ], [ -2.297831930854755, 36.822813005739498 ], [ -2.29767585550974, 36.822712915371355 ], [ -2.297608912125479, 36.822676461914796 ], [ -2.29749744982221, 36.822603687377622 ], [ -2.297430506618522, 36.822567233821843 ], [ -2.297374858015231, 36.822521832463615 ], [ -2.297252337682639, 36.822430963338697 ], [ -2.297096357445032, 36.822321867280088 ], [ -2.297018285040962, 36.82227633319475 ], [ -2.296940212729808, 36.822230799058772 ], [ -2.296839787623224, 36.822176118180181 ], [ -2.296772845106695, 36.822139664258756 ], [ -2.296717197202454, 36.82209426259687 ], [ -2.296616783646523, 36.82203958159856 ], [ -2.296561053402729, 36.82200319388383 ], [ -2.296494193682468, 36.821957725788273 ], [ -2.296416028274811, 36.821921205265177 ], [ -2.296337874154033, 36.821884684757613 ], [ -2.296282226692265, 36.821839282894885 ], [ -2.296193025878837, 36.821784658884759 ], [ -2.296126001458275, 36.821757218622416 ], [ -2.296059048436545, 36.821720764237654 ], [ -2.296003236120896, 36.821693390283421 ], [ -2.295936211848919, 36.821665949915243 ], [ -2.295869270209765, 36.821629495491244 ], [ -2.295768775274625, 36.821583827803742 ], [ -2.295701751183443, 36.821556387304803 ], [ -2.295645927904252, 36.821529013118294 ], [ -2.295578903905554, 36.821501572550829 ], [ -2.295511797329231, 36.821483145963931 ], [ -2.295444690785637, 36.821464719339453 ], [ -2.295344031031614, 36.821437079332235 ], [ -2.295265629956536, 36.821427600180485 ], [ -2.295198346985525, 36.821427201386484 ], [ -2.295108568635754, 36.821435683707818 ], [ -2.295052426152747, 36.821444365380536 ], [ -2.294984989006812, 36.821461994566199 ], [ -2.29491763452613, 36.821470609696405 ], [ -2.294861326592938, 36.821497319311803 ], [ -2.294805101329854, 36.821515014883474 ], [ -2.294703851491652, 36.821550472384658 ], [ -2.294647626154445, 36.821568167880891 ], [ -2.294602530040222, 36.82159494388096 ], [ -2.294546221908161, 36.821621653344451 ], [ -2.294489996483538, 36.821639348765004 ], [ -2.294422559041998, 36.821656977627896 ], [ -2.294343992339808, 36.821665525898581 ], [ -2.294276637614487, 36.821674140662722 ], [ -2.294220483657321, 36.821682821872869 ], [ -2.294119492917025, 36.821691236891787 ], [ -2.294063432939277, 36.821690904079126 ], [ -2.293951478688482, 36.821672201331204 ], [ -2.293884372369155, 36.821653773828892 ], [ -2.293828478069335, 36.821635412876766 ], [ -2.293739019467091, 36.821607838035447 ], [ -2.293660784120305, 36.821580329797484 ], [ -2.293526820395663, 36.821516432387632 ], [ -2.293471009148729, 36.821489057254993 ], [ -2.293404068854479, 36.821452601456052 ], [ -2.293314859271757, 36.821397984257054 ], [ -2.293259131077098, 36.821361595012327 ], [ -2.293203402935359, 36.821325205741822 ], [ -2.293147591943877, 36.821297830459194 ], [ -2.293024841070286, 36.821233999140851 ], [ -2.29298023091975, 36.821206690375789 ], [ -2.29294692685693, 36.821170434317636 ], [ -2.292891199002554, 36.821134044902685 ], [ -2.292857812076991, 36.82110680283332 ], [ -2.292802167253641, 36.821061399363828 ], [ -2.292724181659942, 36.821006848476657 ], [ -2.292657408061461, 36.82095236423617 ], [ -2.292601752256487, 36.820906960607466 ], [ -2.292557153658699, 36.820879651752506 ], [ -2.292456827675544, 36.820815953265218 ], [ -2.292389888452813, 36.820779496902574 ], [ -2.292322949293924, 36.820743040502705 ], [ -2.29223375252007, 36.820688422569781 ], [ -2.292166813515308, 36.820651966083084 ], [ -2.292099946386045, 36.820606495479765 ], [ -2.291988326281711, 36.820551743865629 ], [ -2.29166508288594, 36.820342485063875 ], [ -2.2916093562423, 36.820306095055983 ], [ -2.291542417869533, 36.82026963822215 ], [ -2.291475645751675, 36.820215153327048 ], [ -2.291408707522071, 36.820178696418907 ], [ -2.291330629493881, 36.820133158574919 ], [ -2.291230305508628, 36.820069459066005 ], [ -2.291174662400282, 36.820024054845263 ], [ -2.291063293320915, 36.819942251324356 ], [ -2.291007650403381, 36.819896847026513 ], [ -2.29094078462028, 36.819851375779905 ], [ -2.29085175620494, 36.819778728800557 ], [ -2.290796113530803, 36.819733324405092 ], [ -2.290740470922396, 36.819687919983934 ], [ -2.290651526075986, 36.819606258845312 ], [ -2.290595883644866, 36.819560854357427 ], [ -2.290540230067804, 36.819515449776965 ], [ -2.290473376105343, 36.819469978338006 ], [ -2.290406605440632, 36.819415492850787 ], [ -2.290339751644438, 36.819370021337704 ], [ -2.290228384319616, 36.819288226059477 ], [ -2.290172731157264, 36.819242821309359 ], [ -2.290117089272268, 36.819197416600495 ], [ -2.290050319097034, 36.819142930915959 ], [ -2.28998354901645, 36.819088445194438 ], [ -2.289927907354932, 36.819043040398256 ], [ -2.289827669244857, 36.818970325711135 ], [ -2.289760816179426, 36.818924853876958 ], [ -2.289682740406966, 36.818879314965393 ], [ -2.289549118003212, 36.818779357088687 ], [ -2.289493560145891, 36.81872493808158 ], [ -2.289404534403588, 36.818652290033548 ], [ -2.289337753995748, 36.818597803887378 ], [ -2.289270901545096, 36.818552331781497 ], [ -2.289204049173723, 36.818506859638518 ], [ -2.289137196881629, 36.81846138745847 ], [ -2.289037043656063, 36.818379658103758 ], [ -2.288981391855713, 36.81833425280373 ], [ -2.288936962819359, 36.818288914588827 ], [ -2.288881405748957, 36.818234495299684 ], [ -2.288803592621159, 36.81816191385581 ], [ -2.288736824276681, 36.818107427443849 ], [ -2.288681184061913, 36.818062022072304 ], [ -2.288603109808874, 36.818016482461488 ], [ -2.288536258299618, 36.817971009948224 ], [ -2.288480701742083, 36.817916590474439 ], [ -2.28839167789331, 36.817843941678539 ], [ -2.288324910117147, 36.817789455038465 ], [ -2.288269270459439, 36.817744040462827 ], [ -2.288202491645397, 36.81768955368787 ], [ -2.288046617451041, 36.817571431901769 ], [ -2.287968638784372, 36.817516877937798 ], [ -2.287901871592298, 36.817462391063465 ], [ -2.287846232337865, 36.817416985306622 ], [ -2.287790498418765, 36.817380593466083 ], [ -2.287734859289397, 36.817335187657847 ], [ -2.287578986533459, 36.817217065267144 ], [ -2.287500925006746, 36.817171525009577 ], [ -2.287411652259473, 36.817125917516663 ], [ -2.287322619126476, 36.817053267864239 ], [ -2.287255769215008, 36.817007794640844 ], [ -2.286899337977021, 36.816753251411448 ], [ -2.286832488577899, 36.81670777795329 ], [ -2.286743384048923, 36.816644141948665 ], [ -2.286687746072113, 36.816598735657223 ], [ -2.286632108161022, 36.816553329340117 ], [ -2.286542909103468, 36.816498707128169 ], [ -2.286487271350484, 36.816453300744229 ], [ -2.286420422456905, 36.816407827057546 ], [ -2.286353573642598, 36.81636235333378 ], [ -2.28629793610029, 36.816316946862479 ], [ -2.2862422986237, 36.816271540365513 ], [ -2.286164311349505, 36.816216985167024 ], [ -2.286108674024262, 36.816171578608397 ], [ -2.28606424792908, 36.816126239335361 ], [ -2.285741206850333, 36.815898936632422 ], [ -2.285685486244133, 36.815862543885878 ], [ -2.285596634961645, 36.815771865011754 ], [ -2.285552209398761, 36.815726525550119 ], [ -2.285507700106525, 36.815690200079331 ], [ -2.285474485819537, 36.815644918937025 ], [ -2.285429976611127, 36.81560859343756 ], [ -2.285396667315631, 36.815572335227628 ], [ -2.285307732902768, 36.815490670147696 ], [ -2.285252012797904, 36.815454277200942 ], [ -2.285196376563222, 36.81540887022139 ], [ -2.285140656570597, 36.815372477223171 ], [ -2.285096063848827, 36.815345165607425 ], [ -2.285051471158863, 36.815317853975174 ], [ -2.28499565624978, 36.815290474849355 ], [ -2.284950979781927, 36.815272177186699 ], [ -2.284895176153354, 36.815244798081665 ], [ -2.284839372564806, 36.815217418950752 ], [ -2.284750019811278, 36.815180823492639 ], [ -2.28468308917916, 36.815144362849033 ], [ -2.284638580635566, 36.815108037057442 ], [ -2.284594060923021, 36.815071711181979 ], [ -2.284327094714521, 36.814844741982697 ], [ -2.28426024850212, 36.814799267098202 ], [ -2.284193475090867, 36.814744778103076 ], [ -2.28412671298521, 36.814690289138468 ], [ -2.284059867026015, 36.814644814142881 ], [ -2.283993021146089, 36.81459933911021 ], [ -2.283926259308992, 36.814544850034629 ], [ -2.283859402384374, 36.814499374860368 ], [ -2.283792556749953, 36.81445389971654 ], [ -2.283692414432643, 36.814372165922848 ], [ -2.283414063190464, 36.814163155114009 ], [ -2.283358428977534, 36.81411774728651 ], [ -2.2833028788655, 36.814063325427988 ], [ -2.2832584556404, 36.814017985121687 ], [ -2.283202821624232, 36.813972577222394 ], [ -2.283147187673775, 36.813927169297443 ], [ -2.283058173489724, 36.813854516564149 ], [ -2.283002612568882, 36.813800094499726 ], [ -2.282935768050514, 36.813754618880971 ], [ -2.282880134415477, 36.813709210832826 ], [ -2.282824584936166, 36.813654788754 ], [ -2.282757824747374, 36.813600299031613 ], [ -2.282668895417361, 36.813518632006023 ], [ -2.282590913478598, 36.813464074496316 ], [ -2.282178965578524, 36.813155086087114 ], [ -2.282123332824392, 36.813109677689859 ], [ -2.282056489427941, 36.813064201583714 ], [ -2.281989814482566, 36.813000697431775 ], [ -2.281934013567263, 36.812973316955897 ], [ -2.281867243391121, 36.812918826672835 ], [ -2.281778315794563, 36.812837158990661 ], [ -2.281711472839712, 36.812791682693266 ], [ -2.28156691345197, 36.812664606242329 ], [ -2.281500143803947, 36.812610115756044 ], [ -2.281433301211429, 36.812564639304462 ], [ -2.281010236417066, 36.812246574170821 ], [ -2.280976941867694, 36.812210314808539 ], [ -2.280910015623339, 36.812173852070423 ], [ -2.280843258078076, 36.812119361288268 ], [ -2.280776416302155, 36.812073884472539 ], [ -2.28070964772791, 36.812019393548631 ], [ -2.280654016663782, 36.811973984473653 ], [ -2.280609596204212, 36.811928643191919 ], [ -2.280553965264736, 36.811883234070791 ], [ -2.280464955898241, 36.811810579423621 ], [ -2.280409409496961, 36.811756156232654 ], [ -2.280342568293954, 36.811710679176514 ], [ -2.280242422007394, 36.811628942450476 ], [ -2.280175665408293, 36.811574451298817 ], [ -2.280120119381872, 36.811520027974638 ], [ -2.280064573433882, 36.811465604624878 ], [ -2.279675067172003, 36.811156752413311 ], [ -2.279630478846613, 36.811129438776192 ], [ -2.279574837853115, 36.811084029135586 ], [ -2.279497040823703, 36.811011432674235 ], [ -2.279430200809082, 36.810965955112458 ], [ -2.279330236654951, 36.810866189692206 ], [ -2.279274691736932, 36.810811765978734 ], [ -2.279207925322329, 36.810757274223569 ], [ -2.279107708176735, 36.810684550625659 ], [ -2.278562449523696, 36.810248547278029 ], [ -2.278484400444343, 36.81020300118287 ], [ -2.278428941197536, 36.81013956307833 ], [ -2.278384596495238, 36.81008520690763 ], [ -2.278328968203021, 36.810039796760371 ], [ -2.278239963072128, 36.809967140471386 ], [ -2.278184334950728, 36.809921730257422 ], [ -2.277761467493808, 36.809585625726115 ], [ -2.2776612532455, 36.809512900926421 ], [ -2.277560943282693, 36.809449189976363 ], [ -2.277482895611187, 36.809403643233075 ], [ -2.277404848032562, 36.809358096439212 ], [ -2.277338010696179, 36.809312617717985 ], [ -2.277293582514152, 36.809267275147278 ], [ -2.277226830055336, 36.809212782363737 ], [ -2.277137742181212, 36.809149139262168 ], [ -2.277082030553915, 36.809112742540457 ], [ -2.277015108865366, 36.809076277640798 ], [ -2.276914895989397, 36.809003552220858 ], [ -2.276836922723123, 36.8089489909908 ], [ -2.276492039224942, 36.808667434225306 ], [ -2.276447442269153, 36.808640119343153 ], [ -2.276380690955034, 36.8085856260914 ], [ -2.276291604509911, 36.808521982364816 ], [ -2.276235978585804, 36.808476571252385 ], [ -2.276180437580272, 36.808422146114538 ], [ -2.276124811793932, 36.808376734950862 ], [ -2.27606917486328, 36.808331323693288 ], [ -2.27601363408032, 36.808276898478638 ], [ -2.27592454829706, 36.808213254481004 ], [ -2.275868922812913, 36.808167843199335 ], [ -2.275813297394459, 36.808122431892038 ], [ -2.275724296861573, 36.808049773746987 ], [ -2.275679870358506, 36.808004430582152 ], [ -2.275624330086405, 36.807950005188282 ], [ -2.275579914909515, 36.807904662054902 ], [ -2.275535584711547, 36.807850304905784 ], [ -2.275101785279542, 36.807487080762563 ], [ -2.275046245788699, 36.807432655102552 ], [ -2.274990610177282, 36.80738724334762 ], [ -2.274934985841427, 36.807341831635377 ], [ -2.274879361571261, 36.807296419897497 ], [ -2.274823652358485, 36.807260022132816 ], [ -2.274723358904798, 36.807196308891278 ], [ -2.274656525037503, 36.807150828684343 ], [ -2.274600889860452, 36.807105416749671 ], [ -2.274545265958908, 36.807060004857753 ], [ -2.274066806812264, 36.806678475458362 ], [ -2.274011183534953, 36.806633063320206 ], [ -2.273944605907355, 36.806560540724284 ], [ -2.273888982787313, 36.806515128529789 ], [ -2.273833274610984, 36.806478730307738 ], [ -2.27374409637624, 36.806424098629606 ], [ -2.273677263760929, 36.806378617880121 ], [ -2.273621726077003, 36.806324191564507 ], [ -2.273343516555006, 36.806106143520516 ], [ -2.273299103784175, 36.806060799547666 ], [ -2.273243311027508, 36.806033415050727 ], [ -2.273187518396054, 36.806006021513937 ], [ -2.273165525075785, 36.805960814507131 ], [ -2.273132322137243, 36.805915538983015 ], [ -2.273087983598292, 36.805861180866401 ], [ -2.273032361489837, 36.805815768277007 ], [ -2.272954575871083, 36.805743176611372 ], [ -2.272910163538079, 36.805697832495333 ], [ -2.272854541652572, 36.805652419823979 ], [ -2.272754422424184, 36.805570676950929 ], [ -2.272687579927256, 36.805525195584735 ], [ -2.272620833980166, 36.805470700252904 ], [ -2.272554002858998, 36.805425218881261 ], [ -2.272464837968067, 36.805370586326113 ], [ -2.272042276530531, 36.805007419758553 ], [ -2.271975531490096, 36.804952924069767 ], [ -2.271852898571467, 36.804880057132102 ], [ -2.271786153776059, 36.804825561338539 ], [ -2.271730533185468, 36.804780148149057 ], [ -2.271652835213164, 36.804698541647916 ], [ -2.271597300171375, 36.804644114400624 ], [ -2.271541839383252, 36.804580673062745 ], [ -2.27146414181124, 36.804499066440023 ], [ -2.271341777534962, 36.804399157062818 ], [ -2.271275118933468, 36.804335646990388 ], [ -2.271219573210322, 36.804281219500517 ], [ -2.271175248167685, 36.804226860749793 ], [ -2.271097722210636, 36.804127225898661 ], [ -2.271053397341815, 36.804072867103038 ], [ -2.270997863173367, 36.804018439579735 ], [ -2.270508744249725, 36.803582743383622 ], [ -2.270441819300004, 36.803546274769396 ], [ -2.27034136328699, 36.803500585877075 ], [ -2.270263154887977, 36.803473062454351 ], [ -2.270196155822043, 36.803445607767749 ], [ -2.270095871275518, 36.803381881665693 ], [ -2.270040241516989, 36.803336467628341 ], [ -2.269995917848638, 36.803282108444627 ], [ -2.269962889052184, 36.803218804058034 ], [ -2.268996647617093, 36.802266344171876 ], [ -2.268963363031318, 36.802230081495175 ], [ -2.268907831667204, 36.802175653010075 ], [ -2.268830053611211, 36.802103058685859 ], [ -2.268774608133834, 36.802039616144754 ], [ -2.268719077040041, 36.801985187572761 ], [ -2.2686523257638, 36.801930689977205 ], [ -2.268585585791188, 36.801876192413665 ], [ -2.268518931643541, 36.801812680818735 ], [ -2.268030012326145, 36.801358946587584 ], [ -2.267963273289716, 36.801304448679929 ], [ -2.267885571596726, 36.801222839683845 ], [ -2.267841250657725, 36.801168479708117 ], [ -2.267796843968169, 36.801123133710135 ], [ -2.267719153842459, 36.801041524675831 ], [ -2.267663624212649, 36.800987095618126 ], [ -2.267608094661222, 36.800932666534862 ], [ -2.267552479347441, 36.800887251420001 ], [ -2.267441409414939, 36.800778393056589 ], [ -2.267352425280029, 36.800705728737618 ], [ -2.267296896151069, 36.800651299511173 ], [ -2.267241367100491, 36.800596870259177 ], [ -2.267174629282534, 36.800542371915469 ], [ -2.267119003297629, 36.800496956531802 ], [ -2.267052179755034, 36.800451472114062 ], [ -2.266951901634893, 36.800387752414764 ], [ -2.266885078286503, 36.800342267904448 ], [ -2.266818255017334, 36.800296783357098 ], [ -2.266740469618047, 36.800224187617154 ], [ -2.266684941268895, 36.800169758109213 ], [ -2.266640535835057, 36.800124411685822 ], [ -2.266585007628253, 36.800069982131902 ], [ -2.26652939354189, 36.800024566545616 ], [ -2.266473779607155, 36.799979141919707 ], [ -2.26601798274662, 36.799579690818703 ], [ -2.265962369349181, 36.799534274971165 ], [ -2.265884510703082, 36.799470692741565 ], [ -2.265817774823146, 36.799416193647637 ], [ -2.265762075616252, 36.799379791700474 ], [ -2.26570646251449, 36.799334375735029 ], [ -2.265662046929015, 36.79928902888247 ], [ -2.265606433951829, 36.799243612870939 ], [ -2.265528575894081, 36.799180030411733 ], [ -2.264760757723201, 36.798589342169649 ], [ -2.264693937235942, 36.798543856446152 ], [ -2.264638325369407, 36.798498439988556 ], [ -2.264582702359996, 36.798453023436039 ], [ -2.264538299152822, 36.798407676239414 ], [ -2.264505104519184, 36.798362398341716 ], [ -2.26443854297324, 36.798289870502003 ], [ -2.264394139944518, 36.798244523252301 ], [ -2.263938634118404, 36.797818022394523 ], [ -2.263894231655226, 36.797772674960882 ], [ -2.263838609608643, 36.797727258065549 ], [ -2.26379412098539, 36.797690924586341 ], [ -2.26373842398784, 36.797654521705404 ], [ -2.26368281332715, 36.797609104807663 ], [ -2.263627202732116, 36.797563687884313 ], [ -2.263560297508685, 36.797527215524433 ], [ -2.263504773349773, 36.797472784553676 ], [ -2.263426907611949, 36.797409200669563 ], [ -2.263393800375725, 36.797354908475263 ], [ -2.263349484821978, 36.797300546850366 ], [ -2.263294133631512, 36.797228087800882 ], [ -2.263238523540699, 36.79718267069849 ], [ -2.263182999856587, 36.797128239579685 ], [ -2.263127389903458, 36.79708282242612 ], [ -2.263071855161415, 36.797028391186743 ], [ -2.263005037029366, 36.796982904528619 ], [ -2.262916061472043, 36.796910236939439 ], [ -2.262871746509772, 36.796855875139087 ], [ -2.262816223320064, 36.796801443851585 ], [ -2.262771897282062, 36.796747081945057 ], [ -2.262716287933058, 36.796701655588137 ], [ -2.262660764964047, 36.796647224229112 ], [ -2.262560668275438, 36.796565472901257 ], [ -2.262493937267875, 36.796510971969902 ], [ -2.262415900479388, 36.796465415414424 ], [ -2.26232701251539, 36.796383733400845 ], [ -2.262282698270111, 36.796329371384232 ], [ -2.262227175875587, 36.796274939825807 ], [ -2.262171653559425, 36.796220508241845 ], [ -2.262104923126302, 36.796166007095479 ], [ -2.262038181579539, 36.796111505842667 ], [ -2.261926964558668, 36.796020670455285 ], [ -2.2614712259213, 36.795621202257372 ], [ -2.261437947741396, 36.795584937505623 ], [ -2.261037994707992, 36.795212857624747 ], [ -2.260982387403814, 36.795167439483194 ], [ -2.260926682358136, 36.795131035235656 ], [ -2.260837710902854, 36.795058366114858 ], [ -2.260515006285647, 36.794812967910453 ], [ -2.260459399579463, 36.794767549528025 ], [ -2.260403792938928, 36.794722131119968 ], [ -2.260003502562013, 36.794386103767742 ], [ -2.259958930970021, 36.794358782863846 ], [ -2.259914359409809, 36.794331461943472 ], [ -2.259914879700412, 36.794277378012751 ], [ -2.259915573419057, 36.794205266104342 ], [ -2.259882470017892, 36.794150972946525 ], [ -2.259849268732961, 36.79410569369842 ], [ -2.259804870811948, 36.794060344760695 ], [ -2.259749178333543, 36.794023940039821 ], [ -2.259704693779851, 36.793987605053822 ], [ -2.259660296011948, 36.793942256062934 ], [ -2.25960486393798, 36.793878809310044 ], [ -2.259549345198625, 36.793824376520078 ], [ -2.259493728567041, 36.793778957623203 ], [ -2.259449331043152, 36.793733608554732 ], [ -2.25939372574395, 36.793688189681596 ], [ -2.259338120510392, 36.793642770782846 ], [ -2.259249239063972, 36.79356108650336 ], [ -2.259182426205655, 36.793515597730099 ], [ -2.259104481231147, 36.793461025046724 ], [ -2.259037668545712, 36.793415536193322 ], [ -2.258982150540933, 36.793361103142608 ], [ -2.258926545786774, 36.793315684054313 ], [ -2.258837665154579, 36.793233999471887 ], [ -2.258782049369708, 36.793188580247211 ], [ -2.258726531708869, 36.793134147078966 ], [ -2.25865963275968, 36.793097662990178 ], [ -2.258581699788007, 36.793043090039113 ], [ -2.25850368005085, 36.792997531025293 ], [ -2.258414702140671, 36.792924860049268 ], [ -2.258359098036972, 36.792879440699643 ], [ -2.258303580898118, 36.792825007337001 ], [ -2.258259271528513, 36.792770643843618 ], [ -2.258203754538278, 36.79271621043506 ], [ -2.258148237626387, 36.792661777000966 ], [ -2.258059260439405, 36.792589105763064 ], [ -2.257992449130476, 36.792543616331265 ], [ -2.257925637900742, 36.792498126862462 ], [ -2.257859087600363, 36.792425595395386 ], [ -2.257825986404512, 36.792371301673867 ], [ -2.257781677631236, 36.792316938005143 ], [ -2.257726161304631, 36.792262504376978 ], [ -2.25768184145627, 36.792208140601623 ], [ -2.257637532877757, 36.792153776879907 ], [ -2.257548654951882, 36.792072091348707 ], [ -2.257504346545031, 36.792017727578063 ], [ -2.256827714433806, 36.791283324777936 ], [ -2.256772199523057, 36.791228890711018 ], [ -2.256705738479555, 36.791147344620967 ], [ -2.256650125457676, 36.791101924414555 ], [ -2.256605818238394, 36.791047560313757 ], [ -2.256283928085004, 36.790721024924537 ], [ -2.256239534207356, 36.790675674675697 ], [ -2.255783769475369, 36.79028519899957 ], [ -2.255716961511102, 36.790239708309571 ], [ -2.255639207925934, 36.79016710548818 ], [ -2.255583596240837, 36.790121684790655 ], [ -2.255539290334533, 36.790067320298455 ], [ -2.255472744369917, 36.789994787515532 ], [ -2.255384045688742, 36.78989507241922 ], [ -2.255328445557446, 36.789849651674395 ], [ -2.255272932736438, 36.789795216918158 ], [ -2.255217321535528, 36.789749796052021 ], [ -2.25512836168219, 36.789677122725202 ], [ -2.255084056351036, 36.789622758065882 ], [ -2.255028631138355, 36.78955930921164 ], [ -2.254950966168337, 36.78947769196143 ], [ -2.254895355386355, 36.789432270947032 ], [ -2.254828635983256, 36.789377765780237 ], [ -2.254761829371642, 36.789332274562035 ], [ -2.254695110149914, 36.789277769321458 ], [ -2.254628303704347, 36.789232278029367 ], [ -2.254539333797716, 36.789159604198474 ], [ -2.254494941844621, 36.789114253308313 ], [ -2.254461669748375, 36.789077986633679 ], [ -2.254428485024519, 36.78903270596463 ], [ -2.254406420125893, 36.788996509523351 ], [ -2.254362028344428, 36.78895115858429 ], [ -2.254306604207164, 36.788887709398608 ], [ -2.254273332296715, 36.788851442672012 ], [ -2.254240147779995, 36.788806161951051 ], [ -2.254162385823218, 36.788733558108547 ], [ -2.254106787250446, 36.788688136801376 ], [ -2.25405127612738, 36.788633701483555 ], [ -2.253995765082639, 36.788579266140218 ], [ -2.253951461177755, 36.788524901065138 ], [ -2.253884743228135, 36.788470395376969 ], [ -2.253462176081892, 36.788125182674683 ], [ -2.253406665819311, 36.788070747060594 ], [ -2.253317709613396, 36.787998072400256 ], [ -2.253262112070013, 36.787952650704263 ], [ -2.253095221133198, 36.787825399376722 ], [ -2.25302850439638, 36.787770893215551 ], [ -2.25295058081281, 36.787716316631808 ], [ -2.25289515872263, 36.787652866798489 ], [ -2.252839561678003, 36.787607444907977 ], [ -2.252784052228082, 36.787553009007787 ], [ -2.252174307019261, 36.786864072442462 ], [ -2.252129917776236, 36.786818720682888 ], [ -2.252074485796223, 36.786755270402089 ], [ -2.252018802266004, 36.786718862117766 ], [ -2.251974413197917, 36.786673510301029 ], [ -2.251896491471751, 36.786618933037708 ], [ -2.251840895761175, 36.786573510687631 ], [ -2.25178530011622, 36.786528088311968 ], [ -2.25170754276846, 36.786455482889011 ], [ -2.251663154035072, 36.786410130957911 ], [ -2.25125208907279, 36.786037948163319 ], [ -2.251196581871648, 36.785983511533459 ], [ -2.251129955790131, 36.785919990340602 ], [ -2.251074361036059, 36.785874567637748 ], [ -2.251018755140942, 36.785829144838765 ], [ -2.250974367172846, 36.78578379265452 ], [ -2.25091877260888, 36.785738369880072 ], [ -2.250751901549806, 36.785611115386089 ], [ -2.250696383802571, 36.785556678455819 ], [ -2.250640877340279, 36.785502241570633 ], [ -2.250585370956298, 36.785447804659917 ], [ -2.250518745841395, 36.785384283129957 ], [ -2.250463239628433, 36.785329846163137 ], [ -2.250374377168211, 36.78524815535274 ], [ -2.250307653381364, 36.785193647618364 ], [ -2.250229734336604, 36.785139069279921 ], [ -2.250174228504289, 36.785084632180315 ], [ -2.250118722750284, 36.785030195055192 ], [ -2.25007442360936, 36.784975828557819 ], [ -2.249985550762688, 36.784894137390751 ], [ -2.249930133133418, 36.784830686196557 ], [ -2.24956426237871, 36.784422724384449 ], [ -2.249508845432915, 36.784359272996767 ], [ -2.249419985101038, 36.784277581484275 ], [ -2.249375598964567, 36.784232228712455 ], [ -2.249308887969659, 36.784177720497262 ], [ -2.249231223257028, 36.784096099498207 ], [ -2.249164600423909, 36.784032577221311 ], [ -2.249109096138141, 36.783978139632168 ], [ -2.249020236668847, 36.78389644782564 ], [ -2.248676523867146, 36.783515657753483 ], [ -2.248621097094313, 36.7834522058875 ], [ -2.248576711901395, 36.783406852822061 ], [ -2.248532414774269, 36.783352485758591 ], [ -2.24849923597844, 36.783307203459451 ], [ -2.24846605722135, 36.783261921151158 ], [ -2.248432966527839, 36.783207624851983 ], [ -2.248388669615408, 36.783153257735627 ], [ -2.24834437276518, 36.783098890602979 ], [ -2.248277828357829, 36.783026353784393 ], [ -2.248222325419828, 36.782971915787641 ], [ -2.248166822560127, 36.782917477765388 ], [ -2.247767439757065, 36.782500284033631 ], [ -2.247700643288654, 36.782454788912069 ], [ -2.247556097609508, 36.782336685658336 ], [ -2.247511801812758, 36.782282318220254 ], [ -2.247445270096975, 36.78220978101379 ], [ -2.247400886308376, 36.782164427516186 ], [ -2.247356502571909, 36.78211907400226 ], [ -2.247312207040011, 36.782064706490885 ], [ -2.247245400012626, 36.782019211046801 ], [ -2.247201104616177, 36.781964843494706 ], [ -2.24711216130902, 36.781892164265727 ], [ -2.246656847654009, 36.781465598234632 ], [ -2.246601335776056, 36.781411159422191 ], [ -2.246534805665996, 36.781338621714248 ], [ -2.246490511159427, 36.781284253901511 ], [ -2.246468628675237, 36.781230028047098 ], [ -2.246291539724009, 36.781003542620304 ], [ -2.246247146100041, 36.7809581886277 ], [ -2.246202852012779, 36.780903820709177 ], [ -2.24613632271235, 36.780831282781477 ], [ -2.246091852193118, 36.780794942783373 ], [ -2.246036264103121, 36.780749517762729 ], [ -2.245991793678356, 36.780713177727804 ], [ -2.245936205706442, 36.780667752661124 ], [ -2.245869489020858, 36.780613242476306 ], [ -2.245813901193273, 36.780567817353344 ], [ -2.24575831343129, 36.780522392204823 ], [ -2.24571393160345, 36.780477038087355 ], [ -2.245647403130459, 36.78040449989048 ], [ -2.245614315632368, 36.780350202817864 ], [ -2.245569922781988, 36.780304848576392 ], [ -2.245181684903819, 36.779896731343641 ], [ -2.245126097997868, 36.779851305904351 ], [ -2.245048364849954, 36.779778696266469 ], [ -2.245004072281471, 36.779724327908227 ], [ -2.244948485604526, 36.779678902387239 ], [ -2.244870830022139, 36.779597278584149 ], [ -2.244759922403379, 36.779479385454778 ], [ -2.244671161170774, 36.779388676469843 ], [ -2.244604369231311, 36.779343179637522 ], [ -2.244559889087201, 36.779306839004533 ], [ -2.244504126028675, 36.779279441238351 ], [ -2.244470951336333, 36.779234157831787 ], [ -2.244415453809714, 36.77917971808607 ], [ -2.244382190725785, 36.779143448634613 ], [ -2.244337898989885, 36.779089080032087 ], [ -2.244293518819971, 36.779043725392761 ], [ -2.244226981709085, 36.778971186342289 ], [ -2.244182690180819, 36.778916817682799 ], [ -2.244138398714736, 36.778862449007022 ], [ -2.244082901689438, 36.778808009108523 ], [ -2.244027404742421, 36.778753569184531 ], [ -2.243971907873686, 36.778699129235044 ], [ -2.243894354055516, 36.778608490896083 ], [ -2.243838846179186, 36.778554050814243 ], [ -2.243783438140919, 36.778490596798903 ], [ -2.243727941633066, 36.778436156737335 ], [ -2.243672445203493, 36.778381716650287 ], [ -2.243605920450844, 36.778309177328858 ], [ -2.243173047072613, 36.777882740598301 ], [ -2.24312866827974, 36.777837385531022 ], [ -2.243084378172751, 36.777783016468589 ], [ -2.243051204952062, 36.777737732671667 ], [ -2.242973653177315, 36.777647093741344 ], [ -2.242940480079477, 36.777601809913925 ], [ -2.242751927221404, 36.777402280832789 ], [ -2.242718843033225, 36.777347982965637 ], [ -2.242685758891206, 36.777293685089319 ], [ -2.242652586112785, 36.777248401182611 ], [ -2.242608296676738, 36.777194031945299 ], [ -2.242563996097493, 36.777139662620378 ], [ -2.242508324021323, 36.777103249956021 ], [ -2.242153201891567, 36.776749420914271 ], [ -2.242108913092395, 36.77669505149381 ], [ -2.241675890640345, 36.776286637427312 ], [ -2.241631424844143, 36.776250295788188 ], [ -2.241564726228543, 36.776195783298832 ], [ -2.241487077722011, 36.776114157320499 ], [ -2.241453817331546, 36.776077887062556 ], [ -2.241386763683185, 36.776059430387043 ], [ -2.241330915279046, 36.776041045136196 ], [ -2.24127515574187, 36.776013645881619 ], [ -2.241219307398339, 36.775995260578924 ], [ -2.241174841986589, 36.775958918771757 ], [ -2.241152875858254, 36.775913705929099 ], [ -2.241142192590987, 36.775859550512784 ], [ -2.241142814574666, 36.775796452668359 ], [ -2.241120848509916, 36.7757512398193 ], [ -2.241098971330075, 36.775697012988275 ], [ -2.241065889027596, 36.775642714667683 ], [ -2.241032806771273, 36.775588416337918 ], [ -2.240977492033796, 36.775515947057158 ], [ -2.240921999640903, 36.775461505706772 ], [ -2.240877534675326, 36.775425163790374 ], [ -2.240788682559674, 36.775343465859223 ], [ -2.240755422828287, 36.775307195408914 ], [ -2.240699752932524, 36.775270781911978 ], [ -2.240700019646896, 36.775243739978819 ], [ -2.240545371402369, 36.775017389159579 ], [ -2.240489868466733, 36.774962947539152 ], [ -2.240434376814425, 36.774908505964774 ], [ -2.240390090276668, 36.774854135913728 ], [ -2.24033450982672, 36.774808708271173 ], [ -2.240290223416316, 36.774754338183506 ], [ -2.240212499947842, 36.774681725434917 ], [ -2.240157008693172, 36.774627283733174 ], [ -2.240101506311778, 36.774572841934379 ], [ -2.240001551204257, 36.774482057943111 ], [ -2.239946149232283, 36.77441860216711 ], [ -2.239890658354544, 36.774364160343062 ], [ -2.239835256558014, 36.774300704516193 ], [ -2.23979097078939, 36.774246334245447 ], [ -2.239735379925469, 36.774200906255835 ], [ -2.23966886246505, 36.774128364765964 ], [ -2.239624487885142, 36.774083008411459 ], [ -2.23956899747523, 36.774028566439696 ], [ -2.239524712049551, 36.773974196071329 ], [ -2.239469310832621, 36.773910740076573 ], [ -2.239413820655741, 36.773856298033543 ], [ -2.239324971894061, 36.773774599026339 ], [ -2.239258277048532, 36.773720085264593 ], [ -2.239191582297436, 36.773665571466047 ], [ -2.239136270657922, 36.773593101341611 ], [ -2.23910301245485, 36.773556830436341 ], [ -2.239081048210482, 36.773511617214822 ], [ -2.239014531957161, 36.773439075364649 ], [ -2.238914568391173, 36.773348290402822 ], [ -2.238848052434756, 36.773275748461003 ], [ -2.238814794503348, 36.773239477476366 ], [ -2.238748278734128, 36.773166935479608 ], [ -2.238549077566876, 36.772913253290874 ], [ -2.238504882649829, 36.772849868571555 ], [ -2.238460509486935, 36.772804511789523 ], [ -2.238416225540204, 36.772750141014455 ], [ -2.238371941655633, 36.772695770223137 ], [ -2.238327747007256, 36.772632385438833 ], [ -2.238250283863071, 36.772532729426352 ], [ -2.238194884634134, 36.772469281860786 ], [ -2.238128280911106, 36.772405753499122 ], [ -2.238072881962435, 36.772342296863634 ], [ -2.237740478973674, 36.771961556445078 ], [ -2.237519064799281, 36.771689701085904 ], [ -2.237463566386037, 36.771635258075456 ], [ -2.237374822727737, 36.77154454373013 ], [ -2.237330540263809, 36.771490172556639 ], [ -2.237275053331292, 36.771435729531454 ], [ -2.237197514640723, 36.771345086891316 ], [ -2.237142117214566, 36.771281629828763 ], [ -2.237064299677681, 36.771218028960135 ], [ -2.23699778728779, 36.771145485999234 ], [ -2.236931185690224, 36.771081956977881 ], [ -2.236853558416068, 36.771000328093152 ], [ -2.236787046411252, 36.770927785016241 ], [ -2.236742574801031, 36.770891441507487 ], [ -2.236631602703448, 36.770782554891802 ], [ -2.236543039754658, 36.770673811983649 ], [ -2.236487732729328, 36.770601340645044 ], [ -2.236421221410811, 36.770528797366715 ], [ -2.236044195847522, 36.770129736660216 ], [ -2.235999646813146, 36.770102406925922 ], [ -2.235933035731754, 36.770038877282637 ], [ -2.235866346510778, 36.769984361650209 ], [ -2.235811040611671, 36.76991189000173 ], [ -2.235755734815918, 36.769839418327877 ], [ -2.235678378455304, 36.769730746761354 ], [ -2.235634277180386, 36.769658347014627 ], [ -2.235601111794635, 36.769613061169508 ], [ -2.235523923655648, 36.769486361480276 ], [ -2.235102001528106, 36.769096023810206 ], [ -2.235046517885073, 36.769041579761939 ], [ -2.234979919705898, 36.768978049665449 ], [ -2.234913232074691, 36.768923533507468 ], [ -2.234846622903031, 36.768860003265509 ], [ -2.234779935468282, 36.768805487034001 ], [ -2.234691108622524, 36.768723784693094 ], [ -2.234613306890399, 36.768660182319351 ], [ -2.234546709397249, 36.768596651984247 ], [ -2.234491405724598, 36.768524179731365 ], [ -2.234447295040336, 36.768451779478816 ], [ -2.234403106022552, 36.768388393257048 ], [ -2.234359275575025, 36.768288951119182 ], [ -2.234326201149118, 36.768234650948756 ], [ -2.234281922720097, 36.768180278657297 ], [ -2.234237733991359, 36.7681168923746 ], [ -2.234182341304206, 36.768053433954606 ], [ -2.234138152729029, 36.767990047635358 ], [ -2.23404931629402, 36.767908344750758 ], [ -2.233982719911016, 36.767844814104855 ], [ -2.233916123637633, 36.767781283422281 ], [ -2.233860731454687, 36.767717824854834 ], [ -2.233505961211352, 36.767336928478464 ], [ -2.233362553640822, 36.767110640633859 ], [ -2.233318444811408, 36.767038239967341 ], [ -2.233263143398008, 36.766965767150957 ], [ -2.233196548472782, 36.766902236071921 ], [ -2.233129953657172, 36.7668387049562 ], [ -2.232763897350319, 36.766466757169923 ], [ -2.232674895693184, 36.766403081296467 ], [ -2.232619404489002, 36.766348636061849 ], [ -2.232519648485169, 36.766239817936388 ], [ -2.232464258550779, 36.766176358728615 ], [ -2.232386910461055, 36.76606768505183 ], [ -2.232331610612756, 36.765995211808935 ], [ -2.232276310867784, 36.76592273854066 ], [ -2.232243047975246, 36.765886465674569 ], [ -2.232176634563006, 36.765804906085371 ], [ -2.232110131411211, 36.765732360433745 ], [ -2.231699630515301, 36.765324055254517 ], [ -2.231666379354451, 36.765287782302067 ], [ -2.231610900864896, 36.765233336676857 ], [ -2.231555242568515, 36.76519691897375 ], [ -2.231510877875186, 36.765151559640088 ], [ -2.231488830473199, 36.76511535900655 ], [ -2.231455658251288, 36.765070071949992 ], [ -2.231411383647844, 36.765015698606049 ], [ -2.231378132754748, 36.764979425574296 ], [ -2.231322654689629, 36.764924979816819 ], [ -2.231245129494199, 36.764834333355751 ], [ -2.231178628051027, 36.764761787191574 ], [ -2.231145377376216, 36.764725514095772 ], [ -2.231112126732588, 36.764689240990812 ], [ -2.231045614335359, 36.764616694681052 ], [ -2.230967819745655, 36.764553089962732 ], [ -2.230890205320555, 36.764471457247467 ], [ -2.230790364140904, 36.764371651668 ], [ -2.230757113816067, 36.764335378465404 ], [ -2.230712930161713, 36.764271990892084 ], [ -2.230679668712456, 36.764235717595717 ], [ -2.230579828108968, 36.764135911842352 ], [ -2.23051323782968, 36.764072379285416 ], [ -2.23044664765999, 36.764008846691794 ], [ -2.230358180021833, 36.763891085202452 ], [ -2.230336133515751, 36.763854884358175 ], [ -2.230280837166114, 36.763782410176169 ], [ -2.230192291143922, 36.763673662610735 ], [ -2.230170334876308, 36.763628447762834 ], [ -2.230137085161212, 36.763592174389572 ], [ -2.230103925584337, 36.763546887033982 ], [ -2.230081879294241, 36.763510686143043 ], [ -2.230037426317597, 36.76347434024175 ], [ -2.229970915972236, 36.763401793340407 ], [ -2.229904507084589, 36.76332023250189 ], [ -2.229871257626492, 36.763283959055471 ], [ -2.229838008199575, 36.763247685599907 ], [ -2.229760306130044, 36.763175066132064 ], [ -2.229693717351624, 36.763111533123762 ], [ -2.229283694138068, 36.762658149875946 ], [ -2.229261919090647, 36.762594906916611 ], [ -2.229018053669876, 36.762331904718884 ], [ -2.228940172813513, 36.762277312669525 ], [ -2.228873585482785, 36.762213779209574 ], [ -2.228795783900861, 36.762150173021993 ], [ -2.228729196798733, 36.762086639482568 ], [ -2.228662609806191, 36.762023105906486 ], [ -2.228453441059656, 36.761652152786823 ], [ -2.228420373593657, 36.761597850996004 ], [ -2.228376283710707, 36.761525448594021 ], [ -2.228332103602206, 36.761462060148411 ], [ -2.228287923565783, 36.761398671686564 ], [ -2.22824365328396, 36.76134429718109 ], [ -2.22817732709964, 36.761253721347167 ], [ -2.228133147308053, 36.761190332828519 ], [ -2.228100080261886, 36.761136030949444 ], [ -2.228044607261335, 36.761081583687684 ], [ -2.227966818703631, 36.761017977040005 ], [ -2.227922277802977, 36.760990644334164 ], [ -2.227877827293109, 36.760954297639515 ], [ -2.227833467189273, 36.760908936956127 ], [ -2.2277557581502, 36.760836316127616 ], [ -2.227711307807789, 36.76079996937176 ], [ -2.227666947890388, 36.760754608627302 ], [ -2.227622497636945, 36.760718261838811 ], [ -2.227578047425445, 36.760681915033977 ], [ -2.227511552898026, 36.760609375865819 ], [ -2.227456261505115, 36.760536900389909 ], [ -2.227400879802254, 36.760473438860771 ], [ -2.227300856234355, 36.76039165827099 ], [ -2.227234271874618, 36.76032812390838 ], [ -2.227167778064295, 36.760255575537158 ], [ -2.227123328333525, 36.760219228565255 ], [ -2.227068037582622, 36.760146752911751 ], [ -2.227001442422499, 36.760083218348164 ], [ -2.226957354724215, 36.760010815427762 ], [ -2.226913176639305, 36.759947426463 ], [ -2.226857795803554, 36.759883964684995 ], [ -2.226791212245089, 36.759820430078427 ], [ -2.226691472853533, 36.759711607142236 ], [ -2.226647464950976, 36.759630190063753 ], [ -2.226614218604869, 36.759593915721268 ], [ -2.226536885281622, 36.759485238295191 ], [ -2.226492798355257, 36.759412835204515 ], [ -2.226448620989868, 36.759349446069407 ], [ -2.226126809208669, 36.759040858307692 ], [ -2.226082541792131, 36.758986483010347 ], [ -2.226027162324344, 36.758923020851604 ], [ -2.225971692372139, 36.758868572638995 ], [ -2.225916211295459, 36.758814124328076 ], [ -2.225860922675244, 36.758741648121678 ], [ -2.22581665561633, 36.758687272726895 ], [ -2.225761095382368, 36.758641838389131 ], [ -2.225716919054774, 36.758578448986398 ], [ -2.225639588001697, 36.758469770985421 ], [ -2.225584288682791, 36.758397294579332 ], [ -2.225528910044531, 36.7583338321922 ], [ -2.225307033797498, 36.758116038274892 ], [ -2.224986229265375, 36.757708293793705 ], [ -2.224709512129508, 36.757372952218617 ], [ -2.224676267660847, 36.757336677343027 ], [ -2.224632092962344, 36.757273287542908 ], [ -2.224588009067539, 36.757200883755488 ], [ -2.224532632100761, 36.757137420911661 ], [ -2.224466041614407, 36.757073884951986 ], [ -2.224399462440027, 36.75701034902869 ], [ -2.224332883375202, 36.756946813068744 ], [ -2.224277597566501, 36.756874336137145 ], [ -2.22417777472537, 36.756774525097455 ], [ -2.22412247798227, 36.756702048021815 ], [ -2.224067192544798, 36.756629570993887 ], [ -2.224023018746555, 36.756566180970793 ], [ -2.223967551894886, 36.756511731838906 ], [ -2.223923287438201, 36.756457355750129 ], [ -2.223834577077149, 36.756366631465418 ], [ -2.223790210772406, 36.75632126922558 ], [ -2.223723632801532, 36.756257732930287 ], [ -2.223635013743639, 36.756157994528522 ], [ -2.223579729150081, 36.756085517277448 ], [ -2.22352444465978, 36.756013040001058 ], [ -2.223447028374658, 36.755913374565658 ], [ -2.223391642061592, 36.755849911125893 ], [ -2.223347469259244, 36.755786520855516 ], [ -2.223303296528944, 36.75572313056891 ], [ -2.223259032988657, 36.755668754236687 ], [ -2.223214860397495, 36.755605363917645 ], [ -2.222882329577715, 36.755251624536591 ], [ -2.222838248461708, 36.755179220109319 ], [ -2.222782783438316, 36.755124770434065 ], [ -2.22273852060509, 36.755070393911126 ], [ -2.222682964782682, 36.755024958160469 ], [ -2.222627488777346, 36.754970508340818 ], [ -2.222572115012217, 36.754907044598674 ], [ -2.222516741337841, 36.754843580831178 ], [ -2.222417014366179, 36.754734754367831 ], [ -2.222339498593146, 36.754644102119492 ], [ -2.22230643838678, 36.7545897986518 ], [ -2.222051613057718, 36.754308681315194 ], [ -2.222018371150278, 36.754272405708662 ], [ -2.221962987181433, 36.754208941614202 ], [ -2.221874190657581, 36.754127229861417 ], [ -2.221818636022317, 36.754081793714015 ], [ -2.221774192361277, 36.754045444777738 ], [ -2.221729657686661, 36.754018109794934 ], [ -2.221662810202623, 36.753981614274821 ], [ -2.221618366673096, 36.753945265281267 ], [ -2.221607711144626, 36.753891108181804 ], [ -2.2216083374273, 36.753828010319985 ], [ -2.221608883841104, 36.753773926500699 ], [ -2.221587026428237, 36.753719696116406 ], [ -2.221542765236353, 36.753665319155296 ], [ -2.221498595187752, 36.753601928208028 ], [ -2.221421183822599, 36.753502270487679 ], [ -2.221365903190891, 36.753429792222768 ], [ -2.221310622662421, 36.753357313932533 ], [ -2.221221907715107, 36.753266587657812 ], [ -2.220877202786935, 36.753011923185987 ], [ -2.22081025421836, 36.752984441091897 ], [ -2.220754518699307, 36.75295703239486 ], [ -2.220710076186753, 36.752920683067828 ], [ -2.220599699558425, 36.752757697924864 ], [ -2.220555530798919, 36.752694306633167 ], [ -2.220522563862878, 36.752630988707459 ], [ -2.220478475233442, 36.752558583344673 ], [ -2.22044559961785, 36.752486251428245 ], [ -2.220401431137729, 36.752422860079804 ], [ -2.220346334653618, 36.75233235340972 ], [ -2.220302257558471, 36.752259948055389 ], [ -2.220269382231527, 36.752187616090112 ], [ -2.220236598189118, 36.752106270146108 ], [ -2.220192510121644, 36.75203386467772 ], [ -2.220148342104036, 36.751970473236064 ], [ -2.220059732553788, 36.751870732212652 ], [ -2.21973797737455, 36.751562127454555 ], [ -2.219704920297962, 36.751507823273286 ], [ -2.219660752978498, 36.751444431653347 ], [ -2.219627604712982, 36.751399141420087 ], [ -2.219594365189618, 36.751362865146966 ], [ -2.219539179093011, 36.751281372076562 ], [ -2.21948379929263, 36.751217906845881 ], [ -2.219439632318438, 36.75115451514489 ], [ -2.219340188396024, 36.751018644235394 ], [ -2.219284911479001, 36.750946165017737 ], [ -2.218897325123204, 36.75050190749522 ], [ -2.218853159035187, 36.750438515579532 ], [ -2.218775480151571, 36.750365889056503 ], [ -2.218720010235696, 36.750311437444836 ], [ -2.218686954402243, 36.750257132984238 ], [ -2.218631587233252, 36.750193667436591 ], [ -2.21860955008035, 36.750157464447668 ], [ -2.218576402977958, 36.750112173925665 ], [ -2.21854343874448, 36.750048855456591 ], [ -2.218532420206415, 36.750030753954519 ], [ -2.21848807184145, 36.749985389843111 ], [ -2.218432613601504, 36.749930938173215 ], [ -2.218366034328339, 36.749867398855997 ], [ -2.218299374923205, 36.74981287354457 ], [ -2.218232715612392, 36.749758348196416 ], [ -2.218143928138633, 36.749676633706386 ], [ -2.218099671670651, 36.749622255483928 ], [ -2.218055415264735, 36.749567877245262 ], [ -2.218011147719592, 36.74951349891677 ], [ -2.217978001242097, 36.749468208230631 ], [ -2.217944946286258, 36.749413903566712 ], [ -2.217900598619567, 36.74936853923996 ], [ -2.217867360776646, 36.749332262492068 ], [ -2.21781181194417, 36.749286824506278 ], [ -2.217767372925348, 36.749250474099277 ], [ -2.217734135195743, 36.749214197314807 ], [ -2.217700989008019, 36.74916890655269 ], [ -2.217656721939479, 36.749114528094381 ], [ -2.217600990343451, 36.749087117948797 ], [ -2.217556460011749, 36.749059781432784 ], [ -2.217512021244119, 36.749023430932006 ], [ -2.217478966804126, 36.74896912614075 ], [ -2.217335365221469, 36.748769861146698 ], [ -2.217246751754713, 36.748670117988098 ], [ -2.217213606084142, 36.748624827092264 ], [ -2.217180552021829, 36.748570522219019 ], [ -2.21713648001039, 36.748498115707164 ], [ -2.217103242899082, 36.748461838749272 ], [ -2.217070097400945, 36.748416547813939 ], [ -2.217037043527158, 36.748362242901202 ], [ -2.217003989699429, 36.748307937979334 ], [ -2.216959734812119, 36.748253559339311 ], [ -2.216827050930802, 36.748081409279948 ], [ -2.216583548373587, 36.747791340096974 ], [ -2.216528001403326, 36.747745901522279 ], [ -2.216472546148055, 36.747691448953972 ], [ -2.216206644184475, 36.747401231501193 ], [ -2.216162390374289, 36.747346852569244 ], [ -2.216107027353396, 36.747283385865458 ], [ -2.216051481028868, 36.747237947072144 ], [ -2.215996026473369, 36.74718349428548 ], [ -2.215652455651616, 36.746820647257771 ], [ -2.215608110814689, 36.746775282090667 ], [ -2.215552737456165, 36.746711815059392 ], [ -2.215464048076013, 36.746621084635834 ], [ -2.215408594284782, 36.746566640593961 ], [ -2.215353324216313, 36.746494159577708 ], [ -2.21528685341614, 36.746421604672769 ], [ -2.215242692600093, 36.74635821143675 ], [ -2.21517631381652, 36.746276642503545 ], [ -2.215132325574807, 36.746195221218194 ], [ -2.215099365805493, 36.746131901807047 ], [ -2.215033170990305, 36.746032304859902 ], [ -2.214989010601887, 36.745968911530753 ], [ -2.214944758463249, 36.745914532152888 ], [ -2.214911798964826, 36.745851212690091 ], [ -2.214867638778119, 36.745787819316384 ], [ -2.214845880128108, 36.745724573736993 ], [ -2.214779491101378, 36.745643004511358 ], [ -2.214735147449268, 36.745597639024176 ], [ -2.214679694994286, 36.745543185634205 ], [ -2.214579623554686, 36.745470408576992 ], [ -2.214523987561218, 36.745433983050468 ], [ -2.214468443496718, 36.745388543531071 ], [ -2.214357344363504, 36.74529766434182 ], [ -2.214301800495465, 36.745252224745933 ], [ -2.214235239843077, 36.745188683230154 ], [ -2.214202189324268, 36.745134377540857 ], [ -2.214180247579558, 36.745089159775823 ], [ -2.214147105228576, 36.745043868038429 ], [ -2.214113962916231, 36.744998576291941 ], [ -2.214080809441902, 36.744953284462348 ], [ -2.214014341155283, 36.74488072885795 ], [ -2.213981198990041, 36.744835437075004 ], [ -2.213936948205614, 36.744781057328268 ], [ -2.213915006714219, 36.744735839514711 ], [ -2.2138706640891, 36.744690473710754 ], [ -2.213837430141283, 36.744654195855361 ], [ -2.21378187584049, 36.744608755947063 ], [ -2.213748733927083, 36.744563464100331 ], [ -2.213726792606364, 36.744518246252476 ], [ -2.21369374272728, 36.744463940423564 ], [ -2.21364940038743, 36.7444185745385 ], [ -2.213560623884957, 36.744336856686544 ], [ -2.21326151094808, 36.744010354818691 ], [ -2.21320606066847, 36.743955900753548 ], [ -2.213172919370111, 36.74391060874887 ], [ -2.213139778110387, 36.743865316735096 ], [ -2.213117929369139, 36.74381108480955 ], [ -2.213084788183735, 36.743765792780607 ], [ -2.213051635836536, 36.743720500668481 ], [ -2.21300747838137, 36.743657106614641 ], [ -2.212963044859367, 36.743620754444777 ], [ -2.212907595068453, 36.743566300242847 ], [ -2.212863345761159, 36.74351192010306 ], [ -2.212220701943857, 36.742822559736993 ], [ -2.212187469570495, 36.742786281428337 ], [ -2.211821719967244, 36.742405247288588 ], [ -2.21177737990433, 36.742359880717594 ], [ -2.211710731624957, 36.742305351779649 ], [ -2.211644072239647, 36.742250822730803 ], [ -2.211599916771656, 36.742187428162936 ], [ -2.211555853581518, 36.742115019612967 ], [ -2.211489666736522, 36.742015420723568 ], [ -2.211434311352873, 36.741951951880772 ], [ -2.211356463500327, 36.741897348528553 ], [ -2.211289896952915, 36.741833805318961 ], [ -2.211223341715125, 36.741770262147021 ], [ -2.211168171225028, 36.741688765251006 ], [ -2.211079769517684, 36.741570989716784 ], [ -2.211046538216023, 36.741534711094765 ], [ -2.210991275808736, 36.741462228083527 ], [ -2.210935828952715, 36.741407772978334 ], [ -2.210891571061256, 36.741353392042868 ], [ -2.210836124353412, 36.741298936892001 ], [ -2.210780677723682, 36.741244481715754 ], [ -2.210725231172068, 36.741190026514118 ], [ -2.210669877004731, 36.741126557321579 ], [ -2.210614430615646, 36.741072102069175 ], [ -2.21052555763946, 36.740999395882866 ], [ -2.210458911417347, 36.740944866256037 ], [ -2.210392265289512, 36.740890336592514 ], [ -2.210325619255955, 36.740835806892299 ], [ -2.210270265670121, 36.740772337517086 ], [ -2.210214993332888, 36.74069985407705 ], [ -2.210137609440737, 36.740600180115578 ], [ -2.209838617773292, 36.740264655821363 ], [ -2.209805387614084, 36.740228376858539 ], [ -2.209761142389721, 36.740173995583923 ], [ -2.209716989641562, 36.740110600328158 ], [ -2.209661637071906, 36.740047130674384 ], [ -2.209617484477013, 36.739983735382197 ], [ -2.209573331954088, 36.739920340073823 ], [ -2.209518153310896, 36.739838842349961 ], [ -2.209484923484047, 36.739802563299065 ], [ -2.209462985983119, 36.739757344675212 ], [ -2.209429756216946, 36.73972106560916 ], [ -2.20923065568063, 36.739476349126633 ], [ -2.209141970798929, 36.739385613995509 ], [ -2.209108741342526, 36.739349334841286 ], [ -2.209075604403719, 36.73930404171314 ], [ -2.20904237501335, 36.739267762540692 ], [ -2.209020345427316, 36.739231557800942 ], [ -2.20896517896041, 36.739150068912622 ], [ -2.208921119947072, 36.739077659400735 ], [ -2.208854569024437, 36.739014114926555 ], [ -2.208776992320063, 36.738932467948722 ], [ -2.208732563505, 36.738896114226968 ], [ -2.208699612036805, 36.738832793066258 ], [ -2.208611032252506, 36.738733043655785 ], [ -2.208555681571283, 36.73866957349572 ], [ -2.208500423532057, 36.738597089345731 ], [ -2.20815701851688, 36.738225207071487 ], [ -2.208112579200344, 36.738188853047838 ], [ -2.208057229316303, 36.738125382659796 ], [ -2.207990957749564, 36.738034795817718 ], [ -2.207946900276124, 36.737962385950276 ], [ -2.207891643309225, 36.737889901521974 ], [ -2.207703092175549, 36.737708354744932 ], [ -2.207658757215827, 36.737662986665157 ], [ -2.207603408078936, 36.737599516069452 ], [ -2.207547966373582, 36.737545059412597 ], [ -2.207492524746328, 36.737490602730333 ], [ -2.207448190034849, 36.737445234573443 ], [ -2.20739264467314, 36.737399791734966 ], [ -2.207348402754191, 36.7373454095775 ], [ -2.207282039992048, 36.737263836310937 ], [ -2.20723779822814, 36.737209454112978 ], [ -2.207182357059655, 36.737154997288712 ], [ -2.207104517052329, 36.737100391205374 ], [ -2.207049168771924, 36.737036920356267 ], [ -2.206993902104724, 36.73696443544339 ], [ -2.206916618807627, 36.736855745456303 ], [ -2.206580067446651, 36.736509370474224 ], [ -2.206528709974146, 36.736456518122075 ], [ -2.206510236924557, 36.736438410861503 ], [ -2.207147924317975, 36.737235899126254 ], [ -2.207334422747763, 36.737615753895156 ], [ -2.20772345441934, 36.738997575257436 ], [ -2.207832672847442, 36.73926873970494 ], [ -2.208208487961832, 36.739758019017764 ], [ -2.208417582459738, 36.740119993177601 ], [ -2.20849136506583, 36.740571212821152 ], [ -2.208509889139094, 36.742040711941449 ], [ -2.208510259460419, 36.74309541959537 ], [ -2.208485925453886, 36.744375327040714 ], [ -2.208356053384931, 36.745023512235953 ], [ -2.208112504794657, 36.745833203021434 ], [ -2.207630292779873, 36.746974843178833 ], [ -2.206706956509854, 36.748528202009553 ], [ -2.206476622256833, 36.749139656534865 ], [ -2.206483553597888, 36.749554372652199 ], [ -2.206603994423047, 36.749825612649758 ], [ -2.206803483821087, 36.750034277551464 ], [ -2.207656102710363, 36.751004516216831 ], [ -2.207998541905001, 36.751475553182381 ], [ -2.208577534513332, 36.754003482173594 ], [ -2.208730473161865, 36.754383110730444 ], [ -2.208846671170272, 36.755068989692248 ], [ -2.208873810861969, 36.756790941061631 ], [ -2.208959356854693, 36.757188150170549 ], [ -2.20935572648149, 36.757866876178056 ], [ -2.210949724248882, 36.759752484548486 ], [ -2.213300565088424, 36.762138878373605 ], [ -2.213839787446065, 36.763097984685551 ], [ -2.214358716472261, 36.764949385430306 ], [ -2.214400213412359, 36.767473731409233 ], [ -2.214343069351645, 36.769781076055502 ], [ -2.214266737734372, 36.770673011064318 ], [ -2.214306220317241, 36.771196114894373 ], [ -2.214436822150555, 36.771575587841966 ], [ -2.21476910716854, 36.771956383009936 ], [ -2.215471250344513, 36.772330611399937 ], [ -2.217189106062888, 36.77309914864643 ], [ -2.220548118176123, 36.774473384818663 ], [ -2.221316722153681, 36.774929145064029 ], [ -2.221828245377699, 36.77532011721587 ], [ -2.222305350126018, 36.775791992965118 ], [ -2.223168184299988, 36.776906418144975 ], [ -2.224491171819087, 36.77906951425576 ], [ -2.225238749747981, 36.780507695728311 ], [ -2.225770485931947, 36.781124145699621 ], [ -2.22594606377871, 36.781494883970353 ], [ -2.225798119479537, 36.781719284337704 ], [ -2.225695814578635, 36.781862850864776 ], [ -2.225580035816382, 36.782231692725738 ], [ -2.225730584350917, 36.782863689527311 ], [ -2.226960277792179, 36.785404759557892 ], [ -2.22961361414314, 36.791290416765172 ], [ -2.231085193342909, 36.79432881559633 ], [ -2.23128163165826, 36.794861941513766 ], [ -2.231904798027523, 36.795316693083123 ], [ -2.232281653093813, 36.795742808199478 ], [ -2.232490739049857, 36.796131781550891 ], [ -2.232653297201671, 36.796691730001534 ], [ -2.232724842861068, 36.797386299675665 ], [ -2.232661517938288, 36.798116066182544 ], [ -2.231968132865118, 36.800202955525947 ], [ -2.230560541931835, 36.804205309213863 ], [ -2.230579623663664, 36.804538969009862 ], [ -2.230985918507834, 36.80538895048042 ], [ -2.230470567205943, 36.80647637056358 ], [ -2.230127149327686, 36.807186292711322 ], [ -2.229672903187646, 36.808887089701123 ], [ -2.229042707552642, 36.810244193343856 ], [ -2.228609667433934, 36.810944514959189 ], [ -2.228401098012371, 36.811619248134711 ], [ -2.228235285483923, 36.812501591443784 ], [ -2.227934307897774, 36.813446158237674 ], [ -2.227590834529619, 36.814156062585525 ], [ -2.227077560824914, 36.815027131870387 ], [ -2.226326474811174, 36.816131028078786 ], [ -2.225259182944316, 36.817458221275743 ], [ -2.224714135569496, 36.8181397687067 ], [ -2.224223304691814, 36.819001956646524 ], [ -2.224119490152432, 36.819289742324678 ], [ -2.224710384093487, 36.820735911507334 ], [ -2.225082333466186, 36.821657811780419 ], [ -2.22422522006996, 36.822148018357588 ], [ -2.223468456909401, 36.822692960853239 ], [ -2.222822162610625, 36.82340088086228 ], [ -2.222333465188741, 36.824046726842354 ], [ -2.222103017442137, 36.824658202719732 ], [ -2.222056982194013, 36.824775089511142 ], [ -2.221766280264097, 36.82580082647484 ], [ -2.221480652712863, 36.827430573320903 ], [ -2.221273800649395, 36.827925013747432 ], [ -2.220624983997683, 36.828876294583971 ], [ -2.220173319052451, 36.83028860193064 ], [ -2.219922238706586, 36.830719648434851 ], [ -2.219411867272706, 36.831284209006746 ], [ -2.218734216873728, 36.831757523708319 ], [ -2.217382163169948, 36.832379642611905 ], [ -2.216896864740357, 36.832682938217665 ], [ -2.216352817552228, 36.833247263469175 ], [ -2.21617211423873, 36.833372274463997 ], [ -2.216138197811661, 36.833399094182845 ], [ -2.212968269077049, 36.84069787425662 ], [ -2.211768649365987, 36.843935120277521 ], [ -2.207161630081836, 36.855623221326773 ], [ -2.206806925595667, 36.856296944185416 ], [ -2.202202122600972, 36.863306369172989 ], [ -2.220823662660922, 36.877843899222341 ], [ -2.225783837035697, 36.884465819504499 ], [ -2.244011467288659, 36.909174469791338 ], [ -2.245354464712334, 36.909588663093224 ], [ -2.249997539891783, 36.911177584840196 ], [ -2.253983328262755, 36.913420247121678 ], [ -2.258741053322042, 36.915965068729818 ], [ -2.259281272708562, 36.916987068463143 ], [ -2.2610498717001, 36.919855648188815 ], [ -2.262927647089205, 36.923058417863601 ], [ -2.263835598645147, 36.924380159590378 ], [ -2.266435285275337, 36.927262828592447 ], [ -2.27294861552182, 36.934252997273887 ], [ -2.277125509468556, 36.940237005858158 ], [ -2.278278660253191, 36.941803514333174 ], [ -2.278634181247193, 36.942211327636009 ], [ -2.279069428942122, 36.942502428730918 ], [ -2.280923829650948, 36.943550335823822 ], [ -2.282542790511779, 36.944560734614534 ], [ -2.283076591351457, 36.94512284586412 ], [ -2.283375158549049, 36.945620444253244 ], [ -2.283642149111504, 36.945892484520186 ], [ -2.28463860910493, 36.94622301547826 ], [ -2.286287284271989, 36.946467316484465 ], [ -2.286533099785949, 36.94660400828586 ], [ -2.288053537556368, 36.948560243070794 ], [ -2.288185787890766, 36.948831474261631 ], [ -2.288151740434519, 36.950075245209042 ], [ -2.288338638239279, 36.950509061331559 ], [ -2.288725766627422, 36.951151396724484 ], [ -2.288798170056805, 36.951818898264591 ], [ -2.288938475485525, 36.952432711443208 ], [ -2.289291589673933, 36.953110907416104 ], [ -2.289968504938166, 36.953998367889206 ], [ -2.290244437244029, 36.954522847198291 ], [ -2.290352725754925, 36.954956190055277 ], [ -2.290391713900193, 36.955596438656833 ], [ -2.290327515207956, 36.956461428101477 ], [ -2.290468258900607, 36.957030179219927 ], [ -2.29076951118323, 36.957248322157405 ], [ -2.29119457744519, 36.957440169578234 ], [ -2.29211401588409, 36.957616926087319 ], [ -2.29256129007987, 36.957835943923953 ], [ -2.293204921605217, 36.958687130111358 ], [ -2.293708032675149, 36.958942524169572 ], [ -2.294235452708534, 36.958999754987268 ], [ -2.294627744598324, 36.959092229015852 ], [ -2.294993002537937, 36.959680336792772 ], [ -2.295227798690493, 36.959798916534318 ], [ -2.29603777413573, 36.959668506783011 ], [ -2.296239301190695, 36.959741824799153 ], [ -2.29625951462351, 36.95998533071748 ], [ -2.296121325890517, 36.960354097936943 ], [ -2.295802659849362, 36.960802923455859 ], [ -2.295310685535137, 36.961773548913627 ], [ -2.295352874348772, 36.962071271092348 ], [ -2.295677704859659, 36.962172364626788 ], [ -2.295981991252568, 36.962065997620208 ], [ -2.296399846305189, 36.961825088384892 ], [ -2.296646464150673, 36.961880635284722 ], [ -2.296768612608505, 36.962034601838845 ], [ -2.296743991941024, 36.962268836768189 ], [ -2.296453877015055, 36.963276719327169 ], [ -2.29650463859382, 36.963862949282451 ], [ -2.296702932212382, 36.964287804841902 ], [ -2.297046427550217, 36.964803653709254 ], [ -2.298304180575773, 36.966073112514245 ], [ -2.298670326356146, 36.966571070905701 ], [ -2.298745568943929, 36.966941101282622 ], [ -2.298724402082148, 36.968022700147358 ], [ -2.298820376983768, 36.968582152919026 ], [ -2.298748345424218, 36.969086527662817 ], [ -2.298836466651326, 36.969276348148881 ], [ -2.299260132686808, 36.969630415618184 ], [ -2.29942682029513, 36.969829713619148 ], [ -2.299662306017381, 36.971102126320126 ], [ -2.299634139427604, 36.971723954860678 ], [ -2.299496263969714, 36.97205666997786 ], [ -2.299336921919697, 36.972281086824005 ], [ -2.299535004698088, 36.97273296982064 ], [ -2.299499732720533, 36.972904033091822 ], [ -2.299249429842686, 36.973245098729372 ], [ -2.299500368575377, 36.975283816059921 ], [ -2.299854992987097, 36.977043710194536 ], [ -2.300465246913699, 36.98156348575916 ], [ -2.300893868929198, 36.983837624457543 ], [ -2.301007060214156, 36.984974088563924 ], [ -2.300998554355979, 36.985902516774651 ], [ -2.30055935965168, 36.988459989272357 ], [ -2.299806069645857, 36.992178445491291 ], [ -2.299562642058592, 36.992988301147122 ], [ -2.303543534779861, 36.997618061501505 ], [ -2.303914299844831, 36.997629250654896 ], [ -2.304317804191755, 36.99774881053424 ], [ -2.304708993907426, 36.997985473120849 ], [ -2.304900037298782, 36.997986601066977 ], [ -2.306124401174965, 36.99805687356163 ], [ -2.306730356927599, 36.998159580084206 ], [ -2.307590606428844, 36.998723493899895 ], [ -2.309122716350817, 36.999561750505428 ], [ -2.310007523326037, 36.999900433564356 ], [ -2.310669597489679, 37.000012451480821 ], [ -2.311720375442011, 36.999396575203434 ], [ -2.312375117163796, 36.999075866095666 ], [ -2.31303979403999, 36.998899429839646 ], [ -2.313613661483852, 36.998821630528099 ], [ -2.31402066980733, 36.998553555911634 ], [ -2.314111140204681, 36.998490978970281 ], [ -2.314871696037549, 36.997648031648943 ], [ -2.315517202984816, 36.997101895311445 ], [ -2.316149503422344, 36.996772012417431 ], [ -2.31736569536434, 36.996499580080403 ], [ -2.318412176915465, 36.996352360449443 ], [ -2.319043505585538, 36.996130627534221 ], [ -2.319946940496024, 36.995640031746085 ], [ -2.32041089941545, 36.995282118565463 ], [ -2.320647608279101, 36.995202354229129 ], [ -2.320872288951147, 36.995212654193075 ], [ -2.323052183839148, 36.996514172592526 ], [ -2.324338884198575, 36.995890514568998 ], [ -2.324924115344312, 36.995794687523862 ], [ -2.325484970391302, 36.995915070374856 ], [ -2.326044384151035, 36.996197699113225 ], [ -2.326667890193554, 36.996859287792589 ], [ -2.327182613727852, 36.997114605851031 ], [ -2.3277890568638, 36.99716312215574 ], [ -2.32840801827521, 36.997067468992974 ], [ -2.329118780667093, 36.996755998206659 ], [ -2.330000633242824, 36.996157023522038 ], [ -2.331072179417591, 36.995712362858065 ], [ -2.332457418205432, 36.995377628191051 ], [ -2.33375108261231, 36.99523166293865 ], [ -2.334663923906593, 36.994939321290659 ], [ -2.335147774186452, 36.99486992724691 ], [ -2.335904301050439, 36.994459505846784 ], [ -2.337129502502745, 36.99443030611527 ], [ -2.338198952986334, 36.99421994004426 ], [ -2.33887374166711, 36.994160609438964 ], [ -2.33913299234565, 36.994071910383518 ], [ -2.339609259261795, 36.993578776062236 ], [ -2.340345143591235, 36.992951877705302 ], [ -2.341600612495577, 36.993319427973674 ], [ -2.342173257721505, 36.993376688508903 ], [ -2.343457493523165, 36.993014231337241 ], [ -2.344398103359567, 36.993407052994201 ], [ -2.346348385466352, 36.994003754535754 ], [ -2.347391545841509, 36.99423486023268 ], [ -2.347863758646717, 36.994210421669848 ], [ -2.349270748523409, 36.993947723963799 ], [ -2.35057744737557, 36.993585303811514 ], [ -2.351928088750661, 36.993340294749125 ], [ -2.353367311041023, 36.993248995612852 ], [ -2.353672700486392, 36.993016287544968 ], [ -2.354195504324743, 36.992325033361823 ], [ -2.354263384357393, 36.992271316951587 ], [ -2.355950138974789, 36.990811152496732 ], [ -2.356915620020815, 36.989590443960033 ], [ -2.357482775395897, 36.988962514963625 ], [ -2.357542597500197, 36.988530152874368 ], [ -2.357424086462077, 36.987925554016073 ], [ -2.356285982475342, 36.98430462068012 ], [ -2.35541592013425, 36.982217579186418 ], [ -2.354835131308903, 36.980474655607765 ], [ -2.354883965296453, 36.980015182650135 ], [ -2.355775313642225, 36.978244205325538 ], [ -2.356835456933296, 36.976438077933999 ], [ -2.356973698787496, 36.97603317391544 ], [ -2.357030327435038, 36.974645277055807 ], [ -2.357650942026862, 36.97032173898824 ], [ -2.357905519294352, 36.969439712918863 ], [ -2.357909770455686, 36.968934934072941 ], [ -2.357605388224982, 36.967725359753253 ], [ -2.35753114731054, 36.967202118426648 ], [ -2.358241804381696, 36.965520283311648 ], [ -2.359532634588088, 36.962967175385018 ], [ -2.361196330010809, 36.960145637515737 ], [ -2.362191402191239, 36.958014580032483 ], [ -2.362859269333093, 36.956053030509537 ], [ -2.36377516992986, 36.953975628147006 ], [ -2.368000092064933, 36.945632851841161 ], [ -2.368481757082941, 36.944427480899634 ], [ -2.371189644711894, 36.940178054666212 ], [ -2.374432016197421, 36.936445207247317 ], [ -2.375563319384899, 36.935423521530822 ], [ -2.376060484944942, 36.93504753044423 ], [ -2.376928339789873, 36.93465546268817 ], [ -2.377379699171348, 36.934387398241931 ], [ -2.377550266289427, 36.934126875221203 ], [ -2.377621742596938, 36.933622444440246 ], [ -2.377593712056361, 36.932928181122783 ], [ -2.377663354695354, 36.932649100181187 ], [ -2.377553855890318, 36.932305979830701 ], [ -2.377707090557449, 36.931414358730102 ], [ -2.377913898305778, 36.930838512382117 ], [ -2.377928276208915, 36.930450969079885 ], [ -2.378258001967777, 36.929947889830402 ], [ -2.378316861777827, 36.929614665575563 ], [ -2.37950942188839, 36.927944224966581 ], [ -2.380078556491534, 36.926991671143782 ], [ -2.379127939371288, 36.926526962998629 ], [ -2.378480683361923, 36.926036791782067 ], [ -2.376446086487449, 36.924944383237658 ], [ -2.373462173536139, 36.923242953957619 ], [ -2.370879373096597, 36.921931202872592 ], [ -2.369047453476071, 36.916711127872908 ], [ -2.368805977360054, 36.916042770207987 ], [ -2.367849714319296, 36.913567720359325 ], [ -2.367412909977596, 36.91208702329417 ], [ -2.367511059968054, 36.911077922981782 ], [ -2.368019865111528, 36.90927774834536 ], [ -2.368310905960066, 36.908017269161654 ], [ -2.368498777332142, 36.905656481575832 ], [ -2.36902342809906, 36.901927280319391 ], [ -2.370639678619825, 36.89238051787418 ], [ -2.388764058371431, 36.879854983052546 ], [ -2.414691651591152, 36.868744608266482 ], [ -2.420949211330907, 36.866170105560734 ], [ -2.425695529414293, 36.866094020139109 ], [ -2.427242306724474, 36.866290797759341 ], [ -2.427376125090239, 36.866399616624534 ], [ -2.427518784627619, 36.868329416784483 ], [ -2.427659242302811, 36.869051253442038 ], [ -2.428535828628304, 36.868857161490311 ], [ -2.428617719389256, 36.868406830070626 ], [ -2.42863250747214, 36.867929132475538 ], [ -2.429416365714402, 36.868131226306737 ], [ -2.430076483271518, 36.868377785177415 ], [ -2.430625762656493, 36.868443528388703 ], [ -2.431052690903155, 36.868364442343655 ], [ -2.431057570386353, 36.8677064068494 ], [ -2.430880751834591, 36.867344980071572 ], [ -2.43052509026205, 36.866892542161011 ], [ -2.430480616123844, 36.866838242020684 ], [ -2.430458780533912, 36.866757006829374 ], [ -2.430392537953991, 36.866612457273696 ], [ -2.430482623315108, 36.866567816441304 ], [ -2.431428624654421, 36.866085571289666 ], [ -2.432149973201822, 36.86563829443881 ], [ -2.434737937034706, 36.864613980013218 ], [ -2.43581923884878, 36.864033183312202 ], [ -2.436437976892516, 36.863801741336239 ], [ -2.438494538598953, 36.863324708987136 ], [ -2.439671218961823, 36.863501546830385 ], [ -2.440813275494547, 36.863813427882327 ], [ -2.443943080927732, 36.865396673243602 ], [ -2.445138789059917, 36.866051315333159 ], [ -2.445519186001771, 36.866197331812238 ], [ -2.445900495785957, 36.86621713912141 ], [ -2.447258764288351, 36.866115298458389 ], [ -2.447931904305336, 36.866118436055238 ], [ -2.447512232385873, 36.868307012690934 ], [ -2.447508975656565, 36.868757723113994 ], [ -2.44764250277688, 36.868911599451238 ], [ -2.449185643300825, 36.869630916515234 ], [ -2.450073950221286, 36.870924113980436 ], [ -2.450493964546587, 36.871809487514582 ], [ -2.450712666591614, 36.872603784145696 ], [ -2.45079771375709, 36.873262236127061 ], [ -2.45262836983572, 36.874586817531217 ], [ -2.45598910595643, 36.875350488833291 ], [ -2.457031498068484, 36.875508511453759 ], [ -2.458949020293634, 36.875679526830226 ], [ -2.459710535861422, 36.875890333945115 ], [ -2.460751105580871, 36.876309736346471 ], [ -2.461064768134752, 36.876383275222622 ], [ -2.46144715697172, 36.876258814633076 ], [ -2.461583192894233, 36.876061111897471 ], [ -2.461541095985004, 36.875664282899777 ], [ -2.461632387515713, 36.875448348332441 ], [ -2.461857676992207, 36.875323165595717 ], [ -2.462675108925769, 36.875561250448001 ], [ -2.463592267583237, 36.87598006999162 ], [ -2.463995619784081, 36.876063020436341 ], [ -2.464232579517097, 36.87587478428695 ], [ -2.46452789346792, 36.875362288312033 ], [ -2.464720272335732, 36.875128777737615 ], [ -2.465023405318933, 36.875103108168659 ], [ -2.465504427605041, 36.875312606222856 ], [ -2.465930481068936, 36.875359603180186 ], [ -2.466470492765075, 36.875154694995558 ], [ -2.466843150491971, 36.874813816028841 ], [ -2.467293457735138, 36.874599496104139 ], [ -2.467708726240311, 36.874583327750074 ], [ -2.467977258170521, 36.874692704299115 ], [ -2.467997385233178, 36.875026331281212 ], [ -2.467816037885838, 36.875286940129705 ], [ -2.467690488896205, 36.875592871170142 ], [ -2.467711177819436, 36.875845379100078 ], [ -2.468102137223535, 36.876099535778195 ], [ -2.468584235970599, 36.876155779555688 ], [ -2.470335042051847, 36.876100512012243 ], [ -2.480965802943558, 36.877048957742616 ], [ -2.483217899743446, 36.877536568526644 ], [ -2.488246535128599, 36.878964638370064 ], [ -2.488940600929085, 36.879211026018439 ], [ -2.500027120974143, 36.879204188679019 ], [ -2.503319845970984, 36.883635153173948 ], [ -2.504554225119591, 36.885371109999951 ], [ -2.504911167102914, 36.885706134489858 ], [ -2.507078388633901, 36.887238622981869 ], [ -2.509995501699651, 36.889098688690702 ], [ -2.518481564792521, 36.894163563112798 ], [ -2.519365178387439, 36.894644918188959 ], [ -2.520933710447554, 36.895083966660728 ], [ -2.530106211764591, 36.883636150781591 ], [ -2.533167916278833, 36.882097737885239 ] ] ], [ [ [ -3.035604704905287, 35.937761983685249 ], [ -3.035385609764288, 35.937711504562628 ], [ -3.035285622019303, 35.93766811275804 ], [ -3.035177550544023, 35.937645974039512 ], [ -3.035091772548366, 35.937694920164837 ], [ -3.034989894971687, 35.937715010586359 ], [ -3.034952255150957, 35.937764032731053 ], [ -3.034917489172756, 35.937843807730914 ], [ -3.034895310884067, 35.937857834117871 ], [ -3.034811496819624, 35.937886033568802 ], [ -3.034729835745967, 35.937893991334718 ], [ -3.034637938242898, 35.937944985544569 ], [ -3.034623830420641, 35.937983118435412 ], [ -3.034631918494756, 35.938021984238034 ], [ -3.034687617683048, 35.9380717366803 ], [ -3.034700104253721, 35.938103803114856 ], [ -3.034673423625712, 35.938166264911516 ], [ -3.034682229446077, 35.938198413554879 ], [ -3.034560678322657, 35.938283587045731 ], [ -3.034461423940256, 35.938321212452905 ], [ -3.03392180194512, 35.938329174040099 ], [ -3.0339224340378, 35.938381412777197 ], [ -3.034464838940647, 35.938372936474082 ], [ -3.034593025979232, 35.938351964365808 ], [ -3.034874645783769, 35.938388929774426 ], [ -3.034907438168656, 35.938409026004415 ], [ -3.034933481714356, 35.938435904248919 ], [ -3.034962499577894, 35.938444524147783 ], [ -3.034827027522883, 35.938539132732437 ], [ -3.034114935343768, 35.938850264232279 ], [ -3.033485760320971, 35.938855598561851 ], [ -3.033449015816167, 35.938822718307428 ], [ -3.033444251969239, 35.938699407311155 ], [ -3.03330753006603, 35.938700725601628 ], [ -3.033306182733517, 35.938158303190868 ], [ -3.03314377430006, 35.938160791487491 ], [ -3.033155265037538, 35.938703427483851 ], [ -3.033312919171929, 35.93894070393258 ], [ -3.034347604942492, 35.938930620922804 ], [ -3.034358293263099, 35.939034500626057 ], [ -3.034339518923027, 35.939152706222444 ], [ -3.033952520248893, 35.93925519338498 ], [ -3.033911734540323, 35.93928799623373 ], [ -3.033853883253537, 35.939418177060631 ], [ -3.033777619467806, 35.939529510510539 ], [ -3.033663530529883, 35.939649527948689 ], [ -3.033621941649996, 35.9398547355323 ], [ -3.033562199002125, 35.939919018542696 ], [ -3.033408767332351, 35.940000322858282 ], [ -3.033190845409243, 35.940062566897524 ], [ -3.033006413787299, 35.94017046754827 ], [ -3.032832143474959, 35.940239497013778 ], [ -3.032576486432286, 35.940289903182254 ], [ -3.032485398335329, 35.940324089618599 ], [ -3.032416398575646, 35.940365726282593 ], [ -3.032347858466812, 35.940420012277755 ], [ -3.032400860141517, 35.940460912743177 ], [ -3.032384689293148, 35.940527906234756 ], [ -3.032337082871329, 35.940613012390521 ], [ -3.032272941652427, 35.940661364605859 ], [ -3.032280305487256, 35.940693585928102 ], [ -3.032325946586181, 35.940737193213742 ], [ -3.032329719003177, 35.94077130886658 ], [ -3.032313818543815, 35.940794691721287 ], [ -3.032169642436033, 35.940877966461208 ], [ -3.032133434192211, 35.940910911726988 ], [ -3.031835639629389, 35.941062271086011 ], [ -3.03162300861232, 35.941140802836252 ], [ -3.031200534229775, 35.941256805468726 ], [ -3.031058425912937, 35.941444474965657 ], [ -3.031026891482599, 35.941494882739121 ], [ -3.03103497349496, 35.941521829569133 ], [ -3.031366271968912, 35.941582827072949 ], [ -3.031568217708308, 35.941591303300342 ], [ -3.031649244814739, 35.941568002570179 ], [ -3.031820820394961, 35.941543090994465 ], [ -3.031913254166886, 35.941514972500627 ], [ -3.03219991388443, 35.941515599197984 ], [ -3.03224257745585, 35.941515695938442 ], [ -3.032312377776429, 35.941504226809236 ], [ -3.032353339544228, 35.94149093516112 ], [ -3.032430961728749, 35.94143848598943 ], [ -3.032522949113717, 35.941431176148086 ], [ -3.03256058162865, 35.941383480152972 ], [ -3.032633613233735, 35.941357394972272 ], [ -3.032659762677576, 35.941317807479628 ], [ -3.03261161176914, 35.941184491486261 ], [ -3.032599393977471, 35.941077104843011 ], [ -3.032662988761718, 35.940886001760148 ], [ -3.032716713315214, 35.940850427896237 ], [ -3.032980996466386, 35.940796728211701 ], [ -3.033017199177926, 35.940778109167582 ], [ -3.033037415043495, 35.940761306736107 ], [ -3.033092204804246, 35.940648582215452 ], [ -3.03311844008092, 35.940629812615221 ], [ -3.033300077577828, 35.940651436908446 ], [ -3.033476417322016, 35.940572100865189 ], [ -3.03363137956239, 35.940542007110935 ], [ -3.033717791860106, 35.940541414859766 ], [ -3.0338599924372, 35.940510594095485 ], [ -3.033924499872901, 35.940465594892089 ], [ -3.033998070653465, 35.940458866148909 ], [ -3.034057173260047, 35.940427311310344 ], [ -3.034469500477154, 35.940376325158113 ], [ -3.034598410038694, 35.940352215263125 ], [ -3.03470216621761, 35.94030999027634 ], [ -3.034829730068634, 35.940302028237902 ], [ -3.034928275864892, 35.940236209606958 ], [ -3.03509113881601, 35.94017396950747 ], [ -3.035180336216404, 35.940154396638249 ], [ -3.035251485654223, 35.940163671296169 ], [ -3.03528633795721, 35.940126920718519 ], [ -3.035324515028972, 35.940112168274844 ], [ -3.035620878005812, 35.940079370526924 ], [ -3.035673161961165, 35.940024871107738 ], [ -3.035720856647582, 35.939996817058848 ], [ -3.035885694677118, 35.939940570954079 ], [ -3.036065625584257, 35.939916976164589 ], [ -3.036077482305014, 35.939903024796898 ], [ -3.036073353499311, 35.939868828220121 ], [ -3.036090964546123, 35.939855316907298 ], [ -3.036161295093008, 35.939843998650545 ], [ -3.036202447490153, 35.939814404638305 ], [ -3.036368542585897, 35.939744786710925 ], [ -3.036494488112431, 35.939739969989226 ], [ -3.036664980038776, 35.939805131012001 ], [ -3.036667684787532, 35.939756110007281 ], [ -3.036618000391588, 35.939699865118982 ], [ -3.036665702451591, 35.939640912740856 ], [ -3.036719960222667, 35.939613298074228 ], [ -3.036791555557424, 35.9396045305987 ], [ -3.036839887587274, 35.939565593554271 ], [ -3.036937803287862, 35.939556971183663 ], [ -3.036999605517057, 35.939517380774483 ], [ -3.03699422244949, 35.939457110241314 ], [ -3.036813202196195, 35.939256586162053 ], [ -3.036812491773127, 35.93920690802635 ], [ -3.036842038801193, 35.939184115440789 ], [ -3.036909772684203, 35.939169281287604 ], [ -3.037210711563947, 35.939162705850087 ], [ -3.037237039415747, 35.939155331585276 ], [ -3.037227600563701, 35.93909966951108 ], [ -3.037211427739739, 35.939082210465081 ], [ -3.037039765980873, 35.939002435577734 ], [ -3.036993502731893, 35.93895947941845 ], [ -3.036974003182585, 35.938916596144864 ], [ -3.036935203844951, 35.938711971125578 ], [ -3.036741974250862, 35.938669087044602 ], [ -3.036682329107917, 35.93855308693351 ], [ -3.036650166645897, 35.938529709159489 ], [ -3.03660929391113, 35.938466735602184 ], [ -3.036559704554826, 35.938446500697609 ], [ -3.036501944347317, 35.9384023036326 ], [ -3.036471223536227, 35.938331221522724 ], [ -3.0363405195722, 35.938205207954155 ], [ -3.036328300809859, 35.938178397959312 ], [ -3.036333685055133, 35.93812141497736 ], [ -3.036357133796606, 35.93807370402682 ], [ -3.036370614910522, 35.938072978660117 ], [ -3.03636791617889, 35.93808700843114 ], [ -3.036388126357076, 35.938085027794536 ], [ -3.036705233668823, 35.938119877411324 ], [ -3.036714573019515, 35.938105268575647 ], [ -3.036714570246753, 35.938099272911984 ], [ -3.036514733316019, 35.938077740456393 ], [ -3.036362525667459, 35.938057635815916 ], [ -3.036374556424042, 35.937964496509039 ], [ -3.036369883967351, 35.937953678680266 ], [ -3.036244574842412, 35.937913505054631 ], [ -3.036146024969233, 35.937815539460757 ], [ -3.036042724411485, 35.937777982661309 ], [ -3.035873122479518, 35.937757900652493 ], [ -3.035735925858547, 35.937759988213564 ], [ -3.035604704905287, 35.937761983685249 ] ] ], [ [ [ -3.029963167945404, 35.942151664315489 ], [ -3.030173864051584, 35.942250796893198 ], [ -3.030273625665018, 35.942187659558897 ], [ -3.030362258455286, 35.942016332583954 ], [ -3.030270729491937, 35.941977875279285 ], [ -3.029985305049831, 35.942052482446627 ], [ -3.029963167945404, 35.942151664315489 ] ] ] ] } }
]
}
